source_row,submission_id,submission_uuid,education,edu_masters_raw,religion_raw,form_version,qc_unknown_codes,qc_required_missing,qc_skip_conflicts,qc_applicable_missing,ward_raw,local_government_raw,qc_age,qc_eligibility,qc_ward,qc_location_numeric,qc_gps,qc_education_routing,qc_duplicate_id,qc_duplicate_uuid,ms_screener,ms_gender_other,ms_edu_school,ms_edu_plus2,ms_edu_bachelors,ms_edu_masters,ms_religion,ms_family_returned,ms_abroad_purpose,ms_nepal_plan,ms_q2_4,ms_q2_4_1,ms_q2_4_1_other,ms_q2_5,ms_q2_5_1,ms_q2_5_1_other,ms_q2_6,ms_q2_6_1,ms_q2_6_1_other,ms_q2_7_1,qc_review
2,843605455,df2b2086-4b87-476a-bed6-a80c0bf1b6eb,Bachelors 2nd year,,1,vpbFT9pkYfFQQ9Vck8AQdu,0,0,0,0,2,Mahalaxmi nagar palika ,No,No,No,No,No,No,0,0,Answered,Missing: outside form routing,Answered,Answered,Missing: outside form routing,Missing: outside form routing,Answered,Answered,Answered,Missing: outside form routing,Missing: outside form routing,Missing: outside form routing,Missing: outside form routing,Missing: outside form routing,Missing: outside form routing,Missing: outside form routing,Missing: outside form routing,Missing: outside form routing,Missing: outside form routing,Missing: outside form routing,No
3,843824313,97233793-ad38-438d-ab54-7fbc340f4ad7,Masters 2nd year,,1,vpbFT9pkYfFQQ9Vck8AQdu,0,0,1,0,8,Chandragiri,No,No,No,No,No,Yes,0,0,Answered,Missing: outside form routing,Answered,Answered,Answered,Missing: outside form routing,Answered,Answered,Answered,Missing: outside form routing,Answered,Answered,Answered,Answered outside form routing,Answered,Answered,Answered,Answered,Answered,Missing: outside form routing,Yes
4,843824334,80e5b217-4fd5-46c6-961c-2f464549e2be,Masters 2nd year,,1,vpbFT9pkYfFQQ9Vck8AQdu,0,0,0,0,8,Chandragiri,No,No,No,No,No,Yes,0,0,Answered,Missing: outside form routing,Answered,Answered,Answered,Missing: outside form routing,Answered,Answered,Missing: outside form routing,Answered,Answered,Missing: outside form routing,Missing: outside form routing,Answered,Missing: outside form routing,Missing: outside form routing,Answered,Missing: outside form routing,Missing: outside form routing,Missing: outside form routing,Yes
5,843980253,f36308cf-9504-439e-98ae-5210c2687226,Bachelors 3rd year,,1,vpbFT9pkYfFQQ9Vck8AQdu,0,0,0,0,8,Mahalaxmi municipality,No,No,No,No,No,No,0,0,Answered,Missing: outside form routing,Answered,Answered,Missing: outside form routing,Missing: outside form routing,Answered,Missing: outside form routing,Missing: outside form routing,Answered,Missing: outside form routing,Missing: outside form routing,Missing: outside form routing,Missing: outside form routing,Missing: outside form routing,Missing: outside form routing,Missing: outside form routing,Missing: outside form routing,Missing: outside form routing,Answered,No
6,843980262,88c77ef5-fdb0-4f77-a4ba-bee6a1666874,Bachelors 3rd year,,1,vpbFT9pkYfFQQ9Vck8AQdu,0,0,1,0,8,Mahalaxmi municipality,No,No,No,No,No,No,0,0,Answered,Missing: outside form routing,Answered,Answered,Missing: outside form routing,Missing: outside form routing,Answered,Missing: outside form routing,Missing: outside form routing,Answered,Answered,Answered,Answered,Answered outside form routing,Answered,Answered,Answered,Missing: outside form routing,Missing: outside form routing,Missing: outside form routing,Yes
7,844023026,de385d9b-8a9d-4193-a99c-24c141c74173,Bachelors 2nd year,,1,vpbFT9pkYfFQQ9Vck8AQdu,0,0,0,0,8,Chandraguri municipality ,No,No,No,No,No,No,0,0,Answered,Missing: outside form routing,Answered,Answered,Missing: outside form routing,Missing: outside form routing,Answered,Missing: outside form routing,Missing: outside form routing,Answered,Missing: outside form routing,Missing: outside form routing,Missing: outside form routing,Missing: outside form routing,Missing: outside form routing,Missing: outside form routing,Missing: outside form routing,Missing: outside form routing,Missing: outside form routing,Missing: outside form routing,No
8,844023058,c51f6c85-c2cb-45cc-b40b-bb3b6493b41a,Bachelors 1st year,,1,vpbFT9pkYfFQQ9Vck8AQdu,0,0,0,0,8,Chandraguri municipality ,No,No,No,No,No,No,0,0,Answered,Missing: outside form routing,Answered,Answered,Missing: outside form routing,Missing: outside form routing,Answered,Answered,Answered,Missing: outside form routing,Missing: outside form routing,Missing: outside form routing,Missing: outside form routing,Missing: outside form routing,Missing: outside form routing,Missing: outside form routing,Missing: outside form routing,Missing: outside form routing,Missing: outside form routing,Missing: outside form routing,No
9,844062356,c349c357-0053-4114-a29e-d4ece6e0b156,Bachelors 1st year,,1,vpbFT9pkYfFQQ9Vck8AQdu,0,0,0,0,31,Kathmandu,No,No,No,No,No,No,0,0,Answered,Missing: outside form routing,Answered,Answered,Missing: outside form routing,Missing: outside form routing,Answered,Missing: outside form routing,Missing: outside form routing,Answered,Missing: outside form routing,Missing: outside form routing,Missing: outside form routing,Missing: outside form routing,Missing: outside form routing,Missing: outside form routing,Missing: outside form routing,Missing: outside form routing,Missing: outside form routing,Missing: outside form routing,No
10,844062375,6e5d1577-5578-4db6-b8f2-ea3ac5dc28fc,Masters 1st year,2,1,vpbFT9pkYfFQQ9Vck8AQdu,0,0,0,0,31,Kathmandu,No,No,No,No,No,No,0,0,Answered,Missing: outside form routing,Answered,Answered,Answered,Answered,Answered,Missing: outside form routing,Missing: outside form routing,Answered,Answered,Missing: outside form routing,Missing: outside form routing,Answered,Missing: outside form routing,Missing: outside form routing,Answered,Missing: outside form routing,Missing: outside form routing,Missing: outside form routing,No
11,844077458,a3f5272f-4950-4cad-8882-be30d5b61ef3,Bachelors 4th year,,1,vpbFT9pkYfFQQ9Vck8AQdu,0,0,1,0,5,Kirtipur nagarpalika,No,No,No,No,No,No,0,0,Answered,Missing: outside form routing,Answered,Answered,Missing: outside form routing,Missing: outside form routing,Answered,Missing: outside form routing,Answered,Missing: outside form routing,Answered,Answered,Answered,Answered outside form routing,Answered,Answered,Answered,Answered,Answered,Missing: outside form routing,Yes
12,844077470,69b5b382-844c-4a1a-bd94-f25f30561659,Bachelors 3rd year,,1,vpbFT9pkYfFQQ9Vck8AQdu,0,0,1,0,9,kirtipur,No,No,No,No,No,No,0,0,Answered,Missing: outside form routing,Answered,Answered,Missing: outside form routing,Missing: outside form routing,Answered,Missing: outside form routing,Missing: outside form routing,Answered,Answered,Answered,Answered,Answered outside form routing,Answered,Answered,Answered,Answered,Answered,Missing: outside form routing,Yes
13,844077481,4400667b-3dce-4abf-b8d3-ba85f4a53b00,Masters 1st year,2,1,vpbFT9pkYfFQQ9Vck8AQdu,0,0,0,0,9,Kirtipur,No,No,No,No,No,No,0,0,Answered,Missing: outside form routing,Answered,Answered,Answered,Answered,Answered,Missing: outside form routing,Missing: outside form routing,Missing: outside form routing,Answered,Missing: outside form routing,Missing: outside form routing,Answered,Missing: outside form routing,Missing: outside form routing,Answered,Missing: outside form routing,Missing: outside form routing,Missing: outside form routing,No
14,844108030,b92f12e3-d078-4145-bd21-55f23e5d7961,Bachelors 2nd year,,1,vpbFT9pkYfFQQ9Vck8AQdu,0,0,1,0,६,तारकेश्वर नगरपालिका,No,No,No,No,No,No,0,0,Answered,Missing: outside form routing,Answered,Answered,Missing: outside form routing,Missing: outside form routing,Answered,Answered,Missing: outside form routing,Answered,Answered,Answered,Answered,Answered outside form routing,Answered,Answered,Answered,Answered,Answered,Missing: outside form routing,Yes
15,844108047,20553944-6765-49ab-a8d3-befc7957a33c,Bachelors 4th year,,1,vpbFT9pkYfFQQ9Vck8AQdu,0,0,1,0,२४,काठमाडौं महानगरपालिका,No,No,No,No,No,No,0,0,Answered,Missing: outside form routing,Answered,Answered,Missing: outside form routing,Missing: outside form routing,Answered,Missing: outside form routing,Answered,Missing: outside form routing,Answered,Answered,Answered,Answered outside form routing,Missing: outside form routing,Missing: outside form routing,Answered,Missing: outside form routing,Missing: outside form routing,Missing: outside form routing,Yes
16,844137526,5375d710-2110-4bda-9b81-2ccf3bb348a1,Masters 2nd year,,1,vpbFT9pkYfFQQ9Vck8AQdu,0,0,0,0,2,Mahalaxmi,No,No,No,No,No,Yes,0,0,Answered,Missing: outside form routing,Answered,Answered,Answered,Missing: outside form routing,Answered,Missing: outside form routing,Missing: outside form routing,Answered,Answered,Missing: outside form routing,Missing: outside form routing,Answered,Missing: outside form routing,Missing: outside form routing,Answered,Missing: outside form routing,Missing: outside form routing,Missing: outside form routing,Yes
17,844194813,4b4360ad-2f9e-4d12-97fc-a514427385ba,Bachelors 3rd year,,1,vpbFT9pkYfFQQ9Vck8AQdu,0,0,0,0,7,Tarkeshwor,No,No,No,No,No,No,0,0,Answered,Missing: outside form routing,Answered,Answered,Missing: outside form routing,Missing: outside form routing,Answered,Answered,Answered,Missing: outside form routing,Answered,Missing: outside form routing,Missing: outside form routing,Answered,Missing: outside form routing,Missing: outside form routing,Answered,Missing: outside form routing,Missing: outside form routing,Missing: outside form routing,No
18,844194829,6e12c979-fcc5-4d30-8648-1da06234222d,Masters 1st year,2,,vpbFT9pkYfFQQ9Vck8AQdu,0,0,0,0,7,Tarkeshwor,No,No,No,No,No,No,0,0,Answered,Missing: outside form routing,Answered,Answered,Answered,Answered,Missing: outside form routing,Missing: outside form routing,Answered,Missing: outside form routing,Answered,Missing: outside form routing,Missing: outside form routing,Answered,Answered,Missing: outside form routing,Answered,Missing: outside form routing,Missing: outside form routing,Missing: outside form routing,No
19,844224790,0c482568-8e82-4253-ba21-552ebde99c22,Bachelors 3rd year,,1,vpbFT9pkYfFQQ9Vck8AQdu,0,0,0,0,8,Mahalaxmi,No,No,No,No,No,No,0,0,Answered,Missing: outside form routing,Answered,Answered,Missing: outside form routing,Missing: outside form routing,Answered,Answered,Missing: outside form routing,Answered,Missing: outside form routing,Missing: outside form routing,Missing: outside form routing,Missing: outside form routing,Missing: outside form routing,Missing: outside form routing,Missing: outside form routing,Missing: outside form routing,Missing: outside form routing,Missing: outside form routing,No
20,844224812,5cf5a651-8ad4-4403-853d-4aa8f00bdcbf,Bachelors 3rd year,,1,vpbFT9pkYfFQQ9Vck8AQdu,0,0,0,0,8,Mahalaxmi,No,No,No,No,No,No,0,0,Answered,Missing: outside form routing,Answered,Answered,Missing: outside form routing,Missing: outside form routing,Answered,Answered,Missing: outside form routing,Answered,Missing: outside form routing,Missing: outside form routing,Missing: outside form routing,Missing: outside form routing,Missing: outside form routing,Missing: outside form routing,Missing: outside form routing,Missing: outside form routing,Missing: outside form routing,Missing: outside form routing,No
21,844232761,a1fb0957-63a9-4af6-a860-78cee87458fb,Bachelors 1st year,,1,vpbFT9pkYfFQQ9Vck8AQdu,0,0,0,0,8,Banepa,No,No,No,No,No,No,0,0,Answered,Missing: outside form routing,Answered,Answered,Missing: outside form routing,Missing: outside form routing,Answered,Missing: outside form routing,Answered,Missing: outside form routing,Missing: outside form routing,Missing: outside form routing,Missing: outside form routing,Missing: outside form routing,Missing: outside form routing,Missing: outside form routing,Missing: outside form routing,Missing: outside form routing,Missing: outside form routing,Missing: outside form routing,No
22,844232770,9be818fc-325e-4b14-a2a5-ac8125e39ff6,Bachelors 3rd year,,1,vpbFT9pkYfFQQ9Vck8AQdu,0,0,0,0,8,Banepa,No,No,No,No,No,No,0,0,Answered,Missing: outside form routing,Answered,Answered,Missing: outside form routing,Missing: outside form routing,Answered,Missing: outside form routing,Missing: outside form routing,Answered,Missing: outside form routing,Missing: outside form routing,Missing: outside form routing,Missing: outside form routing,Missing: outside form routing,Missing: outside form routing,Missing: outside form routing,Missing: outside form routing,Missing: outside form routing,Missing: outside form routing,No
23,844261262,0755def5-b16d-4ee5-b6a5-a425f7635db5,Bachelors 4th year,,41,vpbFT9pkYfFQQ9Vck8AQdu,0,0,1,0,९,Tokha,No,No,No,No,No,No,0,0,Answered,Missing: outside form routing,Answered,Answered,Missing: outside form routing,Missing: outside form routing,Answered,Answered,Answered,Missing: outside form routing,Answered,Answered,Answered,Answered outside form routing,Answered,Answered,Answered,Answered,Answered,Missing: outside form routing,Yes
24,844261278,8eee327a-14c3-4c15-ab40-76d5b2ab8d52,Bachelors 3rd year,,1,vpbFT9pkYfFQQ9Vck8AQdu,0,0,1,0,९,Tokha,No,No,No,No,No,No,0,0,Answered,Missing: outside form routing,Answered,Answered,Missing: outside form routing,Missing: outside form routing,Answered,Missing: outside form routing,Missing: outside form routing,Answered,Answered,Answered,Missing: outside form routing,Answered outside form routing,Answered,Missing: outside form routing,Answered,Answered,Missing: outside form routing,Missing: outside form routing,Yes
25,844851546,c9369032-42a8-44a4-bf75-0752b37848fb,Bachelors 3rd year,,1,vpbFT9pkYfFQQ9Vck8AQdu,0,0,0,0,2,Mahalaxmi ,No,No,No,No,No,No,0,0,Answered,Missing: outside form routing,Answered,Answered,Missing: outside form routing,Missing: outside form routing,Answered,Missing: outside form routing,Missing: outside form routing,Answered,Missing: outside form routing,Missing: outside form routing,Missing: outside form routing,Missing: outside form routing,Missing: outside form routing,Missing: outside form routing,Missing: outside form routing,Missing: outside form routing,Missing: outside form routing,Missing: outside form routing,No
26,844886684,7be793fd-e697-47fc-9ca1-5e6360f2e7c2,Masters 2nd year,,1,vpbFT9pkYfFQQ9Vck8AQdu,0,0,0,0,10,Lalitpur,No,No,No,No,No,Yes,0,0,Answered,Missing: outside form routing,Answered,Answered,Answered,Missing: outside form routing,Answered,Answered,Answered,Missing: outside form routing,Answered,Missing: outside form routing,Missing: outside form routing,Answered,Missing: outside form routing,Missing: outside form routing,Answered,Missing: outside form routing,Missing: outside form routing,Missing: outside form routing,Yes
27,844886696,da8b36e7-6245-4df1-a607-d070254dfa3b,Bachelors 1st year,,1,vpbFT9pkYfFQQ9Vck8AQdu,0,0,0,0,11,Lalitpur,No,No,No,No,No,No,0,0,Answered,Missing: outside form routing,Answered,Answered,Missing: outside form routing,Missing: outside form routing,Answered,Missing: outside form routing,Missing: outside form routing,Missing: outside form routing,Missing: outside form routing,Missing: outside form routing,Missing: outside form routing,Missing: outside form routing,Missing: outside form routing,Missing: outside form routing,Missing: outside form routing,Missing: outside form routing,Missing: outside form routing,Missing: outside form routing,No
28,844905104,b3dd78ef-8d16-4d7c-a7ae-20e9afaa069d,Bachelors 1st year,,1,vpbFT9pkYfFQQ9Vck8AQdu,0,0,0,0,7,Mahalaxmi,No,No,No,No,No,No,0,0,Answered,Missing: outside form routing,Answered,Answered,Missing: outside form routing,Missing: outside form routing,Answered,Missing: outside form routing,Answered,Missing: outside form routing,Missing: outside form routing,Missing: outside form routing,Missing: outside form routing,Missing: outside form routing,Missing: outside form routing,Missing: outside form routing,Missing: outside form routing,Missing: outside form routing,Missing: outside form routing,Answered,No
29,844905133,17f47a7b-90b6-45e0-8ca5-e6bf154a89e6,Bachelors 1st year,,1,vpbFT9pkYfFQQ9Vck8AQdu,0,0,0,0,11,Lalitpur,No,No,No,No,No,No,0,0,Answered,Missing: outside form routing,Answered,Answered,Missing: outside form routing,Missing: outside form routing,Answered,Answered,Missing: outside form routing,Answered,Missing: outside form routing,Missing: outside form routing,Missing: outside form routing,Missing: outside form routing,Missing: outside form routing,Missing: outside form routing,Missing: outside form routing,Missing: outside form routing,Missing: outside form routing,Missing: outside form routing,No
30,844905145,b0d57189-177f-49a4-99fe-975daff7ff6a,Bachelors 3rd year,,3,vpbFT9pkYfFQQ9Vck8AQdu,0,0,0,0,7,Mahalaxmi,No,No,No,No,No,No,0,0,Answered,Missing: outside form routing,Answered,Answered,Missing: outside form routing,Missing: outside form routing,Answered,Answered,Missing: outside form routing,Answered,Missing: outside form routing,Missing: outside form routing,Missing: outside form routing,Missing: outside form routing,Missing: outside form routing,Missing: outside form routing,Missing: outside form routing,Missing: outside form routing,Missing: outside form routing,Answered,No
31,844917161,00c469c9-5773-4d9f-b0dc-b8551f095f87,Bachelors 1st year,,1,vpbFT9pkYfFQQ9Vck8AQdu,0,0,0,0,8,Chandraguri municipality ,No,No,No,No,No,No,0,0,Answered,Missing: outside form routing,Answered,Answered,Missing: outside form routing,Missing: outside form routing,Answered,Answered,Missing: outside form routing,Missing: outside form routing,Missing: outside form routing,Missing: outside form routing,Missing: outside form routing,Missing: outside form routing,Missing: outside form routing,Missing: outside form routing,Missing: outside form routing,Missing: outside form routing,Missing: outside form routing,Missing: outside form routing,No
32,844917177,d4c81704-106e-4426-ab62-3dc1ff844a62,Masters 1st year,2,1,vpbFT9pkYfFQQ9Vck8AQdu,0,0,0,0,12,Chandraguri municipality,No,No,No,No,No,No,0,0,Answered,Missing: outside form routing,Answered,Answered,Answered,Answered,Answered,Missing: outside form routing,Answered,Missing: outside form routing,Answered,Missing: outside form routing,Missing: outside form routing,Answered,Missing: outside form routing,Missing: outside form routing,Answered,Missing: outside form routing,Missing: outside form routing,Missing: outside form routing,No
33,844967441,881d8b84-f48c-4d0e-897d-b0528dc6ac5e,Bachelors 4th year,,1,vpbFT9pkYfFQQ9Vck8AQdu,0,0,0,0,12,Chandragiri,No,No,No,No,No,No,0,0,Answered,Missing: outside form routing,Answered,Answered,Missing: outside form routing,Missing: outside form routing,Answered,Missing: outside form routing,Answered,Missing: outside form routing,Answered,Missing: outside form routing,Missing: outside form routing,Answered,Answered,Missing: outside form routing,Answered,Missing: outside form routing,Missing: outside form routing,Missing: outside form routing,No
34,844967464,41f31e60-a165-47b9-87ab-b6d8737a5792,Bachelors 1st year,,1,vpbFT9pkYfFQQ9Vck8AQdu,0,0,0,0,12,Chandragiri,No,No,No,No,No,No,0,0,Answered,Missing: outside form routing,Answered,Answered,Missing: outside form routing,Missing: outside form routing,Answered,Answered,Missing: outside form routing,Answered,Missing: outside form routing,Missing: outside form routing,Missing: outside form routing,Missing: outside form routing,Missing: outside form routing,Missing: outside form routing,Missing: outside form routing,Missing: outside form routing,Missing: outside form routing,Missing: outside form routing,No
35,845026493,4f4cc3a1-8090-4683-89d7-88bc113a90d4,Bachelors 1st year,,1,vpbFT9pkYfFQQ9Vck8AQdu,0,0,0,0,5,kirtipur,No,No,No,No,No,No,0,0,Answered,Missing: outside form routing,Answered,Answered,Missing: outside form routing,Missing: outside form routing,Answered,Missing: outside form routing,Missing: outside form routing,Answered,Missing: outside form routing,Missing: outside form routing,Missing: outside form routing,Missing: outside form routing,Missing: outside form routing,Missing: outside form routing,Missing: outside form routing,Missing: outside form routing,Missing: outside form routing,Missing: outside form routing,No
36,845026541,b7150c05-4813-4902-b3b9-72401d95f599,Bachelors 1st year,,1,vpbFT9pkYfFQQ9Vck8AQdu,0,0,0,0,5,Kirtipur,No,No,No,No,No,No,0,0,Answered,Missing: outside form routing,Answered,Answered,Missing: outside form routing,Missing: outside form routing,Answered,Missing: outside form routing,Missing: outside form routing,Answered,Missing: outside form routing,Missing: outside form routing,Missing: outside form routing,Missing: outside form routing,Missing: outside form routing,Missing: outside form routing,Missing: outside form routing,Missing: outside form routing,Missing: outside form routing,Missing: outside form routing,No
37,845090535,4b0ff1fd-eeb3-41a3-9402-0bdc6406379a,Bachelors 1st year,,3,vpbFT9pkYfFQQ9Vck8AQdu,0,0,0,0,6,Tokha,No,No,No,No,No,No,0,0,Answered,Missing: outside form routing,Answered,Answered,Missing: outside form routing,Missing: outside form routing,Answered,Answered,Answered,Missing: outside form routing,Missing: outside form routing,Missing: outside form routing,Missing: outside form routing,Missing: outside form routing,Missing: outside form routing,Missing: outside form routing,Missing: outside form routing,Missing: outside form routing,Missing: outside form routing,Answered,No
38,845090545,0ef214fe-58fc-4d60-966f-710472bc1e2d,Bachelors 2nd year,,1,vpbFT9pkYfFQQ9Vck8AQdu,0,0,0,1,,Tokha,No,No,No,No,No,No,0,0,Answered,Missing: outside form routing,Answered,Answered,Missing: outside form routing,Missing: outside form routing,Answered,Missing: outside form routing,Missing: outside form routing,Missing: outside form routing,Answered,Missing: outside form routing,Missing: outside form routing,Answered,Missing: outside form routing,Missing: outside form routing,Answered,Missing: outside form routing,Missing: outside form routing,Missing: outside form routing,No
39,845180654,b08172bc-2e7b-4989-a057-07242ac2b98d,Bachelors 3rd year,,1,vpbFT9pkYfFQQ9Vck8AQdu,0,0,0,0,2,Mahalaxmi nagar palika,No,No,No,No,No,No,0,0,Answered,Missing: outside form routing,Answered,Answered,Missing: outside form routing,Missing: outside form routing,Answered,Answered,Missing: outside form routing,Missing: outside form routing,Answered,Missing: outside form routing,Missing: outside form routing,Answered,Missing: outside form routing,Missing: outside form routing,Answered,Missing: outside form routing,Missing: outside form routing,Missing: outside form routing,No
40,845193135,c5ee8937-0501-438f-83ec-e57baa6055d7,Masters 1st year,2,1,vpbFT9pkYfFQQ9Vck8AQdu,0,0,0,0,७,Tokha,No,No,No,No,No,No,0,0,Answered,Missing: outside form routing,Answered,Answered,Answered,Answered,Answered,Missing: outside form routing,Missing: outside form routing,Answered,Answered,Missing: outside form routing,Missing: outside form routing,Answered,Missing: outside form routing,Missing: outside form routing,Answered,Missing: outside form routing,Missing: outside form routing,Missing: outside form routing,No
41,845193141,7a4e4ca0-d6b6-48d2-92bf-c98cd9888e20,Bachelors 4th year,,1,vpbFT9pkYfFQQ9Vck8AQdu,0,0,1,0,७,Tokha,No,No,No,No,No,No,0,0,Answered,Missing: outside form routing,Answered,Answered,Missing: outside form routing,Missing: outside form routing,Answered,Answered,Missing: outside form routing,Missing: outside form routing,Answered,Answered,Answered,Answered outside form routing,Answered,Answered,Answered,Answered,Answered,Missing: outside form routing,Yes
42,845193389,014b8013-f217-4b58-9c06-811e5aa5c427,Masters 2nd year,,1,vpbFT9pkYfFQQ9Vck8AQdu,0,0,0,0,31,Kathmandu,No,No,No,No,No,Yes,0,0,Answered,Missing: outside form routing,Answered,Answered,Answered,Missing: outside form routing,Answered,Missing: outside form routing,Missing: outside form routing,Answered,Answered,Missing: outside form routing,Missing: outside form routing,Answered,Missing: outside form routing,Missing: outside form routing,Answered,Missing: outside form routing,Missing: outside form routing,Missing: outside form routing,Yes
43,845193395,193cf96c-5600-418a-a725-1cc0b71069be,Masters 2nd year,,1,vpbFT9pkYfFQQ9Vck8AQdu,0,0,0,0,31,Kathmandu,No,No,No,No,No,Yes,0,0,Answered,Missing: outside form routing,Answered,Answered,Answered,Missing: outside form routing,Answered,Missing: outside form routing,Missing: outside form routing,Missing: outside form routing,Answered,Missing: outside form routing,Missing: outside form routing,Answered,Missing: outside form routing,Missing: outside form routing,Answered,Missing: outside form routing,Missing: outside form routing,Missing: outside form routing,Yes
44,845228364,853fd6c0-14db-4b54-a2bb-0eef9f108f8b,Masters 1st year,1,1,vpbFT9pkYfFQQ9Vck8AQdu,0,0,1,0,8,Banepa,No,No,No,No,No,No,0,0,Answered,Missing: outside form routing,Answered,Answered,Answered,Answered,Answered,Missing: outside form routing,Missing: outside form routing,Answered,Answered,Answered,Answered,Answered outside form routing,Answered,Answered,Answered,Answered,Answered,Missing: outside form routing,Yes
45,845228379,80c070d2-c6c0-4511-b389-95f71e8a515a,Bachelors 4th year,,1,vpbFT9pkYfFQQ9Vck8AQdu,0,0,0,0,8,Banepa,No,No,No,No,No,No,0,0,Answered,Missing: outside form routing,Answered,Answered,Missing: outside form routing,Missing: outside form routing,Answered,Missing: outside form routing,Missing: outside form routing,Answered,Answered,Missing: outside form routing,Missing: outside form routing,Answered,Missing: outside form routing,Missing: outside form routing,Answered,Missing: outside form routing,Missing: outside form routing,Missing: outside form routing,No
46,845228404,5a890924-1abd-4ea8-a401-7627753bdc9d,Masters 1st year,2,1,vpbFT9pkYfFQQ9Vck8AQdu,0,0,1,0,7,Banepa,No,No,No,No,No,No,0,0,Answered,Missing: outside form routing,Answered,Answered,Answered,Answered,Answered,Missing: outside form routing,Missing: outside form routing,Answered,Answered,Answered,Answered,Answered outside form routing,Answered,Answered,Answered,Answered,Answered,Missing: outside form routing,Yes
47,845341656,f4969ea4-9420-440b-807d-d8f6db1e36c6,Bachelors 3rd year,,1,vpbFT9pkYfFQQ9Vck8AQdu,0,0,1,1,,तारकेश्वर नगरपालिका,No,No,No,No,No,No,0,0,Answered,Missing: outside form routing,Answered,Answered,Missing: outside form routing,Missing: outside form routing,Answered,Missing: outside form routing,Answered,Missing: outside form routing,Answered,Answered,Missing: outside form routing,Answered outside form routing,Answered,Missing: outside form routing,Answered,Answered,Missing: outside form routing,Answered,Yes
48,845341674,416bdfb2-95e8-4ba5-abfb-6ee2e83b1b83,Bachelors 3rd year,,1,vpbFT9pkYfFQQ9Vck8AQdu,0,0,0,0,६,तारकेश्वर नगरपालिका,No,No,No,No,No,No,0,0,Answered,Missing: outside form routing,Answered,Answered,Missing: outside form routing,Missing: outside form routing,Answered,Answered,Missing: outside form routing,Answered,Answered,Missing: outside form routing,Missing: outside form routing,Answered,Missing: outside form routing,Missing: outside form routing,Answered,Missing: outside form routing,Missing: outside form routing,Missing: outside form routing,No
49,845341690,f2de063b-fa39-47e5-b621-b19c7ee90495,Bachelors 3rd year,,1,vpbFT9pkYfFQQ9Vck8AQdu,0,0,1,0,06,Tarakeshwor,No,No,No,No,No,No,0,0,Answered,Missing: outside form routing,Answered,Answered,Missing: outside form routing,Missing: outside form routing,Answered,Answered,Missing: outside form routing,Missing: outside form routing,Answered,Answered,Missing: outside form routing,Answered outside form routing,Answered,Missing: outside form routing,Answered,Answered,Missing: outside form routing,Missing: outside form routing,Yes
50,847507869,80e1ddcc-8bba-4b33-a449-1e3fe2392b98,Bachelors 2nd year,,1,vbyDnUDjDtHU4iAauqfqE5,0,0,0,0,4,Janakpur sub municipality,No,No,No,No,No,No,0,0,Answered,Missing: outside form routing,Answered,Answered,Missing: outside form routing,Missing: outside form routing,Answered,Missing: outside form routing,Missing: outside form routing,Answered,Answered,Missing: outside form routing,Missing: outside form routing,Answered,Missing: outside form routing,Missing: outside form routing,Answered,Missing: outside form routing,Missing: outside form routing,Missing: outside form routing,No
51,847507879,a8845481-318e-4ad6-ae89-5824fa35dd2a,Bachelors 1st year,,1,vbyDnUDjDtHU4iAauqfqE5,0,0,0,0,4,Janakpur sub municipality,No,No,No,No,No,No,0,0,Answered,Missing: outside form routing,Answered,Answered,Missing: outside form routing,Missing: outside form routing,Answered,Answered,Answered,Missing: outside form routing,Missing: outside form routing,Missing: outside form routing,Missing: outside form routing,Missing: outside form routing,Missing: outside form routing,Missing: outside form routing,Missing: outside form routing,Missing: outside form routing,Missing: outside form routing,Missing: outside form routing,No
52,847507892,ea2471b8-7a9d-4272-b51b-0f3e67fa1d20,Bachelors 1st year,,1,vbyDnUDjDtHU4iAauqfqE5,0,0,0,0,4,Janakpur sub municipality,No,No,No,No,No,No,0,0,Answered,Missing: outside form routing,Answered,Answered,Missing: outside form routing,Missing: outside form routing,Answered,Missing: outside form routing,Answered,Missing: outside form routing,Missing: outside form routing,Missing: outside form routing,Missing: outside form routing,Missing: outside form routing,Missing: outside form routing,Missing: outside form routing,Missing: outside form routing,Missing: outside form routing,Missing: outside form routing,Missing: outside form routing,No
53,847507899,09e9e373-2560-4e2c-b73b-4cf9f483ed26,Bachelors 1st year,,1,vbyDnUDjDtHU4iAauqfqE5,0,0,0,0,4,Janakpur sub municipality,No,No,No,No,No,No,0,0,Answered,Missing: outside form routing,Answered,Answered,Missing: outside form routing,Missing: outside form routing,Answered,Missing: outside form routing,Answered,Missing: outside form routing,Missing: outside form routing,Missing: outside form routing,Missing: outside form routing,Missing: outside form routing,Missing: outside form routing,Missing: outside form routing,Missing: outside form routing,Missing: outside form routing,Missing: outside form routing,Missing: outside form routing,No
54,847507907,9a8e5c5c-5022-4898-b1e2-36a4dd6cbff3,Bachelors 1st year,,1,vbyDnUDjDtHU4iAauqfqE5,0,0,0,0,4,Janakpur sub municipality,No,No,No,No,No,No,0,0,Answered,Missing: outside form routing,Answered,Answered,Missing: outside form routing,Missing: outside form routing,Answered,Answered,Missing: outside form routing,Answered,Missing: outside form routing,Missing: outside form routing,Missing: outside form routing,Missing: outside form routing,Missing: outside form routing,Missing: outside form routing,Missing: outside form routing,Missing: outside form routing,Missing: outside form routing,Missing: outside form routing,No
55,847509706,82c7734f-7d85-495f-b189-11a2aeeb8fdf,Bachelors 2nd year,,1,vbyDnUDjDtHU4iAauqfqE5,0,0,0,0,4,Janakpur,No,No,No,No,No,No,0,0,Answered,Missing: outside form routing,Answered,Answered,Missing: outside form routing,Missing: outside form routing,Answered,Missing: outside form routing,Missing: outside form routing,Answered,Answered,Answered,Missing: outside form routing,Missing: outside form routing,Missing: outside form routing,Missing: outside form routing,Answered,Answered,Missing: outside form routing,Missing: outside form routing,No
56,847509717,30249bcd-2085-44e1-bc00-6f5f3f719156,Bachelors 2nd year,,1,vbyDnUDjDtHU4iAauqfqE5,0,0,0,0,4,Janakpur,No,No,No,No,No,No,0,0,Answered,Missing: outside form routing,Answered,Answered,Missing: outside form routing,Missing: outside form routing,Answered,Missing: outside form routing,Missing: outside form routing,Answered,Answered,Answered,Missing: outside form routing,Missing: outside form routing,Missing: outside form routing,Missing: outside form routing,Answered,Answered,Missing: outside form routing,Missing: outside form routing,No
57,847509720,f15c8bce-a133-4c85-a788-e10798c59fd8,Bachelors 4th year,,1,vbyDnUDjDtHU4iAauqfqE5,0,0,0,0,4,Janakpur,No,No,No,No,No,No,0,0,Answered,Missing: outside form routing,Answered,Answered,Missing: outside form routing,Missing: outside form routing,Answered,Answered,Missing: outside form routing,Answered,Answered,Missing: outside form routing,Missing: outside form routing,Answered,Missing: outside form routing,Missing: outside form routing,Answered,Missing: outside form routing,Missing: outside form routing,Missing: outside form routing,No
58,847509723,e3ee4a85-8b6a-409c-8aac-b236dcc44206,Bachelors 2nd year,,1,vbyDnUDjDtHU4iAauqfqE5,0,0,0,0,4,Janakpur,No,No,No,No,No,No,0,0,Answered,Missing: outside form routing,Answered,Answered,Missing: outside form routing,Missing: outside form routing,Answered,Answered,Missing: outside form routing,Answered,Missing: outside form routing,Missing: outside form routing,Missing: outside form routing,Missing: outside form routing,Missing: outside form routing,Missing: outside form routing,Missing: outside form routing,Missing: outside form routing,Missing: outside form routing,Missing: outside form routing,No
59,847509728,faa62bf9-a5e6-49cd-83ad-326c48c80652,Bachelors 2nd year,,1,vbyDnUDjDtHU4iAauqfqE5,0,0,0,0,4,Janakpur,No,No,No,No,No,No,0,0,Answered,Missing: outside form routing,Answered,Answered,Missing: outside form routing,Missing: outside form routing,Answered,Missing: outside form routing,Missing: outside form routing,Answered,Missing: outside form routing,Missing: outside form routing,Missing: outside form routing,Missing: outside form routing,Missing: outside form routing,Missing: outside form routing,Missing: outside form routing,Missing: outside form routing,Missing: outside form routing,Missing: outside form routing,No
60,847523523,1afc5ebb-9582-4f9c-8142-aa812893fdee,Bachelors 4th year,,1,vbyDnUDjDtHU4iAauqfqE5,0,0,0,0,2,Biratnagar maha nagar palika ,No,No,No,No,No,No,0,0,Answered,Missing: outside form routing,Answered,Answered,Missing: outside form routing,Missing: outside form routing,Answered,Missing: outside form routing,Answered,Missing: outside form routing,Answered,Answered,Answered,Missing: outside form routing,Missing: outside form routing,Missing: outside form routing,Answered,Answered,Answered,Missing: outside form routing,No
61,847523528,480e5ce2-70df-4b1d-98a7-8becf6a8ef31,Bachelors 2nd year,,1,vbyDnUDjDtHU4iAauqfqE5,0,0,0,0,2,Biratnagar ,No,No,No,No,No,No,0,0,Answered,Missing: outside form routing,Answered,Answered,Missing: outside form routing,Missing: outside form routing,Answered,Missing: outside form routing,Answered,Missing: outside form routing,Answered,Answered,Missing: outside form routing,Missing: outside form routing,Missing: outside form routing,Missing: outside form routing,Answered,Answered,Missing: outside form routing,Missing: outside form routing,No
62,847523534,a8c674a5-b982-401e-a667-beb80a2f44d1,Bachelors 3rd year,,1,vbyDnUDjDtHU4iAauqfqE5,0,0,0,0,2,Biratnagar ,No,No,No,No,No,No,0,0,Answered,Missing: outside form routing,Answered,Answered,Missing: outside form routing,Missing: outside form routing,Answered,Missing: outside form routing,Missing: outside form routing,Answered,Answered,Answered,Missing: outside form routing,Missing: outside form routing,Missing: outside form routing,Missing: outside form routing,Answered,Answered,Missing: outside form routing,Missing: outside form routing,No
63,847523541,b643613d-ebd9-411e-b3dd-5d50a5064d9e,Bachelors 1st year,,1,vbyDnUDjDtHU4iAauqfqE5,0,0,0,0,2,Biratnagar ,No,No,No,No,No,No,0,0,Answered,Missing: outside form routing,Answered,Answered,Missing: outside form routing,Missing: outside form routing,Answered,Answered,Answered,Missing: outside form routing,Missing: outside form routing,Missing: outside form routing,Missing: outside form routing,Missing: outside form routing,Missing: outside form routing,Missing: outside form routing,Missing: outside form routing,Missing: outside form routing,Missing: outside form routing,Missing: outside form routing,No
64,847523549,ce2e1a35-7477-4e02-bc10-4567fddcc3ba,Bachelors 4th year,,1,vbyDnUDjDtHU4iAauqfqE5,0,0,0,0,2,Biratnagar ,No,No,No,No,No,No,0,0,Answered,Missing: outside form routing,Answered,Answered,Missing: outside form routing,Missing: outside form routing,Answered,Missing: outside form routing,Answered,Missing: outside form routing,Answered,Missing: outside form routing,Missing: outside form routing,Answered,Missing: outside form routing,Missing: outside form routing,Answered,Missing: outside form routing,Missing: outside form routing,Missing: outside form routing,No
65,847525291,4c89b926-9f58-4cda-909f-ff505f2eb75e,Bachelors 3rd year,,1,vbyDnUDjDtHU4iAauqfqE5,0,0,0,0,2,Biratnagar mahanagar palika,No,No,No,No,No,No,0,0,Answered,Missing: outside form routing,Answered,Answered,Missing: outside form routing,Missing: outside form routing,Answered,Missing: outside form routing,Missing: outside form routing,Answered,Missing: outside form routing,Missing: outside form routing,Missing: outside form routing,Missing: outside form routing,Missing: outside form routing,Missing: outside form routing,Missing: outside form routing,Missing: outside form routing,Missing: outside form routing,Missing: outside form routing,No
66,847525302,5548bfa7-6ab9-4040-84fc-11f33e2f5502,Bachelors 4th year,,1,vbyDnUDjDtHU4iAauqfqE5,0,0,0,0,2,Biratnagar mahanagar palika,No,No,No,No,No,No,0,0,Answered,Missing: outside form routing,Answered,Answered,Missing: outside form routing,Missing: outside form routing,Answered,Answered,Answered,Missing: outside form routing,Answered,Answered,Missing: outside form routing,Missing: outside form routing,Missing: outside form routing,Missing: outside form routing,Answered,Answered,Missing: outside form routing,Missing: outside form routing,No
67,847525308,7d76e336-c838-4461-ad16-5f2627d4d244,Bachelors 2nd year,,1,vbyDnUDjDtHU4iAauqfqE5,0,0,0,0,2,Biratnagar mahanagar palika,No,No,No,No,No,No,0,0,Answered,Missing: outside form routing,Answered,Answered,Missing: outside form routing,Missing: outside form routing,Answered,Answered,Missing: outside form routing,Answered,Answered,Answered,Missing: outside form routing,Missing: outside form routing,Missing: outside form routing,Missing: outside form routing,Answered,Answered,Missing: outside form routing,Missing: outside form routing,No
68,847525310,0e283456-164c-46b1-bcf7-e2fdafc338a1,Bachelors 2nd year,,1,vbyDnUDjDtHU4iAauqfqE5,0,0,0,0,2,Biratnagar mahanagar palika,No,No,No,No,No,No,0,0,Answered,Missing: outside form routing,Answered,Answered,Missing: outside form routing,Missing: outside form routing,Answered,Missing: outside form routing,Missing: outside form routing,Answered,Missing: outside form routing,Missing: outside form routing,Missing: outside form routing,Missing: outside form routing,Missing: outside form routing,Missing: outside form routing,Missing: outside form routing,Missing: outside form routing,Missing: outside form routing,Answered,No
69,847525319,12a4fb76-0f5d-4440-b407-264a347119ff,Bachelors 5th year,,1,vbyDnUDjDtHU4iAauqfqE5,0,0,0,0,2,Biratnagar mahanagar palika,No,No,No,No,No,No,0,0,Answered,Missing: outside form routing,Answered,Answered,Missing: outside form routing,Missing: outside form routing,Answered,Missing: outside form routing,Missing: outside form routing,Answered,Answered,Answered,Answered,Missing: outside form routing,Missing: outside form routing,Missing: outside form routing,Answered,Answered,Answered,Missing: outside form routing,No
70,847550326,636a65b9-0e74-4195-a595-620bc925ad26,Bachelors 1st year,,1,vbyDnUDjDtHU4iAauqfqE5,0,0,0,0,15,Pokhar sub metropolitan ,No,No,No,No,No,No,0,0,Answered,Missing: outside form routing,Answered,Answered,Missing: outside form routing,Missing: outside form routing,Answered,Missing: outside form routing,Missing: outside form routing,Missing: outside form routing,Missing: outside form routing,Missing: outside form routing,Missing: outside form routing,Missing: outside form routing,Missing: outside form routing,Missing: outside form routing,Missing: outside form routing,Missing: outside form routing,Missing: outside form routing,Missing: outside form routing,No
71,847550333,026cc8e8-ef67-48ca-9214-52d6592dc53d,Masters 1st year,2,1,vbyDnUDjDtHU4iAauqfqE5,0,0,0,0,15,Pokhara sub metropolitan city ,No,No,No,No,No,No,0,0,Answered,Missing: outside form routing,Answered,Answered,Answered,Answered,Answered,Answered,Missing: outside form routing,Answered,Answered,Answered,Missing: outside form routing,Missing: outside form routing,Missing: outside form routing,Missing: outside form routing,Answered,Answered,Missing: outside form routing,Missing: outside form routing,No
72,847550337,e1f1c405-49a1-4c54-ba69-98363e88cad5,Bachelors 2nd year,,1,vbyDnUDjDtHU4iAauqfqE5,0,0,0,0,15,Pokhara sub metropolitan city ,No,No,No,No,No,No,0,0,Answered,Missing: outside form routing,Answered,Answered,Missing: outside form routing,Missing: outside form routing,Answered,Missing: outside form routing,Missing: outside form routing,Missing: outside form routing,Missing: outside form routing,Missing: outside form routing,Missing: outside form routing,Missing: outside form routing,Missing: outside form routing,Missing: outside form routing,Missing: outside form routing,Missing: outside form routing,Missing: outside form routing,Missing: outside form routing,No
73,847550341,19e11122-59d5-4857-9dcc-626999c9bbcb,Masters 1st year,2,1,vbyDnUDjDtHU4iAauqfqE5,0,0,0,0,15,Pokhara sub metropolitan city ,No,No,No,No,No,No,0,0,Answered,Missing: outside form routing,Answered,Answered,Answered,Answered,Answered,Missing: outside form routing,Missing: outside form routing,Missing: outside form routing,Answered,Answered,Missing: outside form routing,Missing: outside form routing,Missing: outside form routing,Missing: outside form routing,Answered,Answered,Missing: outside form routing,Missing: outside form routing,No
74,847550345,2b2eb9aa-3920-476f-bb36-22d1305df95c,Bachelors 2nd year,,41,vbyDnUDjDtHU4iAauqfqE5,0,0,0,0,15,Pokhara,No,No,No,No,No,No,0,0,Answered,Missing: outside form routing,Answered,Answered,Missing: outside form routing,Missing: outside form routing,Answered,Missing: outside form routing,Missing: outside form routing,Missing: outside form routing,Missing: outside form routing,Missing: outside form routing,Missing: outside form routing,Missing: outside form routing,Missing: outside form routing,Missing: outside form routing,Missing: outside form routing,Missing: outside form routing,Missing: outside form routing,Missing: outside form routing,No
75,847550348,28004658-6ba2-478b-a6c4-3ad15af46f59,Bachelors 2nd year,,1,vbyDnUDjDtHU4iAauqfqE5,0,0,0,0,15,Pokhara sub metropolitan city ,No,No,No,No,No,No,0,0,Answered,Missing: outside form routing,Answered,Answered,Missing: outside form routing,Missing: outside form routing,Answered,Missing: outside form routing,Answered,Missing: outside form routing,Missing: outside form routing,Missing: outside form routing,Missing: outside form routing,Missing: outside form routing,Missing: outside form routing,Missing: outside form routing,Missing: outside form routing,Missing: outside form routing,Missing: outside form routing,Missing: outside form routing,No
76,847552149,205ecea9-4265-457f-b85c-2a23b4f57db0,Bachelors 3rd year,,1,vbyDnUDjDtHU4iAauqfqE5,0,0,0,0,15,Pokhara sub metropolitan city ,No,No,No,No,No,No,0,0,Answered,Missing: outside form routing,Answered,Answered,Missing: outside form routing,Missing: outside form routing,Answered,Missing: outside form routing,Missing: outside form routing,Answered,Missing: outside form routing,Missing: outside form routing,Missing: outside form routing,Missing: outside form routing,Missing: outside form routing,Missing: outside form routing,Missing: outside form routing,Missing: outside form routing,Missing: outside form routing,Missing: outside form routing,No
77,847552156,ffc0e719-f465-493a-97db-b7b859b21147,Bachelors 3rd year,,1,vbyDnUDjDtHU4iAauqfqE5,0,0,0,0,15,Pokhara sub metro politicity,No,No,No,No,No,No,0,0,Answered,Missing: outside form routing,Answered,Answered,Missing: outside form routing,Missing: outside form routing,Answered,Missing: outside form routing,Missing: outside form routing,Answered,Answered,Answered,Missing: outside form routing,Missing: outside form routing,Missing: outside form routing,Missing: outside form routing,Answered,Answered,Missing: outside form routing,Missing: outside form routing,No
78,847552160,2e6985a0-a3a9-4685-984a-3211b1f5ee06,Bachelors 3rd year,,1,vbyDnUDjDtHU4iAauqfqE5,0,0,0,0,15,Pokhara sub metro politicity,No,No,No,No,No,No,0,0,Answered,Missing: outside form routing,Answered,Answered,Missing: outside form routing,Missing: outside form routing,Answered,Missing: outside form routing,Missing: outside form routing,Answered,Answered,Answered,Missing: outside form routing,Missing: outside form routing,Missing: outside form routing,Missing: outside form routing,Answered,Answered,Missing: outside form routing,Missing: outside form routing,No
79,847552169,31a404a0-2eae-4030-a92d-e251932b7e59,Masters 1st year,2,1,vbyDnUDjDtHU4iAauqfqE5,0,0,0,0,15,Pokhara sub metro politicity,No,No,No,No,No,No,0,0,Answered,Missing: outside form routing,Answered,Answered,Answered,Answered,Answered,Answered,Missing: outside form routing,Answered,Answered,Missing: outside form routing,Missing: outside form routing,Answered,Missing: outside form routing,Missing: outside form routing,Answered,Missing: outside form routing,Missing: outside form routing,Missing: outside form routing,No
80,847552175,81b38074-e343-4666-8ef8-52f1fa12da6d,Masters 1st year,2,41,vbyDnUDjDtHU4iAauqfqE5,0,0,0,0,15,Pokhara sub metro politicity,No,No,No,No,No,No,0,0,Answered,Missing: outside form routing,Answered,Answered,Answered,Answered,Answered,Missing: outside form routing,Missing: outside form routing,Answered,Answered,Answered,Missing: outside form routing,Missing: outside form routing,Missing: outside form routing,Missing: outside form routing,Answered,Answered,Missing: outside form routing,Missing: outside form routing,No
81,847552181,48723faf-80d5-4f1b-ad84-c07d5565f40e,Bachelors 3rd year,,1,vbyDnUDjDtHU4iAauqfqE5,0,0,0,0,15,Pokhara sub metro politicity,No,No,No,No,No,No,0,0,Answered,Missing: outside form routing,Answered,Answered,Missing: outside form routing,Missing: outside form routing,Answered,Missing: outside form routing,Answered,Missing: outside form routing,Missing: outside form routing,Missing: outside form routing,Missing: outside form routing,Missing: outside form routing,Missing: outside form routing,Missing: outside form routing,Missing: outside form routing,Missing: outside form routing,Missing: outside form routing,Missing: outside form routing,No
82,847552272,f2fed608-1666-4151-89ab-d652a703dc3c,Masters 1st year,2,1,vbyDnUDjDtHU4iAauqfqE5,0,0,0,0,11,Tarkeshwor,No,No,No,No,No,No,0,0,Answered,Missing: outside form routing,Answered,Answered,Answered,Answered,Answered,Answered,Missing: outside form routing,Answered,Answered,Missing: outside form routing,Missing: outside form routing,Answered,Missing: outside form routing,Missing: outside form routing,Answered,Missing: outside form routing,Missing: outside form routing,Missing: outside form routing,No
83,847552274,63ad4aba-acb2-4718-a53c-1f2ba9166c4f,Masters 1st year,2,1,vbyDnUDjDtHU4iAauqfqE5,0,0,0,1,,Tarkeshwor,No,No,No,No,No,No,0,0,Answered,Missing: outside form routing,Answered,Answered,Answered,Answered,Answered,Missing: outside form routing,Missing: outside form routing,Answered,Answered,Missing: outside form routing,Missing: outside form routing,Answered,Missing: outside form routing,Missing: outside form routing,Answered,Missing: outside form routing,Missing: outside form routing,Missing: outside form routing,No
84,847552280,0c739b75-f7df-4ead-ad83-46460f9bfa66,Bachelors 1st year,,41,vbyDnUDjDtHU4iAauqfqE5,0,0,0,0,11,Tarkeshwor,No,No,No,No,No,No,0,0,Answered,Missing: outside form routing,Answered,Answered,Missing: outside form routing,Missing: outside form routing,Answered,Missing: outside form routing,Missing: outside form routing,Missing: outside form routing,Missing: outside form routing,Missing: outside form routing,Missing: outside form routing,Missing: outside form routing,Missing: outside form routing,Missing: outside form routing,Missing: outside form routing,Missing: outside form routing,Missing: outside form routing,Missing: outside form routing,No
85,847552286,2cf0b32d-659d-4daa-bda6-e41e13af0085,Bachelors 3rd year,,1,vbyDnUDjDtHU4iAauqfqE5,0,0,0,0,11,Tarkeshwor,No,No,No,No,No,No,0,0,Answered,Missing: outside form routing,Answered,Answered,Missing: outside form routing,Missing: outside form routing,Answered,Missing: outside form routing,Missing: outside form routing,Answered,Answered,Missing: outside form routing,Missing: outside form routing,Missing: outside form routing,Missing: outside form routing,Missing: outside form routing,Answered,Missing: outside form routing,Missing: outside form routing,Missing: outside form routing,No
86,847552363,f1c359c8-29d9-4367-9a89-ebb54885485d,Bachelors 2nd year,,1,vbyDnUDjDtHU4iAauqfqE5,0,0,0,1,,Tarkeshwor,No,No,No,No,No,No,0,0,Answered,Missing: outside form routing,Answered,Answered,Missing: outside form routing,Missing: outside form routing,Answered,Missing: outside form routing,Answered,Missing: outside form routing,Answered,Missing: outside form routing,Missing: outside form routing,Answered,Missing: outside form routing,Missing: outside form routing,Answered,Missing: outside form routing,Missing: outside form routing,Missing: outside form routing,No
87,847552445,75e33659-d8ef-4283-b463-1e62a45550c8,Bachelors 2nd year,,1,vbyDnUDjDtHU4iAauqfqE5,0,0,0,0,15,pokhara Sub metro politicity,No,No,No,No,No,No,0,0,Answered,Missing: outside form routing,Answered,Answered,Missing: outside form routing,Missing: outside form routing,Answered,Answered,Answered,Missing: outside form routing,Missing: outside form routing,Missing: outside form routing,Missing: outside form routing,Missing: outside form routing,Missing: outside form routing,Missing: outside form routing,Missing: outside form routing,Missing: outside form routing,Missing: outside form routing,Missing: outside form routing,No
88,847552450,cd1fa62f-418e-45f2-9d66-28e64e7a35c3,Bachelors 2nd year,,3,vbyDnUDjDtHU4iAauqfqE5,0,0,0,0,15,Pokhara sub metro politicity,No,No,No,No,No,No,0,0,Answered,Missing: outside form routing,Answered,Answered,Missing: outside form routing,Missing: outside form routing,Answered,Missing: outside form routing,Missing: outside form routing,Answered,Missing: outside form routing,Missing: outside form routing,Missing: outside form routing,Missing: outside form routing,Missing: outside form routing,Missing: outside form routing,Missing: outside form routing,Missing: outside form routing,Missing: outside form routing,Missing: outside form routing,No
89,847552459,f349828e-41e8-4d49-a0a2-eb65517bb5c0,Bachelors 2nd year,,1,vbyDnUDjDtHU4iAauqfqE5,0,0,0,0,15,Pokhara sub metro politicity,No,No,No,No,No,No,0,0,Answered,Missing: outside form routing,Answered,Answered,Missing: outside form routing,Missing: outside form routing,Answered,Missing: outside form routing,Missing: outside form routing,Answered,Missing: outside form routing,Missing: outside form routing,Missing: outside form routing,Missing: outside form routing,Missing: outside form routing,Missing: outside form routing,Missing: outside form routing,Missing: outside form routing,Missing: outside form routing,Missing: outside form routing,No
90,847552470,dc3a8371-a8b9-4459-a054-c70552ed55db,Bachelors 1st year,,1,vbyDnUDjDtHU4iAauqfqE5,0,0,0,0,15,Pokhara sub metro politicity,No,No,No,No,No,No,0,0,Answered,Missing: outside form routing,Answered,Answered,Missing: outside form routing,Missing: outside form routing,Answered,Missing: outside form routing,Missing: outside form routing,Answered,Missing: outside form routing,Missing: outside form routing,Missing: outside form routing,Missing: outside form routing,Missing: outside form routing,Missing: outside form routing,Missing: outside form routing,Missing: outside form routing,Missing: outside form routing,Missing: outside form routing,No
91,847552479,c311958d-4eb3-447f-9512-9a355c03ca2f,Bachelors 1st year,,1,vbyDnUDjDtHU4iAauqfqE5,0,0,0,0,15,Pokhara sub metro politicity,No,No,No,No,No,No,0,0,Answered,Missing: outside form routing,Answered,Answered,Missing: outside form routing,Missing: outside form routing,Answered,Answered,Missing: outside form routing,Answered,Missing: outside form routing,Missing: outside form routing,Missing: outside form routing,Missing: outside form routing,Missing: outside form routing,Missing: outside form routing,Missing: outside form routing,Missing: outside form routing,Missing: outside form routing,Missing: outside form routing,No
92,847552490,0911e964-5c0a-4a56-8e21-d4fb00cbe24d,Masters 1st year,2,1,vbyDnUDjDtHU4iAauqfqE5,0,0,0,0,15,Pokhara sub metro politicity,No,No,No,No,No,No,0,0,Answered,Missing: outside form routing,Answered,Answered,Answered,Answered,Answered,Missing: outside form routing,Missing: outside form routing,Answered,Answered,Missing: outside form routing,Missing: outside form routing,Answered,Missing: outside form routing,Missing: outside form routing,Answered,Missing: outside form routing,Missing: outside form routing,Missing: outside form routing,No
93,847576630,ea1e869e-4241-4469-8bd5-7df0f501db46,Masters 2nd year,,,vbyDnUDjDtHU4iAauqfqE5,0,0,0,1,,Kathmandu,No,No,No,No,No,Yes,0,0,Answered,Missing: outside form routing,Answered,Answered,Answered,Missing: outside form routing,Missing: outside form routing,Missing: outside form routing,Missing: outside form routing,Missing: outside form routing,Answered,Missing: outside form routing,Missing: outside form routing,Answered,Missing: outside form routing,Missing: outside form routing,Answered,Answered,Missing: outside form routing,Missing: outside form routing,Yes
94,847576634,93a43163-82c4-425d-8e54-62263aef95a7,Bachelors 2nd year,,3,vbyDnUDjDtHU4iAauqfqE5,0,0,0,0,11,Tarkeshwor,No,No,No,No,No,No,0,0,Answered,Missing: outside form routing,Answered,Answered,Missing: outside form routing,Missing: outside form routing,Answered,Missing: outside form routing,Answered,Missing: outside form routing,Missing: outside form routing,Missing: outside form routing,Missing: outside form routing,Missing: outside form routing,Missing: outside form routing,Missing: outside form routing,Missing: outside form routing,Missing: outside form routing,Missing: outside form routing,Answered,No
95,847576636,7bef0451-d203-4178-8764-320597bfed4c,Bachelors 3rd year,,,vbyDnUDjDtHU4iAauqfqE5,0,0,0,0,11,Tarkeshwor,No,No,No,No,No,No,0,0,Answered,Missing: outside form routing,Answered,Answered,Missing: outside form routing,Missing: outside form routing,Missing: outside form routing,Answered,Answered,Missing: outside form routing,Answered,Answered,Missing: outside form routing,Missing: outside form routing,Missing: outside form routing,Missing: outside form routing,Answered,Answered,Missing: outside form routing,Answered,No
96,847576641,a214f159-5161-44b8-8c5e-d9e975bbe90a,Masters 2nd year,,41,vbyDnUDjDtHU4iAauqfqE5,0,0,0,0,11,Tarkeshwor,No,No,No,No,No,Yes,0,0,Answered,Missing: outside form routing,Answered,Answered,Answered,Missing: outside form routing,Answered,Answered,Missing: outside form routing,Missing: outside form routing,Answered,Missing: outside form routing,Missing: outside form routing,Answered,Missing: outside form routing,Missing: outside form routing,Answered,Missing: outside form routing,Missing: outside form routing,Missing: outside form routing,Yes
97,847576645,3798eb00-1d11-4cf3-b2de-652b2f63eb32,Bachelors 1st year,,1,vbyDnUDjDtHU4iAauqfqE5,0,0,0,0,11,Tarkeshwor,No,No,No,No,No,No,0,0,Answered,Missing: outside form routing,Answered,Answered,Missing: outside form routing,Missing: outside form routing,Answered,Answered,Answered,Missing: outside form routing,Missing: outside form routing,Missing: outside form routing,Missing: outside form routing,Missing: outside form routing,Missing: outside form routing,Missing: outside form routing,Missing: outside form routing,Missing: outside form routing,Missing: outside form routing,Missing: outside form routing,No
98,848232581,7dfad5b8-cf2f-4a15-8d05-7caf31b17834,Bachelors 2nd year,,1,vbyDnUDjDtHU4iAauqfqE5,0,0,0,0,1,Pokhara sub metropolitan city,No,No,No,No,No,No,0,0,Answered,Missing: outside form routing,Answered,Answered,Missing: outside form routing,Missing: outside form routing,Answered,Answered,Missing: outside form routing,Answered,Missing: outside form routing,Missing: outside form routing,Missing: outside form routing,Missing: outside form routing,Missing: outside form routing,Missing: outside form routing,Missing: outside form routing,Missing: outside form routing,Missing: outside form routing,Missing: outside form routing,No
99,848232600,8336efe1-b1ab-4a27-8fac-fca5d89d62fb,Bachelors 4th year,,1,vbyDnUDjDtHU4iAauqfqE5,0,0,0,0,1,Pokhara sub metropolitan city,No,No,No,No,No,No,0,0,Answered,Missing: outside form routing,Answered,Answered,Missing: outside form routing,Missing: outside form routing,Answered,Missing: outside form routing,Answered,Missing: outside form routing,Answered,Missing: outside form routing,Missing: outside form routing,Answered,Missing: outside form routing,Missing: outside form routing,Answered,Missing: outside form routing,Missing: outside form routing,Answered,No
100,848232612,df69a3a5-12ac-4c46-b0b9-3c48cad611bf,Bachelors 2nd year,,1,vbyDnUDjDtHU4iAauqfqE5,0,0,0,0,1,Pokhara sub metropolitan city,No,No,No,No,No,No,0,0,Answered,Missing: outside form routing,Answered,Answered,Missing: outside form routing,Missing: outside form routing,Answered,Missing: outside form routing,Missing: outside form routing,Missing: outside form routing,Missing: outside form routing,Missing: outside form routing,Missing: outside form routing,Missing: outside form routing,Missing: outside form routing,Missing: outside form routing,Missing: outside form routing,Missing: outside form routing,Missing: outside form routing,Missing: outside form routing,No
101,848232627,68bbf210-927e-4346-b1fa-2b5cc8dcc288,Bachelors 4th year,,1,vbyDnUDjDtHU4iAauqfqE5,0,0,0,0,1,Pokhara sub metropolitan city,No,No,No,No,No,No,0,0,Answered,Missing: outside form routing,Answered,Answered,Missing: outside form routing,Missing: outside form routing,Answered,Missing: outside form routing,Answered,Missing: outside form routing,Missing: outside form routing,Missing: outside form routing,Missing: outside form routing,Missing: outside form routing,Missing: outside form routing,Missing: outside form routing,Missing: outside form routing,Missing: outside form routing,Missing: outside form routing,Missing: outside form routing,No
102,848232635,0fbe4507-dea7-4a85-8536-72214b88118b,Bachelors 2nd year,,1,vbyDnUDjDtHU4iAauqfqE5,0,0,0,0,1,Pokhara sub metropolitan city,No,No,No,No,No,No,0,0,Answered,Missing: outside form routing,Answered,Answered,Missing: outside form routing,Missing: outside form routing,Answered,Missing: outside form routing,Missing: outside form routing,Missing: outside form routing,Missing: outside form routing,Missing: outside form routing,Missing: outside form routing,Missing: outside form routing,Missing: outside form routing,Missing: outside form routing,Missing: outside form routing,Missing: outside form routing,Missing: outside form routing,Missing: outside form routing,No
103,848300832,006bfa42-848a-4797-8d52-dac12477f7cd,Bachelors 4th year,,1,vbyDnUDjDtHU4iAauqfqE5,0,0,0,0,3,Birendranagar,No,No,No,No,No,No,0,0,Answered,Missing: outside form routing,Answered,Answered,Missing: outside form routing,Missing: outside form routing,Answered,Missing: outside form routing,Missing: outside form routing,Answered,Answered,Missing: outside form routing,Missing: outside form routing,Answered,Missing: outside form routing,Missing: outside form routing,Answered,Answered,Missing: outside form routing,Missing: outside form routing,No
104,848300841,48e5058b-ebac-433d-8bf6-1692ed0bf092,Bachelors 4th year,,1,vbyDnUDjDtHU4iAauqfqE5,0,0,0,0,3,Birendranagar,No,No,No,No,No,No,0,0,Answered,Missing: outside form routing,Answered,Answered,Missing: outside form routing,Missing: outside form routing,Answered,Missing: outside form routing,Missing: outside form routing,Answered,Answered,Answered,Missing: outside form routing,Missing: outside form routing,Missing: outside form routing,Missing: outside form routing,Answered,Missing: outside form routing,Missing: outside form routing,Missing: outside form routing,No
105,848300857,576dd18a-b3d0-4a6d-9c1e-255280918669,Bachelors 4th year,,1,vbyDnUDjDtHU4iAauqfqE5,0,0,0,0,3,Birendranagar,No,No,No,No,No,No,0,0,Answered,Missing: outside form routing,Answered,Answered,Missing: outside form routing,Missing: outside form routing,Answered,Answered,Missing: outside form routing,Answered,Answered,Answered,Missing: outside form routing,Missing: outside form routing,Missing: outside form routing,Missing: outside form routing,Answered,Answered,Missing: outside form routing,Missing: outside form routing,No
106,848300877,9edeb357-bca2-4773-919f-7d251884f7f4,Bachelors 2nd year,,1,vbyDnUDjDtHU4iAauqfqE5,0,0,0,0,3,Birendranagar,No,No,No,No,No,No,0,0,Answered,Missing: outside form routing,Answered,Answered,Missing: outside form routing,Missing: outside form routing,Answered,Missing: outside form routing,Missing: outside form routing,Answered,Missing: outside form routing,Missing: outside form routing,Missing: outside form routing,Missing: outside form routing,Missing: outside form routing,Missing: outside form routing,Missing: outside form routing,Missing: outside form routing,Missing: outside form routing,Missing: outside form routing,No
107,848300892,72e3efc3-c8ae-4660-97af-b2196171f6a3,Bachelors 2nd year,,1,vbyDnUDjDtHU4iAauqfqE5,0,0,0,0,3,Birendranagar,No,No,No,No,No,No,0,0,Answered,Missing: outside form routing,Answered,Answered,Missing: outside form routing,Missing: outside form routing,Answered,Missing: outside form routing,Missing: outside form routing,Answered,Missing: outside form routing,Missing: outside form routing,Missing: outside form routing,Missing: outside form routing,Missing: outside form routing,Missing: outside form routing,Missing: outside form routing,Missing: outside form routing,Missing: outside form routing,Missing: outside form routing,No
108,848300911,6ff448d7-d2cc-479f-b666-c8c2b917170d,Bachelors 4th year,,1,vbyDnUDjDtHU4iAauqfqE5,0,0,0,0,8,Birendranagar,No,No,No,No,No,No,0,0,Answered,Missing: outside form routing,Answered,Answered,Missing: outside form routing,Missing: outside form routing,Answered,Missing: outside form routing,Missing: outside form routing,Answered,Answered,Answered,Missing: outside form routing,Missing: outside form routing,Missing: outside form routing,Missing: outside form routing,Answered,Answered,Missing: outside form routing,Missing: outside form routing,No
109,848300920,354f4d06-2ee3-4b29-b43e-0bd57ca1a53b,Bachelors 4th year,,1,vbyDnUDjDtHU4iAauqfqE5,0,0,0,0,8,Birendranagar,No,No,No,No,No,No,0,0,Answered,Missing: outside form routing,Answered,Answered,Missing: outside form routing,Missing: outside form routing,Answered,Missing: outside form routing,Missing: outside form routing,Answered,Answered,Missing: outside form routing,Missing: outside form routing,Answered,Missing: outside form routing,Missing: outside form routing,Answered,Missing: outside form routing,Missing: outside form routing,Missing: outside form routing,No
110,848306555,0ace1ad5-1136-45c9-b7d9-84905ad554b4,Bachelors 4th year,,1,vbyDnUDjDtHU4iAauqfqE5,0,0,0,0,1,Pokhara sub metro politicity.,No,No,No,No,No,No,0,0,Answered,Missing: outside form routing,Answered,Answered,Missing: outside form routing,Missing: outside form routing,Answered,Answered,Missing: outside form routing,Answered,Missing: outside form routing,Missing: outside form routing,Missing: outside form routing,Missing: outside form routing,Missing: outside form routing,Missing: outside form routing,Missing: outside form routing,Missing: outside form routing,Missing: outside form routing,Missing: outside form routing,No
111,848306569,1a2e5e34-fb0f-4a8b-9f35-91a6d5a572c1,Bachelors 4th year,,1,vbyDnUDjDtHU4iAauqfqE5,0,0,0,0,1,pokhara sub metro politicity,No,No,No,No,No,No,0,0,Answered,Missing: outside form routing,Answered,Answered,Missing: outside form routing,Missing: outside form routing,Answered,Missing: outside form routing,Missing: outside form routing,Answered,Answered,Missing: outside form routing,Missing: outside form routing,Answered,Answered,Missing: outside form routing,Answered,Missing: outside form routing,Missing: outside form routing,Missing: outside form routing,No
112,848306586,a438bd81-2243-45de-8768-3595f0c347a2,Bachelors 4th year,,1,vbyDnUDjDtHU4iAauqfqE5,0,0,0,0,1,Pokhara sub metro politicity,No,No,No,No,No,No,0,0,Answered,Missing: outside form routing,Answered,Answered,Missing: outside form routing,Missing: outside form routing,Answered,Missing: outside form routing,Answered,Missing: outside form routing,Answered,Answered,Missing: outside form routing,Missing: outside form routing,Missing: outside form routing,Missing: outside form routing,Answered,Answered,Missing: outside form routing,Missing: outside form routing,No
113,848306600,f30005b9-2964-4957-8f99-d8734817bc2a,Bachelors 1st year,,1,vbyDnUDjDtHU4iAauqfqE5,0,0,0,0,1,Pokhara sub metro politicity,No,No,No,No,No,No,0,0,Answered,Missing: outside form routing,Answered,Answered,Missing: outside form routing,Missing: outside form routing,Answered,Answered,Missing: outside form routing,Answered,Missing: outside form routing,Missing: outside form routing,Missing: outside form routing,Missing: outside form routing,Missing: outside form routing,Missing: outside form routing,Missing: outside form routing,Missing: outside form routing,Missing: outside form routing,Missing: outside form routing,No
114,848306618,18bf1e15-a328-4939-9cf8-eec2a54f4bea,Bachelors 2nd year,,1,vbyDnUDjDtHU4iAauqfqE5,0,0,0,0,1,Pokhara sub metro politicity,No,No,No,No,No,No,0,0,Answered,Missing: outside form routing,Answered,Answered,Missing: outside form routing,Missing: outside form routing,Answered,Missing: outside form routing,Missing: outside form routing,Answered,Missing: outside form routing,Missing: outside form routing,Missing: outside form routing,Missing: outside form routing,Missing: outside form routing,Missing: outside form routing,Missing: outside form routing,Missing: outside form routing,Missing: outside form routing,Missing: outside form routing,No
115,848308636,5e394d31-3134-41b4-956d-81cfb73b20d9,Bachelors 4th year,,1,vbyDnUDjDtHU4iAauqfqE5,0,0,0,0,1,Pokhara up na pa ,No,No,No,No,No,No,0,0,Answered,Missing: outside form routing,Answered,Answered,Missing: outside form routing,Missing: outside form routing,Answered,Missing: outside form routing,Missing: outside form routing,Answered,Answered,Answered,Missing: outside form routing,Missing: outside form routing,Missing: outside form routing,Missing: outside form routing,Answered,Answered,Missing: outside form routing,Missing: outside form routing,No
116,848308645,0f227e8f-8391-42e8-b694-1bf812ba92ec,Bachelors 3rd year,,1,vbyDnUDjDtHU4iAauqfqE5,0,0,0,0,1,Pokhara up no pa,No,No,No,No,No,No,0,0,Answered,Missing: outside form routing,Answered,Answered,Missing: outside form routing,Missing: outside form routing,Answered,Missing: outside form routing,Answered,Missing: outside form routing,Answered,Answered,Missing: outside form routing,Missing: outside form routing,Missing: outside form routing,Missing: outside form routing,Answered,Answered,Missing: outside form routing,Missing: outside form routing,No
117,848308659,7cae3bad-02e9-4a41-a00b-8e0e7d028557,Bachelors 4th year,,1,vbyDnUDjDtHU4iAauqfqE5,0,0,0,0,1,Pokhara up na pa,No,No,No,No,No,No,0,0,Answered,Missing: outside form routing,Answered,Answered,Missing: outside form routing,Missing: outside form routing,Answered,Missing: outside form routing,Answered,Missing: outside form routing,Answered,Missing: outside form routing,Missing: outside form routing,Answered,Missing: outside form routing,Missing: outside form routing,Answered,Answered,Missing: outside form routing,Missing: outside form routing,No
118,848308672,b3237046-bf6c-4254-aad1-551d9f5ebd70,Bachelors 1st year,,1,vbyDnUDjDtHU4iAauqfqE5,0,0,0,0,1,Pokhara up na pa,No,No,No,No,No,No,0,0,Answered,Missing: outside form routing,Answered,Answered,Missing: outside form routing,Missing: outside form routing,Answered,Missing: outside form routing,Missing: outside form routing,Answered,Missing: outside form routing,Missing: outside form routing,Missing: outside form routing,Missing: outside form routing,Missing: outside form routing,Missing: outside form routing,Missing: outside form routing,Missing: outside form routing,Missing: outside form routing,Answered,No
119,848308702,107a5726-307a-4b0e-871f-f942e2c6ba8a,Bachelors 1st year,,1,vbyDnUDjDtHU4iAauqfqE5,0,0,0,0,1,Pokhara up na pa,No,No,No,No,No,No,0,0,Answered,Missing: outside form routing,Answered,Answered,Missing: outside form routing,Missing: outside form routing,Answered,Missing: outside form routing,Missing: outside form routing,Answered,Missing: outside form routing,Missing: outside form routing,Missing: outside form routing,Missing: outside form routing,Missing: outside form routing,Missing: outside form routing,Missing: outside form routing,Missing: outside form routing,Missing: outside form routing,Missing: outside form routing,No
120,848309767,be3a106c-7c96-4ed4-8ebc-078726c32ad7,Bachelors 4th year,,1,vbyDnUDjDtHU4iAauqfqE5,0,0,0,0,3,Birendranagar nagarpalika,No,No,No,No,No,No,0,0,Answered,Missing: outside form routing,Answered,Answered,Missing: outside form routing,Missing: outside form routing,Answered,Missing: outside form routing,Missing: outside form routing,Answered,Missing: outside form routing,Missing: outside form routing,Missing: outside form routing,Missing: outside form routing,Missing: outside form routing,Missing: outside form routing,Missing: outside form routing,Missing: outside form routing,Missing: outside form routing,Missing: outside form routing,No
121,848309813,e9fabacf-58e7-4a91-9a68-c96fa233346c,Bachelors 4th year,,1,vbyDnUDjDtHU4iAauqfqE5,0,0,0,0,3,Birendranagar nagarpalika,No,No,No,No,No,No,0,0,Answered,Missing: outside form routing,Answered,Answered,Missing: outside form routing,Missing: outside form routing,Answered,Answered,Missing: outside form routing,Answered,Answered,Answered,Missing: outside form routing,Missing: outside form routing,Missing: outside form routing,Missing: outside form routing,Answered,Answered,Missing: outside form routing,Missing: outside form routing,No
122,848309838,8c793dbb-1f3d-436e-be7b-c13d5004359e,Bachelors 1st year,,1,vbyDnUDjDtHU4iAauqfqE5,0,0,0,0,3,Birendranagar nagarpalika,No,No,No,No,No,No,0,0,Answered,Missing: outside form routing,Answered,Answered,Missing: outside form routing,Missing: outside form routing,Answered,Answered,Missing: outside form routing,Answered,Missing: outside form routing,Missing: outside form routing,Missing: outside form routing,Missing: outside form routing,Missing: outside form routing,Missing: outside form routing,Missing: outside form routing,Missing: outside form routing,Missing: outside form routing,Missing: outside form routing,No
123,848309858,d9b5c966-3202-4433-bf3b-f795faab01bc,Bachelors 2nd year,,1,vbyDnUDjDtHU4iAauqfqE5,0,0,0,0,3,Birendranagar nagarpalika,No,No,No,No,No,No,0,0,Answered,Missing: outside form routing,Answered,Answered,Missing: outside form routing,Missing: outside form routing,Answered,Missing: outside form routing,Missing: outside form routing,Missing: outside form routing,Answered,Answered,Missing: outside form routing,Missing: outside form routing,Missing: outside form routing,Missing: outside form routing,Answered,Answered,Missing: outside form routing,Missing: outside form routing,No
124,848309874,613154a6-ead3-45c2-9a21-54d2d6048e7b,Bachelors 4th year,,1,vbyDnUDjDtHU4iAauqfqE5,0,0,0,0,8,Birendranagar nagarpalika,No,No,No,No,No,No,0,0,Answered,Missing: outside form routing,Answered,Answered,Missing: outside form routing,Missing: outside form routing,Answered,Answered,Missing: outside form routing,Missing: outside form routing,Missing: outside form routing,Missing: outside form routing,Missing: outside form routing,Missing: outside form routing,Missing: outside form routing,Missing: outside form routing,Missing: outside form routing,Missing: outside form routing,Missing: outside form routing,Missing: outside form routing,No
125,848309887,aed49857-4701-4009-831c-21c15fcb0166,Bachelors 4th year,,1,vbyDnUDjDtHU4iAauqfqE5,0,0,0,0,8,Birendranagar nagarpalika,No,No,No,No,No,No,0,0,Answered,Missing: outside form routing,Answered,Answered,Missing: outside form routing,Missing: outside form routing,Answered,Answered,Missing: outside form routing,Answered,Answered,Answered,Missing: outside form routing,Missing: outside form routing,Missing: outside form routing,Missing: outside form routing,Answered,Missing: outside form routing,Missing: outside form routing,Missing: outside form routing,No
126,848309907,9671384d-26ad-4798-89cb-2bda611cb3a9,Bachelors 1st year,,,vbyDnUDjDtHU4iAauqfqE5,0,0,0,0,8,Birendranagar nagarpalika,No,No,No,No,No,No,0,0,Answered,Missing: outside form routing,Answered,Answered,Missing: outside form routing,Missing: outside form routing,Missing: outside form routing,Missing: outside form routing,Missing: outside form routing,Missing: outside form routing,Missing: outside form routing,Missing: outside form routing,Missing: outside form routing,Missing: outside form routing,Missing: outside form routing,Missing: outside form routing,Missing: outside form routing,Missing: outside form routing,Missing: outside form routing,Missing: outside form routing,No
127,848389454,09d505da-0d80-435b-a7f0-bf9dcb53d6c1,Bachelors 3rd year,,1,vbyDnUDjDtHU4iAauqfqE5,0,0,0,0,12,Biratnagar ,No,No,No,No,No,No,0,0,Answered,Missing: outside form routing,Answered,Answered,Missing: outside form routing,Missing: outside form routing,Answered,Answered,Answered,Missing: outside form routing,Missing: outside form routing,Missing: outside form routing,Missing: outside form routing,Missing: outside form routing,Missing: outside form routing,Missing: outside form routing,Missing: outside form routing,Missing: outside form routing,Missing: outside form routing,Missing: outside form routing,No
128,848389479,fa0432c5-1259-4b3d-978b-447d48835d96,Bachelors 3rd year,,1,vbyDnUDjDtHU4iAauqfqE5,0,0,0,0,12,Biratnagar,No,No,No,No,No,No,0,0,Answered,Missing: outside form routing,Answered,Answered,Missing: outside form routing,Missing: outside form routing,Answered,Missing: outside form routing,Missing: outside form routing,Answered,Missing: outside form routing,Missing: outside form routing,Missing: outside form routing,Missing: outside form routing,Missing: outside form routing,Missing: outside form routing,Missing: outside form routing,Missing: outside form routing,Missing: outside form routing,Missing: outside form routing,No
129,848389504,528c5df9-738c-4053-9a24-bc126778dfea,Bachelors 1st year,,1,vbyDnUDjDtHU4iAauqfqE5,0,0,0,0,12,Biratnagar ,No,No,No,No,No,No,0,0,Answered,Missing: outside form routing,Answered,Answered,Missing: outside form routing,Missing: outside form routing,Answered,Missing: outside form routing,Answered,Missing: outside form routing,Missing: outside form routing,Missing: outside form routing,Missing: outside form routing,Missing: outside form routing,Missing: outside form routing,Missing: outside form routing,Missing: outside form routing,Missing: outside form routing,Missing: outside form routing,Missing: outside form routing,No
130,848389525,da2ddf5d-2b63-445e-a2ac-d507399c018b,Bachelors 1st year,,1,vbyDnUDjDtHU4iAauqfqE5,0,0,0,0,12,Biratnagar ,No,No,No,No,No,No,0,0,Answered,Missing: outside form routing,Answered,Answered,Missing: outside form routing,Missing: outside form routing,Answered,Answered,Answered,Missing: outside form routing,Missing: outside form routing,Missing: outside form routing,Missing: outside form routing,Missing: outside form routing,Missing: outside form routing,Missing: outside form routing,Missing: outside form routing,Missing: outside form routing,Missing: outside form routing,Missing: outside form routing,No
131,848389541,5b9f49b7-6815-43a5-b634-b3083469daa5,Bachelors 1st year,,1,vbyDnUDjDtHU4iAauqfqE5,0,0,0,0,12,Biratnagar ,No,No,No,No,No,No,0,0,Answered,Missing: outside form routing,Answered,Answered,Missing: outside form routing,Missing: outside form routing,Answered,Missing: outside form routing,Missing: outside form routing,Answered,Answered,Missing: outside form routing,Missing: outside form routing,Answered,Missing: outside form routing,Missing: outside form routing,Answered,Missing: outside form routing,Missing: outside form routing,Missing: outside form routing,No
132,848389551,2a9c5003-347f-4da8-a277-a0c7339e456a,Bachelors 4th year,,1,vbyDnUDjDtHU4iAauqfqE5,0,0,0,0,12,Biratnagar ,No,No,No,No,No,No,0,0,Answered,Missing: outside form routing,Answered,Answered,Missing: outside form routing,Missing: outside form routing,Answered,Missing: outside form routing,Missing: outside form routing,Answered,Answered,Missing: outside form routing,Missing: outside form routing,Answered,Missing: outside form routing,Missing: outside form routing,Answered,Missing: outside form routing,Missing: outside form routing,Missing: outside form routing,No
133,848394860,3ef90f0a-ab5c-4d77-b7d6-1501197adaf4,Bachelors 4th year,,1,vbyDnUDjDtHU4iAauqfqE5,0,0,0,0,12,Biratnagar Mahanagar palika,No,No,No,No,No,No,0,0,Answered,Missing: outside form routing,Answered,Answered,Missing: outside form routing,Missing: outside form routing,Answered,Answered,Missing: outside form routing,Answered,Answered,Answered,Answered,Missing: outside form routing,Missing: outside form routing,Missing: outside form routing,Answered,Answered,Answered,Missing: outside form routing,No
134,848394872,1c65da53-d71c-448f-a990-28534100ae2a,Masters 2nd year,,1,vbyDnUDjDtHU4iAauqfqE5,0,0,0,0,12,Biratnagar mahanagar palika,No,No,No,No,No,Yes,0,0,Answered,Missing: outside form routing,Answered,Answered,Answered,Missing: outside form routing,Answered,Missing: outside form routing,Missing: outside form routing,Answered,Answered,Missing: outside form routing,Missing: outside form routing,Answered,Missing: outside form routing,Missing: outside form routing,Answered,Missing: outside form routing,Missing: outside form routing,Missing: outside form routing,Yes
135,848394885,3c633625-f69c-4c7a-8b24-d2232d51a7fd,Bachelors 1st year,,1,vbyDnUDjDtHU4iAauqfqE5,0,0,0,0,12,Biratnagar Mahanagar palika,No,No,No,No,No,No,0,0,Answered,Missing: outside form routing,Answered,Answered,Missing: outside form routing,Missing: outside form routing,Answered,Missing: outside form routing,Missing: outside form routing,Answered,Answered,Answered,Missing: outside form routing,Missing: outside form routing,Missing: outside form routing,Missing: outside form routing,Answered,Answered,Missing: outside form routing,Missing: outside form routing,No
136,848394897,c3ca73fd-50bc-4b05-b9c0-50d89f5c2113,Bachelors 3rd year,,1,vbyDnUDjDtHU4iAauqfqE5,0,0,0,0,12,Biratnagar mahanagar palika,No,No,No,No,No,No,0,0,Answered,Missing: outside form routing,Answered,Answered,Missing: outside form routing,Missing: outside form routing,Answered,Missing: outside form routing,Answered,Missing: outside form routing,Missing: outside form routing,Missing: outside form routing,Missing: outside form routing,Missing: outside form routing,Missing: outside form routing,Missing: outside form routing,Missing: outside form routing,Missing: outside form routing,Missing: outside form routing,Missing: outside form routing,No
137,848394910,3026c639-75e2-4ead-ab24-1fd497a34007,Bachelors 1st year,,1,vbyDnUDjDtHU4iAauqfqE5,0,0,0,0,12,Biratnagar mahanagar palika,No,No,No,No,No,No,0,0,Answered,Missing: outside form routing,Answered,Answered,Missing: outside form routing,Missing: outside form routing,Answered,Answered,Missing: outside form routing,Answered,Missing: outside form routing,Missing: outside form routing,Missing: outside form routing,Missing: outside form routing,Missing: outside form routing,Missing: outside form routing,Missing: outside form routing,Missing: outside form routing,Missing: outside form routing,Missing: outside form routing,No
138,848394930,af7bd93a-ab87-4e58-9da1-671e6887bc7b,Bachelors 1st year,,1,vbyDnUDjDtHU4iAauqfqE5,0,0,0,0,12,Biratnagar mahanagar palika,No,No,No,No,No,No,0,0,Answered,Missing: outside form routing,Answered,Answered,Missing: outside form routing,Missing: outside form routing,Answered,Answered,Answered,Missing: outside form routing,Missing: outside form routing,Missing: outside form routing,Missing: outside form routing,Missing: outside form routing,Missing: outside form routing,Missing: outside form routing,Missing: outside form routing,Missing: outside form routing,Missing: outside form routing,Missing: outside form routing,No
139,848402416,7c9267b5-ba1e-45c6-bf87-401a00af41d2,Bachelors 3rd year,,1,vbyDnUDjDtHU4iAauqfqE5,0,0,0,0,4,Janakpur sub municipality,No,No,No,No,No,No,0,0,Answered,Missing: outside form routing,Answered,Answered,Missing: outside form routing,Missing: outside form routing,Answered,Missing: outside form routing,Missing: outside form routing,Answered,Missing: outside form routing,Missing: outside form routing,Missing: outside form routing,Missing: outside form routing,Missing: outside form routing,Missing: outside form routing,Missing: outside form routing,Missing: outside form routing,Missing: outside form routing,Missing: outside form routing,No
140,848402437,00231d60-f5bf-4341-bd6d-09f38535cc4d,Bachelors 3rd year,,1,vbyDnUDjDtHU4iAauqfqE5,0,0,0,0,4,Janakpur sub municipality,No,No,No,No,No,No,0,0,Answered,Missing: outside form routing,Answered,Answered,Missing: outside form routing,Missing: outside form routing,Answered,Answered,Missing: outside form routing,Answered,Missing: outside form routing,Missing: outside form routing,Missing: outside form routing,Missing: outside form routing,Missing: outside form routing,Missing: outside form routing,Missing: outside form routing,Missing: outside form routing,Missing: outside form routing,Missing: outside form routing,No
141,848402501,888149ed-d312-4561-b5fb-0228ba5b4344,Bachelors 3rd year,,1,vbyDnUDjDtHU4iAauqfqE5,0,0,0,0,4,Janakpur sub metropolitan city,No,No,No,No,No,No,0,0,Answered,Missing: outside form routing,Answered,Answered,Missing: outside form routing,Missing: outside form routing,Answered,Missing: outside form routing,Missing: outside form routing,Answered,Answered,Answered,Missing: outside form routing,Missing: outside form routing,Missing: outside form routing,Missing: outside form routing,Answered,Answered,Missing: outside form routing,Missing: outside form routing,No
142,848402527,9173956d-9a82-4a5e-a179-b624f772332e,Bachelors 4th year,,1,vbyDnUDjDtHU4iAauqfqE5,0,0,0,0,4,Janakpur sub municipality,No,No,No,No,No,No,0,0,Answered,Missing: outside form routing,Answered,Answered,Missing: outside form routing,Missing: outside form routing,Answered,Missing: outside form routing,Missing: outside form routing,Answered,Missing: outside form routing,Missing: outside form routing,Missing: outside form routing,Missing: outside form routing,Missing: outside form routing,Missing: outside form routing,Missing: outside form routing,Missing: outside form routing,Missing: outside form routing,Missing: outside form routing,No
143,848402601,18fdaa04-c32e-4082-a9b7-dc822cd733be,Bachelors 4th year,,1,vbyDnUDjDtHU4iAauqfqE5,0,0,0,0,4,Janakpur sub municipality,No,No,No,No,No,No,0,0,Answered,Missing: outside form routing,Answered,Answered,Missing: outside form routing,Missing: outside form routing,Answered,Answered,Missing: outside form routing,Answered,Answered,Answered,Missing: outside form routing,Missing: outside form routing,Missing: outside form routing,Missing: outside form routing,Answered,Answered,Missing: outside form routing,Missing: outside form routing,No
144,848408028,c928b828-3d4d-473d-b347-a58584434d68,Bachelors 3rd year,,1,vbyDnUDjDtHU4iAauqfqE5,0,0,0,0,4,Janakpur,No,No,No,No,No,No,0,0,Answered,Missing: outside form routing,Answered,Answered,Missing: outside form routing,Missing: outside form routing,Answered,Answered,Missing: outside form routing,Answered,Missing: outside form routing,Missing: outside form routing,Missing: outside form routing,Missing: outside form routing,Missing: outside form routing,Missing: outside form routing,Missing: outside form routing,Missing: outside form routing,Missing: outside form routing,Missing: outside form routing,No
145,848408043,e12919ab-d445-4961-9eb5-25ccc1d3ae66,Bachelors 4th year,,1,vbyDnUDjDtHU4iAauqfqE5,0,0,0,0,4,Janakpur,No,No,No,No,No,No,0,0,Answered,Missing: outside form routing,Answered,Answered,Missing: outside form routing,Missing: outside form routing,Answered,Answered,Answered,Missing: outside form routing,Answered,Missing: outside form routing,Missing: outside form routing,Answered,Answered,Missing: outside form routing,Answered,Missing: outside form routing,Missing: outside form routing,Missing: outside form routing,No
146,848408076,bca3d9de-c1f5-4aa5-97db-ba222c5dd7f9,Bachelors 4th year,,1,vbyDnUDjDtHU4iAauqfqE5,0,0,0,0,4,Janakpur,No,No,No,No,No,No,0,0,Answered,Missing: outside form routing,Answered,Answered,Missing: outside form routing,Missing: outside form routing,Answered,Missing: outside form routing,Missing: outside form routing,Answered,Answered,Answered,Missing: outside form routing,Missing: outside form routing,Missing: outside form routing,Missing: outside form routing,Answered,Answered,Missing: outside form routing,Answered,No
147,848408089,8ee0d32f-219a-4e6e-8a20-455523e953b9,Bachelors 4th year,,1,vbyDnUDjDtHU4iAauqfqE5,0,0,0,0,4,Janakpur,No,No,No,No,No,No,0,0,Answered,Missing: outside form routing,Answered,Answered,Missing: outside form routing,Missing: outside form routing,Answered,Missing: outside form routing,Missing: outside form routing,Answered,Answered,Answered,Missing: outside form routing,Missing: outside form routing,Missing: outside form routing,Missing: outside form routing,Answered,Answered,Missing: outside form routing,Missing: outside form routing,No
148,848408099,70319e75-6cc9-493c-90e6-adbdbe5b0fe2,Bachelors 4th year,,1,vbyDnUDjDtHU4iAauqfqE5,0,0,0,0,4,Janakpur,No,No,No,No,No,No,0,0,Answered,Missing: outside form routing,Answered,Answered,Missing: outside form routing,Missing: outside form routing,Answered,Missing: outside form routing,Missing: outside form routing,Answered,Answered,Answered,Missing: outside form routing,Missing: outside form routing,Missing: outside form routing,Missing: outside form routing,Answered,Answered,Missing: outside form routing,Answered,No
149,848449887,e2c7c1a5-fce1-42e9-99ca-76db341abd28,Bachelors 2nd year,,2,vbyDnUDjDtHU4iAauqfqE5,0,0,0,0,5,Tokha,No,No,No,No,No,No,0,0,Answered,Missing: outside form routing,Answered,Answered,Missing: outside form routing,Missing: outside form routing,Answered,Answered,Answered,Missing: outside form routing,Answered,Answered,Missing: outside form routing,Missing: outside form routing,Missing: outside form routing,Missing: outside form routing,Answered,Answered,Missing: outside form routing,Missing: outside form routing,No
150,848449899,7dc02be2-a470-4eb4-b29f-c3d719ffc9e1,Bachelors 3rd year,,,vbyDnUDjDtHU4iAauqfqE5,0,0,0,0,5,Tokha,No,No,No,No,No,No,0,0,Answered,Missing: outside form routing,Answered,Answered,Missing: outside form routing,Missing: outside form routing,Missing: outside form routing,Missing: outside form routing,Answered,Missing: outside form routing,Answered,Answered,Missing: outside form routing,Missing: outside form routing,Missing: outside form routing,Missing: outside form routing,Answered,Answered,Missing: outside form routing,Answered,No
151,848449919,739b9caf-beab-41ca-9d6e-5932ac3aa401,Bachelors 4th year,,1,vbyDnUDjDtHU4iAauqfqE5,0,0,0,0,7,Tarkeshwor,No,No,No,No,No,No,0,0,Answered,Missing: outside form routing,Answered,Answered,Missing: outside form routing,Missing: outside form routing,Answered,Answered,Answered,Missing: outside form routing,Answered,Missing: outside form routing,Missing: outside form routing,Answered,Missing: outside form routing,Missing: outside form routing,Answered,Missing: outside form routing,Missing: outside form routing,Missing: outside form routing,No
152,848449929,cbacb45c-bd4c-42d5-9551-d43b14a53442,Bachelors 3rd year,,1,vbyDnUDjDtHU4iAauqfqE5,0,0,0,0,5,Tokha,No,No,No,No,No,No,0,0,Answered,Missing: outside form routing,Answered,Answered,Missing: outside form routing,Missing: outside form routing,Answered,Missing: outside form routing,Answered,Missing: outside form routing,Answered,Missing: outside form routing,Missing: outside form routing,Missing: outside form routing,Missing: outside form routing,Missing: outside form routing,Answered,Missing: outside form routing,Missing: outside form routing,Missing: outside form routing,No
153,848449941,f1ab2dc4-3190-4812-95b7-f5f442ae4ac3,Bachelors 4th year,,1,vbyDnUDjDtHU4iAauqfqE5,0,0,0,0,5,Tokha,No,No,No,No,No,No,0,0,Answered,Missing: outside form routing,Answered,Answered,Missing: outside form routing,Missing: outside form routing,Answered,Answered,Missing: outside form routing,Answered,Answered,Missing: outside form routing,Missing: outside form routing,Answered,Missing: outside form routing,Missing: outside form routing,Answered,Missing: outside form routing,Missing: outside form routing,Missing: outside form routing,No
154,849170576,a0d1fc11-c723-4d13-bd01-1d658c1d6635,Bachelors 3rd year,,5,vbyDnUDjDtHU4iAauqfqE5,0,0,0,0,11,Tarkeshwor,No,No,No,No,No,No,0,0,Answered,Missing: outside form routing,Answered,Answered,Missing: outside form routing,Missing: outside form routing,Answered,Answered,Answered,Missing: outside form routing,Missing: outside form routing,Missing: outside form routing,Missing: outside form routing,Missing: outside form routing,Missing: outside form routing,Missing: outside form routing,Missing: outside form routing,Missing: outside form routing,Missing: outside form routing,Missing: outside form routing,No
155,849170588,ef76ec2f-4f95-4db0-9e02-08418d30c31d,Bachelors 4th year,,1,vbyDnUDjDtHU4iAauqfqE5,0,0,0,0,7,Tarkeshwor,No,No,No,No,No,No,0,0,Answered,Missing: outside form routing,Answered,Answered,Missing: outside form routing,Missing: outside form routing,Answered,Missing: outside form routing,Missing: outside form routing,Missing: outside form routing,Answered,Answered,Missing: outside form routing,Missing: outside form routing,Missing: outside form routing,Missing: outside form routing,Answered,Answered,Missing: outside form routing,Missing: outside form routing,No
156,849170597,e07c6629-0108-4a5c-b878-5ca1cc203e66,Bachelors 4th year,,1,vbyDnUDjDtHU4iAauqfqE5,0,0,0,0,11,Tarkeshwor,No,No,No,No,No,No,0,0,Answered,Missing: outside form routing,Answered,Answered,Missing: outside form routing,Missing: outside form routing,Answered,Missing: outside form routing,Answered,Missing: outside form routing,Answered,Answered,Missing: outside form routing,Missing: outside form routing,Missing: outside form routing,Missing: outside form routing,Answered,Answered,Missing: outside form routing,Missing: outside form routing,No
157,849170601,d40ead40-d0c1-43fc-a8a2-c729d574f6e0,Bachelors 4th year,,1,vbyDnUDjDtHU4iAauqfqE5,0,0,0,0,11,Tarkeshwor,No,No,No,No,No,No,0,0,Answered,Missing: outside form routing,Answered,Answered,Missing: outside form routing,Missing: outside form routing,Answered,Missing: outside form routing,Missing: outside form routing,Missing: outside form routing,Answered,Answered,Missing: outside form routing,Missing: outside form routing,Missing: outside form routing,Missing: outside form routing,Answered,Answered,Missing: outside form routing,Missing: outside form routing,No
158,849170607,6f8d1239-924a-4675-b591-0998ad3485a3,Bachelors 4th year,,1,vbyDnUDjDtHU4iAauqfqE5,0,0,0,0,11,Tarkeshwor,No,No,No,No,No,No,0,0,Answered,Missing: outside form routing,Answered,Answered,Missing: outside form routing,Missing: outside form routing,Answered,Missing: outside form routing,Answered,Missing: outside form routing,Answered,Answered,Missing: outside form routing,Missing: outside form routing,Missing: outside form routing,Missing: outside form routing,Answered,Answered,Missing: outside form routing,Missing: outside form routing,No
159,849186308,59db75db-7aff-427f-993f-228abb63d5df,Bachelors 3rd year,,1,vbyDnUDjDtHU4iAauqfqE5,0,0,0,0,12,Biratnagar ,No,No,No,No,No,No,0,0,Answered,Missing: outside form routing,Answered,Answered,Missing: outside form routing,Missing: outside form routing,Answered,Missing: outside form routing,Missing: outside form routing,Answered,Missing: outside form routing,Missing: outside form routing,Missing: outside form routing,Missing: outside form routing,Missing: outside form routing,Missing: outside form routing,Missing: outside form routing,Missing: outside form routing,Missing: outside form routing,Missing: outside form routing,No
160,849186323,136d1d39-79df-4bc2-a6e7-1d7565f11a6c,Bachelors 3rd year,,41,vbyDnUDjDtHU4iAauqfqE5,0,0,0,0,12,Biratnagar ,No,No,No,No,No,No,0,0,Answered,Missing: outside form routing,Answered,Answered,Missing: outside form routing,Missing: outside form routing,Answered,Missing: outside form routing,Missing: outside form routing,Answered,Missing: outside form routing,Missing: outside form routing,Missing: outside form routing,Missing: outside form routing,Missing: outside form routing,Missing: outside form routing,Missing: outside form routing,Missing: outside form routing,Missing: outside form routing,Missing: outside form routing,No
161,849186345,bcc5dede-fafa-4ae7-be17-ee98415db9d2,Bachelors 3rd year,,1,vbyDnUDjDtHU4iAauqfqE5,0,0,0,0,12,Biratnagar ,No,No,No,No,No,No,0,0,Answered,Missing: outside form routing,Answered,Answered,Missing: outside form routing,Missing: outside form routing,Answered,Missing: outside form routing,Missing: outside form routing,Answered,Missing: outside form routing,Missing: outside form routing,Missing: outside form routing,Missing: outside form routing,Missing: outside form routing,Missing: outside form routing,Missing: outside form routing,Missing: outside form routing,Missing: outside form routing,Missing: outside form routing,No
162,849186361,872f52cb-a396-4459-a146-d5568f9cf5f9,Masters 2nd year,,5,vbyDnUDjDtHU4iAauqfqE5,0,0,0,0,12,Biratnagar,No,No,No,No,No,Yes,0,0,Answered,Missing: outside form routing,Answered,Answered,Answered,Missing: outside form routing,Answered,Answered,Missing: outside form routing,Answered,Answered,Missing: outside form routing,Missing: outside form routing,Answered,Missing: outside form routing,Missing: outside form routing,Answered,Answered,Answered,Missing: outside form routing,Yes
163,849186377,4cc055c4-8ce7-4bbd-a8f2-fc0ca2a3a4ba,Bachelors 3rd year,,1,vbyDnUDjDtHU4iAauqfqE5,0,0,0,0,12,Biratnagar,No,No,No,No,No,No,0,0,Answered,Missing: outside form routing,Answered,Answered,Missing: outside form routing,Missing: outside form routing,Answered,Missing: outside form routing,Answered,Missing: outside form routing,Missing: outside form routing,Missing: outside form routing,Missing: outside form routing,Missing: outside form routing,Missing: outside form routing,Missing: outside form routing,Missing: outside form routing,Missing: outside form routing,Missing: outside form routing,Missing: outside form routing,No
164,849186392,a554e27a-40de-452d-8af1-9bebc3d54619,Bachelors 3rd year,,1,vbyDnUDjDtHU4iAauqfqE5,0,0,0,0,12,Biratnagar,No,No,No,No,No,No,0,0,Answered,Missing: outside form routing,Answered,Answered,Missing: outside form routing,Missing: outside form routing,Answered,Answered,Missing: outside form routing,Answered,Answered,Missing: outside form routing,Missing: outside form routing,Answered,Missing: outside form routing,Missing: outside form routing,Answered,Answered,Missing: outside form routing,Missing: outside form routing,No
165,849200100,e8b918e0-618a-42ed-b1b9-07e8982bb298,Bachelors 1st year,,1,vbyDnUDjDtHU4iAauqfqE5,0,0,0,0,12,Biratnagar,No,No,No,No,No,No,0,0,Answered,Missing: outside form routing,Answered,Answered,Missing: outside form routing,Missing: outside form routing,Answered,Answered,Answered,Missing: outside form routing,Answered,Answered,Missing: outside form routing,Missing: outside form routing,Missing: outside form routing,Missing: outside form routing,Answered,Answered,Missing: outside form routing,Answered,No
166,849200223,32c9cf02-dfe0-40d6-be12-2e22749249cc,Bachelors 3rd year,,1,vbyDnUDjDtHU4iAauqfqE5,0,0,0,0,12,Biratnagar Mahanagar palika,No,No,No,No,No,No,0,0,Answered,Missing: outside form routing,Answered,Answered,Missing: outside form routing,Missing: outside form routing,Answered,Answered,Missing: outside form routing,Answered,Missing: outside form routing,Missing: outside form routing,Missing: outside form routing,Missing: outside form routing,Missing: outside form routing,Missing: outside form routing,Missing: outside form routing,Missing: outside form routing,Missing: outside form routing,Missing: outside form routing,No
167,849200242,9c220661-03cc-4bbd-a83f-3afb6139941d,Bachelors 3rd year,,1,vbyDnUDjDtHU4iAauqfqE5,0,0,0,0,12,Biratnagar Mahanagar palika,No,No,No,No,No,No,0,0,Answered,Missing: outside form routing,Answered,Answered,Missing: outside form routing,Missing: outside form routing,Answered,Answered,Missing: outside form routing,Answered,Missing: outside form routing,Missing: outside form routing,Missing: outside form routing,Missing: outside form routing,Missing: outside form routing,Missing: outside form routing,Missing: outside form routing,Missing: outside form routing,Missing: outside form routing,Missing: outside form routing,No
168,849200252,31b1910c-bea3-4bae-84ed-d8185f753ced,Bachelors 3rd year,,1,vbyDnUDjDtHU4iAauqfqE5,0,0,0,0,12,Biratnagar mahanagar palika,No,No,No,No,No,No,0,0,Answered,Missing: outside form routing,Answered,Answered,Missing: outside form routing,Missing: outside form routing,Answered,Answered,Missing: outside form routing,Answered,Missing: outside form routing,Missing: outside form routing,Missing: outside form routing,Missing: outside form routing,Missing: outside form routing,Missing: outside form routing,Missing: outside form routing,Missing: outside form routing,Missing: outside form routing,Missing: outside form routing,No
169,849200266,12e47022-e54f-4f73-9fed-a88f6390a4cb,Bachelors 3rd year,,1,vbyDnUDjDtHU4iAauqfqE5,0,0,0,0,12,Biratnagar Mahanagar palika ,No,No,No,No,No,No,0,0,Answered,Missing: outside form routing,Answered,Answered,Missing: outside form routing,Missing: outside form routing,Answered,Answered,Missing: outside form routing,Answered,Answered,Missing: outside form routing,Missing: outside form routing,Answered,Missing: outside form routing,Missing: outside form routing,Answered,Missing: outside form routing,Missing: outside form routing,Missing: outside form routing,No
170,849200282,57ad568d-08a7-4e12-b70d-de8c527f9d56,Masters 2nd year,,1,vbyDnUDjDtHU4iAauqfqE5,0,0,0,0,12,Biratnagar mahanagar palika,No,No,No,No,No,Yes,0,0,Answered,Missing: outside form routing,Answered,Answered,Answered,Missing: outside form routing,Answered,Answered,Answered,Missing: outside form routing,Answered,Missing: outside form routing,Missing: outside form routing,Answered,Missing: outside form routing,Missing: outside form routing,Answered,Missing: outside form routing,Missing: outside form routing,Missing: outside form routing,Yes
171,849313556,7c66d9b2-7635-4ac9-ae91-83ee2bdc164d,Bachelors 4th year,,1,vbyDnUDjDtHU4iAauqfqE5,0,0,0,0,4,Janakpur,No,No,No,No,No,No,0,0,Answered,Missing: outside form routing,Answered,Answered,Missing: outside form routing,Missing: outside form routing,Answered,Missing: outside form routing,Missing: outside form routing,Answered,Answered,Answered,Missing: outside form routing,Missing: outside form routing,Missing: outside form routing,Missing: outside form routing,Answered,Answered,Missing: outside form routing,Answered,No
172,849313586,0b76fcf0-07af-447e-87e9-56f9b4698fb1,Bachelors 4th year,,1,vbyDnUDjDtHU4iAauqfqE5,0,0,0,0,4,Janakpur,No,No,No,No,No,No,0,0,Answered,Missing: outside form routing,Answered,Answered,Missing: outside form routing,Missing: outside form routing,Answered,Missing: outside form routing,Missing: outside form routing,Answered,Missing: outside form routing,Missing: outside form routing,Missing: outside form routing,Missing: outside form routing,Missing: outside form routing,Missing: outside form routing,Missing: outside form routing,Missing: outside form routing,Missing: outside form routing,Missing: outside form routing,No
173,849313610,9c9ca63a-dace-4a13-ae17-a82e4dfc5eed,Bachelors 1st year,,1,vbyDnUDjDtHU4iAauqfqE5,0,0,0,0,4,Janakpur,No,No,No,No,No,No,0,0,Answered,Missing: outside form routing,Answered,Answered,Missing: outside form routing,Missing: outside form routing,Answered,Missing: outside form routing,Missing: outside form routing,Answered,Missing: outside form routing,Missing: outside form routing,Missing: outside form routing,Missing: outside form routing,Missing: outside form routing,Missing: outside form routing,Missing: outside form routing,Missing: outside form routing,Missing: outside form routing,Missing: outside form routing,No
174,849313632,250861a1-2ec3-4db3-aa19-44720de8fdea,Bachelors 3rd year,,1,vbyDnUDjDtHU4iAauqfqE5,0,0,0,0,4,Janakpur,No,No,No,No,No,No,0,0,Answered,Missing: outside form routing,Answered,Answered,Missing: outside form routing,Missing: outside form routing,Answered,Missing: outside form routing,Missing: outside form routing,Answered,Missing: outside form routing,Missing: outside form routing,Missing: outside form routing,Missing: outside form routing,Missing: outside form routing,Missing: outside form routing,Missing: outside form routing,Missing: outside form routing,Missing: outside form routing,Missing: outside form routing,No
175,849313657,09da8cea-16ad-4388-996c-e4deaf0eac07,Bachelors 1st year,,1,vbyDnUDjDtHU4iAauqfqE5,0,0,0,0,4,Janakpur,No,No,No,No,No,No,0,0,Answered,Missing: outside form routing,Answered,Answered,Missing: outside form routing,Missing: outside form routing,Answered,Missing: outside form routing,Missing: outside form routing,Answered,Missing: outside form routing,Missing: outside form routing,Missing: outside form routing,Missing: outside form routing,Missing: outside form routing,Missing: outside form routing,Missing: outside form routing,Missing: outside form routing,Missing: outside form routing,Missing: outside form routing,No
176,849329582,69a7748a-82ea-423f-941b-523ed65f1ae6,Bachelors 4th year,,1,vbyDnUDjDtHU4iAauqfqE5,0,0,0,0,4,Janakpurdham sub metropolitan,No,No,No,No,No,No,0,0,Answered,Missing: outside form routing,Answered,Answered,Missing: outside form routing,Missing: outside form routing,Answered,Answered,Answered,Missing: outside form routing,Missing: outside form routing,Missing: outside form routing,Missing: outside form routing,Missing: outside form routing,Missing: outside form routing,Missing: outside form routing,Missing: outside form routing,Missing: outside form routing,Missing: outside form routing,Missing: outside form routing,No
177,849329605,e0e43b6a-1ce6-4801-bd8e-0ac6c5eb052c,Bachelors 4th year,,1,vbyDnUDjDtHU4iAauqfqE5,0,0,0,0,4,Janakpurdham sub metropolitan,No,No,No,No,No,No,0,0,Answered,Missing: outside form routing,Answered,Answered,Missing: outside form routing,Missing: outside form routing,Answered,Missing: outside form routing,Missing: outside form routing,Missing: outside form routing,Missing: outside form routing,Missing: outside form routing,Missing: outside form routing,Missing: outside form routing,Missing: outside form routing,Missing: outside form routing,Missing: outside form routing,Missing: outside form routing,Missing: outside form routing,Missing: outside form routing,No
178,849329620,58491a28-c68a-4260-919d-132456ae62ea,Bachelors 1st year,,1,vbyDnUDjDtHU4iAauqfqE5,0,0,0,0,4,Janakpurdham sub metropolitan,No,No,No,No,No,No,0,0,Answered,Missing: outside form routing,Answered,Answered,Missing: outside form routing,Missing: outside form routing,Answered,Answered,Answered,Missing: outside form routing,Missing: outside form routing,Missing: outside form routing,Missing: outside form routing,Missing: outside form routing,Missing: outside form routing,Missing: outside form routing,Missing: outside form routing,Missing: outside form routing,Missing: outside form routing,Missing: outside form routing,No
179,849329635,4ad267f6-e3e5-4a81-8c9f-0231a4666935,Bachelors 1st year,,1,vbyDnUDjDtHU4iAauqfqE5,0,0,0,0,4,Janakpurdham sub metropolitan,No,No,No,No,No,No,0,0,Answered,Missing: outside form routing,Answered,Answered,Missing: outside form routing,Missing: outside form routing,Answered,Missing: outside form routing,Missing: outside form routing,Answered,Missing: outside form routing,Missing: outside form routing,Missing: outside form routing,Missing: outside form routing,Missing: outside form routing,Missing: outside form routing,Missing: outside form routing,Missing: outside form routing,Missing: outside form routing,Missing: outside form routing,No
180,849329659,aa710e3e-36de-4ea6-b574-2fcd24fd3a2f,Bachelors 1st year,,1,vbyDnUDjDtHU4iAauqfqE5,0,0,0,0,4,Janakpurdham sub metropolitan,No,No,No,No,No,No,0,0,Answered,Missing: outside form routing,Answered,Answered,Missing: outside form routing,Missing: outside form routing,Answered,Missing: outside form routing,Missing: outside form routing,Missing: outside form routing,Missing: outside form routing,Missing: outside form routing,Missing: outside form routing,Missing: outside form routing,Missing: outside form routing,Missing: outside form routing,Missing: outside form routing,Missing: outside form routing,Missing: outside form routing,Missing: outside form routing,No
181,849343709,e622165a-77fe-4484-ae86-dcc62a2964aa,Bachelors 2nd year,,1,vbyDnUDjDtHU4iAauqfqE5,0,0,0,0,3,Birendranagar,No,No,No,No,No,No,0,0,Answered,Missing: outside form routing,Answered,Answered,Missing: outside form routing,Missing: outside form routing,Answered,Missing: outside form routing,Missing: outside form routing,Answered,Missing: outside form routing,Missing: outside form routing,Missing: outside form routing,Missing: outside form routing,Missing: outside form routing,Missing: outside form routing,Missing: outside form routing,Missing: outside form routing,Missing: outside form routing,Missing: outside form routing,No
182,849343729,a966db6c-e307-45d1-9bdb-a490e64e21f1,Bachelors 1st year,,1,vbyDnUDjDtHU4iAauqfqE5,0,0,0,0,3,Birendranagar,No,No,No,No,No,No,0,0,Answered,Missing: outside form routing,Answered,Answered,Missing: outside form routing,Missing: outside form routing,Answered,Missing: outside form routing,Missing: outside form routing,Answered,Missing: outside form routing,Missing: outside form routing,Missing: outside form routing,Missing: outside form routing,Missing: outside form routing,Missing: outside form routing,Missing: outside form routing,Missing: outside form routing,Missing: outside form routing,Missing: outside form routing,No
183,849343744,321539eb-a95a-4d9b-8f89-dc412832ad0d,Bachelors 4th year,,1,vbyDnUDjDtHU4iAauqfqE5,0,0,0,0,8,Birendra,No,No,No,No,No,No,0,0,Answered,Missing: outside form routing,Answered,Answered,Missing: outside form routing,Missing: outside form routing,Answered,Missing: outside form routing,Answered,Missing: outside form routing,Missing: outside form routing,Missing: outside form routing,Missing: outside form routing,Missing: outside form routing,Missing: outside form routing,Missing: outside form routing,Missing: outside form routing,Missing: outside form routing,Missing: outside form routing,Missing: outside form routing,No
184,849343763,68c3e8d6-31b8-4cb4-b3cd-c8ad989487e1,Bachelors 4th year,,1,vbyDnUDjDtHU4iAauqfqE5,0,0,0,0,8,Birendranagar,No,No,No,No,No,No,0,0,Answered,Missing: outside form routing,Answered,Answered,Missing: outside form routing,Missing: outside form routing,Answered,Missing: outside form routing,Missing: outside form routing,Answered,Missing: outside form routing,Missing: outside form routing,Missing: outside form routing,Missing: outside form routing,Missing: outside form routing,Missing: outside form routing,Missing: outside form routing,Missing: outside form routing,Missing: outside form routing,Missing: outside form routing,No
185,849343791,26192489-17fa-46bb-8142-00d3cb723a92,Bachelors 4th year,,1,vbyDnUDjDtHU4iAauqfqE5,0,0,0,0,8,Birendranagar,No,No,No,No,No,No,0,0,Answered,Missing: outside form routing,Answered,Answered,Missing: outside form routing,Missing: outside form routing,Answered,Missing: outside form routing,Missing: outside form routing,Answered,Missing: outside form routing,Missing: outside form routing,Missing: outside form routing,Missing: outside form routing,Missing: outside form routing,Missing: outside form routing,Missing: outside form routing,Missing: outside form routing,Missing: outside form routing,Missing: outside form routing,No
186,849343808,5a864bdc-e6a6-45bb-b68f-3bfce6df5db8,Masters 1st year,2,1,vbyDnUDjDtHU4iAauqfqE5,0,0,0,0,8,Birendranagar,No,No,No,No,No,No,0,0,Answered,Missing: outside form routing,Answered,Answered,Answered,Answered,Answered,Missing: outside form routing,Missing: outside form routing,Answered,Answered,Missing: outside form routing,Missing: outside form routing,Answered,Missing: outside form routing,Missing: outside form routing,Answered,Missing: outside form routing,Missing: outside form routing,Missing: outside form routing,No
187,849343821,ecc145e7-fba4-4dc1-b3d2-a4dd54f7942a,Bachelors 3rd year,,1,vbyDnUDjDtHU4iAauqfqE5,0,0,0,0,8,Birendranagar,No,No,No,No,No,No,0,0,Answered,Missing: outside form routing,Answered,Answered,Missing: outside form routing,Missing: outside form routing,Answered,Missing: outside form routing,Missing: outside form routing,Answered,Answered,Missing: outside form routing,Missing: outside form routing,Answered,Missing: outside form routing,Missing: outside form routing,Answered,Missing: outside form routing,Missing: outside form routing,Missing: outside form routing,No
188,849346526,36dc5b8a-bb95-4a0e-a86e-8e8458c84b76,Bachelors 2nd year,,1,vbyDnUDjDtHU4iAauqfqE5,0,0,0,0,03,Birendranagar nagarpalika,No,No,No,No,No,No,0,0,Answered,Missing: outside form routing,Answered,Answered,Missing: outside form routing,Missing: outside form routing,Answered,Missing: outside form routing,Answered,Missing: outside form routing,Missing: outside form routing,Missing: outside form routing,Missing: outside form routing,Missing: outside form routing,Missing: outside form routing,Missing: outside form routing,Missing: outside form routing,Missing: outside form routing,Missing: outside form routing,Missing: outside form routing,No
189,849346542,4a97a1ee-6da0-4546-9bc5-9374cf93cfa7,Bachelors 1st year,,1,vbyDnUDjDtHU4iAauqfqE5,0,0,0,0,03,Birendranagar nagarpalika,No,No,No,No,No,No,0,0,Answered,Missing: outside form routing,Answered,Answered,Missing: outside form routing,Missing: outside form routing,Answered,Missing: outside form routing,Answered,Missing: outside form routing,Missing: outside form routing,Missing: outside form routing,Missing: outside form routing,Missing: outside form routing,Missing: outside form routing,Missing: outside form routing,Missing: outside form routing,Missing: outside form routing,Missing: outside form routing,Missing: outside form routing,No
190,849346561,99c327cc-2d2f-45e4-842f-8ff282629192,Bachelors 4th year,,3,vbyDnUDjDtHU4iAauqfqE5,0,0,0,0,08,Birendranagar nagarpalika,No,No,No,No,No,No,0,0,Answered,Missing: outside form routing,Answered,Answered,Missing: outside form routing,Missing: outside form routing,Answered,Answered,Missing: outside form routing,Missing: outside form routing,Answered,Missing: outside form routing,Missing: outside form routing,Answered,Missing: outside form routing,Missing: outside form routing,Answered,Missing: outside form routing,Missing: outside form routing,Missing: outside form routing,No
191,849346590,ce4d1e26-6ace-4e26-be30-0e8264423581,Bachelors 4th year,,1,vbyDnUDjDtHU4iAauqfqE5,0,0,0,0,08,Birendranagar nagarpalika,No,No,No,No,No,No,0,0,Answered,Missing: outside form routing,Answered,Answered,Missing: outside form routing,Missing: outside form routing,Answered,Missing: outside form routing,Missing: outside form routing,Answered,Answered,Answered,Missing: outside form routing,Missing: outside form routing,Missing: outside form routing,Missing: outside form routing,Answered,Answered,Missing: outside form routing,Missing: outside form routing,No
192,849346617,32c0a97d-b380-4565-899f-72f87de718a9,Bachelors 2nd year,,1,vbyDnUDjDtHU4iAauqfqE5,0,0,0,0,08,Birendranagar nagarpalika,No,No,No,No,No,No,0,0,Answered,Missing: outside form routing,Answered,Answered,Missing: outside form routing,Missing: outside form routing,Answered,Missing: outside form routing,Missing: outside form routing,Answered,Answered,Missing: outside form routing,Missing: outside form routing,Answered,Missing: outside form routing,Missing: outside form routing,Answered,Missing: outside form routing,Missing: outside form routing,Missing: outside form routing,No
193,849346632,b4754da8-4c76-49c5-ad63-7dbc008ede14,Bachelors 4th year,,1,vbyDnUDjDtHU4iAauqfqE5,0,0,0,0,08,Birendranagar nagarpalika,No,No,No,No,No,No,0,0,Answered,Missing: outside form routing,Answered,Answered,Missing: outside form routing,Missing: outside form routing,Answered,Answered,Missing: outside form routing,Missing: outside form routing,Answered,Missing: outside form routing,Missing: outside form routing,Answered,Missing: outside form routing,Missing: outside form routing,Answered,Missing: outside form routing,Missing: outside form routing,Missing: outside form routing,No
194,849346654,96702cac-f6ba-4479-a0b0-446f6a241cbc,Bachelors 4th year,,,vbyDnUDjDtHU4iAauqfqE5,0,0,0,0,08,Birendranagar nagarpalika,No,No,No,No,No,No,0,0,Answered,Missing: outside form routing,Answered,Answered,Missing: outside form routing,Missing: outside form routing,Missing: outside form routing,Answered,Missing: outside form routing,Answered,Answered,Answered,Missing: outside form routing,Missing: outside form routing,Missing: outside form routing,Missing: outside form routing,Answered,Answered,Missing: outside form routing,Answered,No
195,849499221,d334f722-5883-4432-8981-0f1753754b9d,Bachelors 2nd year,,1,vbyDnUDjDtHU4iAauqfqE5,0,0,0,0,8,Pokhara sub metro politicity,No,No,No,No,No,No,0,0,Answered,Missing: outside form routing,Answered,Answered,Missing: outside form routing,Missing: outside form routing,Answered,Missing: outside form routing,Answered,Missing: outside form routing,Answered,Answered,Missing: outside form routing,Missing: outside form routing,Missing: outside form routing,Missing: outside form routing,Answered,Missing: outside form routing,Missing: outside form routing,Missing: outside form routing,No
196,849499233,d89be32c-1ea0-4048-b928-cc36d4982d1d,Bachelors 2nd year,,1,vbyDnUDjDtHU4iAauqfqE5,0,0,0,0,8,Pokhara sub metro politicity,No,No,No,No,No,No,0,0,Answered,Missing: outside form routing,Answered,Answered,Missing: outside form routing,Missing: outside form routing,Answered,Missing: outside form routing,Missing: outside form routing,Answered,Missing: outside form routing,Missing: outside form routing,Missing: outside form routing,Missing: outside form routing,Missing: outside form routing,Missing: outside form routing,Missing: outside form routing,Missing: outside form routing,Missing: outside form routing,Missing: outside form routing,No
197,849499247,4ea4a318-76dc-4120-b91b-820a2ef4571c,Bachelors 2nd year,,1,vbyDnUDjDtHU4iAauqfqE5,0,0,0,0,8,Pokhara sub metro politicity,No,No,No,No,No,No,0,0,Answered,Missing: outside form routing,Answered,Answered,Missing: outside form routing,Missing: outside form routing,Answered,Answered,Answered,Missing: outside form routing,Missing: outside form routing,Missing: outside form routing,Missing: outside form routing,Missing: outside form routing,Missing: outside form routing,Missing: outside form routing,Missing: outside form routing,Missing: outside form routing,Missing: outside form routing,Answered,No
198,849499260,d11c93ed-79a7-4c79-b3ab-e08ff74323e8,Bachelors 3rd year,,1,vbyDnUDjDtHU4iAauqfqE5,0,0,0,0,8,Pokhara sub metro politicity,No,No,No,No,No,No,0,0,Answered,Missing: outside form routing,Answered,Answered,Missing: outside form routing,Missing: outside form routing,Answered,Missing: outside form routing,Missing: outside form routing,Answered,Missing: outside form routing,Missing: outside form routing,Missing: outside form routing,Missing: outside form routing,Missing: outside form routing,Missing: outside form routing,Missing: outside form routing,Missing: outside form routing,Missing: outside form routing,Missing: outside form routing,No
199,849499266,e825b7c3-8ff5-41c8-8c20-966ddd843fc8,Bachelors 2nd year,,1,vbyDnUDjDtHU4iAauqfqE5,0,0,0,0,8,Pokhara sub metro politicity,No,No,No,No,No,No,0,0,Answered,Missing: outside form routing,Answered,Answered,Missing: outside form routing,Missing: outside form routing,Answered,Answered,Missing: outside form routing,Answered,Missing: outside form routing,Missing: outside form routing,Missing: outside form routing,Missing: outside form routing,Missing: outside form routing,Missing: outside form routing,Missing: outside form routing,Missing: outside form routing,Missing: outside form routing,Missing: outside form routing,No
200,849499278,5ea7d981-c053-430d-8ecb-330c491aadf1,Bachelors 3rd year,,1,vbyDnUDjDtHU4iAauqfqE5,0,0,0,0,8,Pokhara sub metro politicity,No,No,No,No,No,No,0,0,Answered,Missing: outside form routing,Answered,Answered,Missing: outside form routing,Missing: outside form routing,Answered,Missing: outside form routing,Missing: outside form routing,Answered,Answered,Answered,Missing: outside form routing,Missing: outside form routing,Missing: outside form routing,Missing: outside form routing,Answered,Answered,Missing: outside form routing,Missing: outside form routing,No
201,849540822,da22dc62-edf8-4d72-ba86-cb43262ff70c,Bachelors 4th year,,1,vbyDnUDjDtHU4iAauqfqE5,0,0,0,0,11,tarkeshowar,No,No,No,No,No,No,0,0,Answered,Missing: outside form routing,Answered,Answered,Missing: outside form routing,Missing: outside form routing,Answered,Missing: outside form routing,Missing: outside form routing,Answered,Answered,Missing: outside form routing,Missing: outside form routing,Answered,Missing: outside form routing,Missing: outside form routing,Answered,Missing: outside form routing,Missing: outside form routing,Answered,No
202,849540840,d2052544-81db-4d1d-9016-5954a42af50a,Bachelors 3rd year,,41,vbyDnUDjDtHU4iAauqfqE5,0,0,0,0,11,tarkeshwar ,No,No,No,No,No,No,0,0,Answered,Missing: outside form routing,Answered,Answered,Missing: outside form routing,Missing: outside form routing,Answered,Answered,Answered,Missing: outside form routing,Answered,Answered,Missing: outside form routing,Missing: outside form routing,Missing: outside form routing,Missing: outside form routing,Answered,Answered,Missing: outside form routing,Answered,No
203,849540855,9893f795-c847-43d5-84f9-b4c615067052,Masters 1st year,2,1,vbyDnUDjDtHU4iAauqfqE5,0,0,0,0,11,tarkeshwor ,No,No,No,No,No,No,0,0,Answered,Missing: outside form routing,Answered,Answered,Answered,Answered,Answered,Missing: outside form routing,Missing: outside form routing,Answered,Answered,Missing: outside form routing,Missing: outside form routing,Answered,Missing: outside form routing,Missing: outside form routing,Answered,Missing: outside form routing,Missing: outside form routing,Missing: outside form routing,No
204,849540871,c715a9a5-a4fa-4277-a04b-e9980494cda7,Bachelors 3rd year,,1,vbyDnUDjDtHU4iAauqfqE5,0,0,0,0,11,Tarkeshwor,No,No,No,No,No,No,0,0,Answered,Missing: outside form routing,Answered,Answered,Missing: outside form routing,Missing: outside form routing,Answered,Answered,Missing: outside form routing,Missing: outside form routing,Missing: outside form routing,Missing: outside form routing,Missing: outside form routing,Missing: outside form routing,Missing: outside form routing,Missing: outside form routing,Missing: outside form routing,Missing: outside form routing,Missing: outside form routing,Missing: outside form routing,No
205,849540896,601d08f3-39d9-4df6-aa31-9c3efa230cb7,Bachelors 2nd year,,1,vbyDnUDjDtHU4iAauqfqE5,0,0,0,0,७,tokha,No,No,No,No,No,No,0,0,Answered,Missing: outside form routing,Answered,Answered,Missing: outside form routing,Missing: outside form routing,Answered,Missing: outside form routing,Answered,Missing: outside form routing,Answered,Missing: outside form routing,Missing: outside form routing,Answered,Answered,Missing: outside form routing,Answered,Answered,Missing: outside form routing,Missing: outside form routing,No
206,849540908,1e363d09-f9f6-4650-bd5a-757330ddc58f,Bachelors 1st year,,5,vbyDnUDjDtHU4iAauqfqE5,0,0,0,0,९,Tokha,No,No,No,No,No,No,0,0,Answered,Missing: outside form routing,Answered,Answered,Missing: outside form routing,Missing: outside form routing,Answered,Missing: outside form routing,Answered,Missing: outside form routing,Missing: outside form routing,Missing: outside form routing,Missing: outside form routing,Missing: outside form routing,Missing: outside form routing,Missing: outside form routing,Missing: outside form routing,Missing: outside form routing,Missing: outside form routing,Answered,No
207,849540927,22d2066b-7a25-46e3-a2ed-5df30d546499,Bachelors 4th year,,1,vbyDnUDjDtHU4iAauqfqE5,0,0,0,1,,Tokha,No,No,No,No,No,No,0,0,Answered,Missing: outside form routing,Answered,Answered,Missing: outside form routing,Missing: outside form routing,Answered,Answered,Answered,Missing: outside form routing,Answered,Answered,Missing: outside form routing,Missing: outside form routing,Missing: outside form routing,Missing: outside form routing,Answered,Answered,Missing: outside form routing,Missing: outside form routing,No
208,849540945,4b56350a-431a-450e-8f4c-4bdb985db839,Bachelors 3rd year,,1,vbyDnUDjDtHU4iAauqfqE5,0,0,0,1,,Tokha,No,No,No,No,No,No,0,0,Answered,Missing: outside form routing,Answered,Answered,Missing: outside form routing,Missing: outside form routing,Answered,Answered,Missing: outside form routing,Answered,Answered,Answered,Missing: outside form routing,Missing: outside form routing,Missing: outside form routing,Missing: outside form routing,Answered,Answered,Missing: outside form routing,Missing: outside form routing,No
209,849540964,e1826536-2ab9-42c8-99f0-bb7c8bd8660b,Bachelors 3rd year,,1,vbyDnUDjDtHU4iAauqfqE5,0,0,0,0,3,Kathmandu metropolitan ,No,No,No,No,No,No,0,0,Answered,Missing: outside form routing,Answered,Answered,Missing: outside form routing,Missing: outside form routing,Answered,Answered,Answered,Missing: outside form routing,Missing: outside form routing,Missing: outside form routing,Missing: outside form routing,Missing: outside form routing,Missing: outside form routing,Missing: outside form routing,Missing: outside form routing,Missing: outside form routing,Missing: outside form routing,Answered,No
210,849540985,87b6b6ab-47b3-4f1f-a4fa-197046f14cdb,Bachelors 3rd year,,5,vbyDnUDjDtHU4iAauqfqE5,0,0,0,0,3,Kathmandu metropolitan ,No,No,No,No,No,No,0,0,Answered,Missing: outside form routing,Answered,Answered,Missing: outside form routing,Missing: outside form routing,Answered,Missing: outside form routing,Missing: outside form routing,Missing: outside form routing,Answered,Answered,Missing: outside form routing,Missing: outside form routing,Missing: outside form routing,Missing: outside form routing,Answered,Answered,Missing: outside form routing,Missing: outside form routing,No
211,849590530,60a44b54-04aa-4e66-94df-1aff3a5f0634,Bachelors 2nd year,,1,vbyDnUDjDtHU4iAauqfqE5,0,0,0,0,8,Pokhara up na pa,No,No,No,No,No,No,0,0,Answered,Missing: outside form routing,Answered,Answered,Missing: outside form routing,Missing: outside form routing,Answered,Missing: outside form routing,Answered,Missing: outside form routing,Missing: outside form routing,Missing: outside form routing,Missing: outside form routing,Missing: outside form routing,Missing: outside form routing,Missing: outside form routing,Missing: outside form routing,Missing: outside form routing,Missing: outside form routing,Missing: outside form routing,No
212,849590545,0828e73e-8910-47a6-b514-6d0b6f96c5b5,Bachelors 1st year,,1,vbyDnUDjDtHU4iAauqfqE5,0,0,0,0,8,Pokhara up na pa,No,No,No,No,No,No,0,0,Answered,Missing: outside form routing,Answered,Answered,Missing: outside form routing,Missing: outside form routing,Answered,Answered,Missing: outside form routing,Answered,Missing: outside form routing,Missing: outside form routing,Missing: outside form routing,Missing: outside form routing,Missing: outside form routing,Missing: outside form routing,Missing: outside form routing,Missing: outside form routing,Missing: outside form routing,Answered,No
213,849590558,bb3c5630-61d9-41f3-8bd8-343d5cafba3e,Bachelors 2nd year,,1,vbyDnUDjDtHU4iAauqfqE5,0,0,0,0,8,Pokhara up na pa,No,No,No,No,No,No,0,0,Answered,Missing: outside form routing,Answered,Answered,Missing: outside form routing,Missing: outside form routing,Answered,Missing: outside form routing,Answered,Missing: outside form routing,Missing: outside form routing,Missing: outside form routing,Missing: outside form routing,Missing: outside form routing,Missing: outside form routing,Missing: outside form routing,Missing: outside form routing,Missing: outside form routing,Missing: outside form routing,Missing: outside form routing,No
214,849590578,cc836f4e-550b-49da-9a68-461af63dfa1d,Bachelors 2nd year,,1,vbyDnUDjDtHU4iAauqfqE5,0,0,0,0,8,Pokhara up na pa,No,No,No,No,No,No,0,0,Answered,Missing: outside form routing,Answered,Answered,Missing: outside form routing,Missing: outside form routing,Answered,Answered,Missing: outside form routing,Answered,Missing: outside form routing,Missing: outside form routing,Missing: outside form routing,Missing: outside form routing,Missing: outside form routing,Missing: outside form routing,Missing: outside form routing,Missing: outside form routing,Missing: outside form routing,Missing: outside form routing,No
215,849590593,e554fe55-9647-4b79-9253-d5d7aa73e143,Bachelors 2nd year,,1,vbyDnUDjDtHU4iAauqfqE5,0,0,0,0,8,Pokhara up na pa ,No,No,No,No,No,No,0,0,Answered,Missing: outside form routing,Answered,Answered,Missing: outside form routing,Missing: outside form routing,Answered,Missing: outside form routing,Missing: outside form routing,Answered,Missing: outside form routing,Missing: outside form routing,Missing: outside form routing,Missing: outside form routing,Missing: outside form routing,Missing: outside form routing,Missing: outside form routing,Missing: outside form routing,Missing: outside form routing,Missing: outside form routing,No
216,849592265,3a9499e9-cbd1-4886-96a8-23a50be75ddf,Bachelors 1st year,,1,vbyDnUDjDtHU4iAauqfqE5,0,0,0,0,8,Pokhara up na pa,No,No,No,No,No,No,0,0,Answered,Missing: outside form routing,Answered,Answered,Missing: outside form routing,Missing: outside form routing,Answered,Missing: outside form routing,Missing: outside form routing,Answered,Missing: outside form routing,Missing: outside form routing,Missing: outside form routing,Missing: outside form routing,Missing: outside form routing,Missing: outside form routing,Missing: outside form routing,Missing: outside form routing,Missing: outside form routing,Missing: outside form routing,No
217,849602879,cc852957-2131-470e-ac81-8fc9cac3ffd9,Bachelors 2nd year,,1,vbyDnUDjDtHU4iAauqfqE5,0,0,0,0,8,Pokhara sub metropolitan city ,No,No,No,No,No,No,0,0,Answered,Missing: outside form routing,Answered,Answered,Missing: outside form routing,Missing: outside form routing,Answered,Missing: outside form routing,Missing: outside form routing,Missing: outside form routing,Missing: outside form routing,Missing: outside form routing,Missing: outside form routing,Missing: outside form routing,Missing: outside form routing,Missing: outside form routing,Missing: outside form routing,Missing: outside form routing,Missing: outside form routing,Missing: outside form routing,No
218,849602907,14bad5b6-1f9d-41ec-bef5-5f771f20e43c,Bachelors 1st year,,1,vbyDnUDjDtHU4iAauqfqE5,0,0,0,0,8,Pokhara sub metropolitan city ,No,No,No,No,No,No,0,0,Answered,Missing: outside form routing,Answered,Answered,Missing: outside form routing,Missing: outside form routing,Answered,Missing: outside form routing,Answered,Missing: outside form routing,Missing: outside form routing,Missing: outside form routing,Missing: outside form routing,Missing: outside form routing,Missing: outside form routing,Missing: outside form routing,Missing: outside form routing,Missing: outside form routing,Missing: outside form routing,Answered,No
219,849602919,ed0ce7eb-3ec4-4404-813f-3babd69d86e2,Bachelors 2nd year,,1,vbyDnUDjDtHU4iAauqfqE5,0,0,0,0,8,Pokhara sub metropolitan city ,No,No,No,No,No,No,0,0,Answered,Missing: outside form routing,Answered,Answered,Missing: outside form routing,Missing: outside form routing,Answered,Missing: outside form routing,Missing: outside form routing,Missing: outside form routing,Missing: outside form routing,Missing: outside form routing,Missing: outside form routing,Missing: outside form routing,Missing: outside form routing,Missing: outside form routing,Missing: outside form routing,Missing: outside form routing,Missing: outside form routing,Missing: outside form routing,No
220,849602928,c062827f-9594-414e-96b8-9208345f31a7,Bachelors 2nd year,,1,vbyDnUDjDtHU4iAauqfqE5,0,0,0,0,8,Pokhara sub metropolitan city ,No,No,No,No,No,No,0,0,Answered,Missing: outside form routing,Answered,Answered,Missing: outside form routing,Missing: outside form routing,Answered,Missing: outside form routing,Missing: outside form routing,Missing: outside form routing,Missing: outside form routing,Missing: outside form routing,Missing: outside form routing,Missing: outside form routing,Missing: outside form routing,Missing: outside form routing,Missing: outside form routing,Missing: outside form routing,Missing: outside form routing,Answered,No
221,849602943,0481f9e4-e720-4451-a553-35cc3e5c897b,Bachelors 3rd year,,1,vbyDnUDjDtHU4iAauqfqE5,0,0,0,0,8,Pokhara sub metropolitan city ,No,No,No,No,No,No,0,0,Answered,Missing: outside form routing,Answered,Answered,Missing: outside form routing,Missing: outside form routing,Answered,Missing: outside form routing,Missing: outside form routing,Missing: outside form routing,Answered,Answered,Missing: outside form routing,Missing: outside form routing,Missing: outside form routing,Missing: outside form routing,Answered,Answered,Missing: outside form routing,Missing: outside form routing,No
222,849602950,4f2288a1-1be7-49b3-9739-20999be70a0b,Bachelors 2nd year,,1,vbyDnUDjDtHU4iAauqfqE5,0,0,0,0,8,Pokhara sub metropolitan city ,No,No,No,No,No,No,0,0,Answered,Missing: outside form routing,Answered,Answered,Missing: outside form routing,Missing: outside form routing,Answered,Missing: outside form routing,Missing: outside form routing,Missing: outside form routing,Missing: outside form routing,Missing: outside form routing,Missing: outside form routing,Missing: outside form routing,Missing: outside form routing,Missing: outside form routing,Missing: outside form routing,Missing: outside form routing,Missing: outside form routing,Missing: outside form routing,No
223,850432918,c2a23e3c-5f67-4664-a6c1-33261bc151e7,Bachelors 3rd year,,1,vbyDnUDjDtHU4iAauqfqE5,0,0,0,0,5,Tokha,No,No,No,No,No,No,0,0,Answered,Missing: outside form routing,Answered,Answered,Missing: outside form routing,Missing: outside form routing,Answered,Answered,Missing: outside form routing,Answered,Answered,Answered,Missing: outside form routing,Missing: outside form routing,Missing: outside form routing,Missing: outside form routing,Answered,Answered,Missing: outside form routing,Missing: outside form routing,No
224,850432933,60ba89e8-2490-4669-9f76-ebac0d0af42e,Bachelors 3rd year,,1,vbyDnUDjDtHU4iAauqfqE5,0,0,0,0,5,Tokha,No,No,No,No,No,No,0,0,Answered,Missing: outside form routing,Answered,Answered,Missing: outside form routing,Missing: outside form routing,Answered,Missing: outside form routing,Answered,Missing: outside form routing,Answered,Answered,Missing: outside form routing,Missing: outside form routing,Missing: outside form routing,Missing: outside form routing,Answered,Answered,Missing: outside form routing,Missing: outside form routing,No
225,850432942,2b86578c-f355-4e63-8f7a-0039a915ff94,Bachelors 3rd year,,41,vbyDnUDjDtHU4iAauqfqE5,0,0,0,0,5,Tokha,No,No,No,No,No,No,0,0,Answered,Missing: outside form routing,Answered,Answered,Missing: outside form routing,Missing: outside form routing,Answered,Missing: outside form routing,Missing: outside form routing,Missing: outside form routing,Answered,Answered,Missing: outside form routing,Missing: outside form routing,Missing: outside form routing,Missing: outside form routing,Answered,Answered,Missing: outside form routing,Answered,No
226,850432961,9a4ffc4c-8fb5-4aa4-a0aa-1bfd7d12de36,Bachelors 3rd year,,1,vbyDnUDjDtHU4iAauqfqE5,0,0,0,0,5,Tokha,No,No,No,No,No,No,0,0,Answered,Missing: outside form routing,Answered,Answered,Missing: outside form routing,Missing: outside form routing,Answered,Answered,Answered,Missing: outside form routing,Answered,Answered,Missing: outside form routing,Missing: outside form routing,Missing: outside form routing,Missing: outside form routing,Answered,Answered,Missing: outside form routing,Missing: outside form routing,No
227,850432980,c75fc636-7765-44d2-a779-5b93289fa86b,Bachelors 3rd year,,1,vbyDnUDjDtHU4iAauqfqE5,0,0,0,0,5,Tokha,No,No,No,No,No,No,0,0,Answered,Missing: outside form routing,Answered,Answered,Missing: outside form routing,Missing: outside form routing,Answered,Missing: outside form routing,Answered,Missing: outside form routing,Answered,Answered,Missing: outside form routing,Missing: outside form routing,Missing: outside form routing,Missing: outside form routing,Answered,Answered,Missing: outside form routing,Missing: outside form routing,No
228,850512480,971a579c-54f8-4b01-af6f-a0ca5ae901e7,Bachelors 2nd year,,1,vbyDnUDjDtHU4iAauqfqE5,0,0,0,0,17,Pokhara up na pa,No,No,No,No,No,No,0,0,Answered,Missing: outside form routing,Answered,Answered,Missing: outside form routing,Missing: outside form routing,Answered,Answered,Missing: outside form routing,Answered,Missing: outside form routing,Missing: outside form routing,Missing: outside form routing,Missing: outside form routing,Missing: outside form routing,Missing: outside form routing,Missing: outside form routing,Missing: outside form routing,Missing: outside form routing,Missing: outside form routing,No
229,850512514,73062eb2-2c7f-4285-aba4-2d48df3737ab,Bachelors 3rd year,,1,vbyDnUDjDtHU4iAauqfqE5,0,0,0,0,17,Pokhara up na pa,No,No,No,No,No,No,0,0,Answered,Missing: outside form routing,Answered,Answered,Missing: outside form routing,Missing: outside form routing,Answered,Missing: outside form routing,Answered,Missing: outside form routing,Answered,Answered,Missing: outside form routing,Missing: outside form routing,Missing: outside form routing,Missing: outside form routing,Answered,Answered,Missing: outside form routing,Missing: outside form routing,No
230,850512562,e0c6a716-89e9-4ac8-8464-aae903d23a52,Bachelors 3rd year,,1,vbyDnUDjDtHU4iAauqfqE5,0,0,0,0,17,Pokhara up na pa,No,No,No,No,No,No,0,0,Answered,Missing: outside form routing,Answered,Answered,Missing: outside form routing,Missing: outside form routing,Answered,Missing: outside form routing,Answered,Missing: outside form routing,Answered,Missing: outside form routing,Missing: outside form routing,Answered,Missing: outside form routing,Missing: outside form routing,Answered,Missing: outside form routing,Missing: outside form routing,Missing: outside form routing,No
231,850512575,fd164934-f1e6-41dd-adb4-0a229d5dbd4d,Bachelors 3rd year,,1,vbyDnUDjDtHU4iAauqfqE5,0,0,0,0,17,Pokhara up na pa,No,No,No,No,No,No,0,0,Answered,Missing: outside form routing,Answered,Answered,Missing: outside form routing,Missing: outside form routing,Answered,Missing: outside form routing,Missing: outside form routing,Answered,Answered,Missing: outside form routing,Missing: outside form routing,Answered,Missing: outside form routing,Missing: outside form routing,Answered,Missing: outside form routing,Missing: outside form routing,Missing: outside form routing,No
232,850512593,9a45c85c-92d9-4a99-a967-444104640d9b,Bachelors 2nd year,,1,vbyDnUDjDtHU4iAauqfqE5,0,0,0,0,17,Pokhara up na pa ,No,No,No,No,No,No,0,0,Answered,Missing: outside form routing,Answered,Answered,Missing: outside form routing,Missing: outside form routing,Answered,Missing: outside form routing,Missing: outside form routing,Answered,Missing: outside form routing,Missing: outside form routing,Missing: outside form routing,Missing: outside form routing,Missing: outside form routing,Missing: outside form routing,Missing: outside form routing,Missing: outside form routing,Missing: outside form routing,Missing: outside form routing,No
233,850512658,b72c7037-66ba-4bd1-aaf2-b4bcb747f2d0,Bachelors 2nd year,,41,vbyDnUDjDtHU4iAauqfqE5,0,0,0,0,17,Pokhara up na pa,No,No,No,No,No,No,0,0,Answered,Missing: outside form routing,Answered,Answered,Missing: outside form routing,Missing: outside form routing,Answered,Missing: outside form routing,Answered,Missing: outside form routing,Answered,Missing: outside form routing,Missing: outside form routing,Answered,Missing: outside form routing,Missing: outside form routing,Answered,Missing: outside form routing,Missing: outside form routing,Missing: outside form routing,No
234,850516208,ca430e4c-0881-4dc4-9aef-5d64b8132664,Bachelors 4th year,,1,vbyDnUDjDtHU4iAauqfqE5,0,0,0,0,17,Pokhara sub metro politicity,No,No,No,No,No,No,0,0,Answered,Missing: outside form routing,Answered,Answered,Missing: outside form routing,Missing: outside form routing,Answered,Missing: outside form routing,Answered,Missing: outside form routing,Missing: outside form routing,Missing: outside form routing,Missing: outside form routing,Missing: outside form routing,Missing: outside form routing,Missing: outside form routing,Missing: outside form routing,Missing: outside form routing,Missing: outside form routing,Missing: outside form routing,No
235,850516228,d1642ffe-d43b-48f2-911f-3c92589d2ea9,Bachelors 3rd year,,1,vbyDnUDjDtHU4iAauqfqE5,0,0,0,0,17,Pokhara sub metro politicity,No,No,No,No,No,No,0,0,Answered,Missing: outside form routing,Answered,Answered,Missing: outside form routing,Missing: outside form routing,Answered,Answered,Answered,Missing: outside form routing,Answered,Answered,Missing: outside form routing,Missing: outside form routing,Missing: outside form routing,Missing: outside form routing,Answered,Answered,Missing: outside form routing,Missing: outside form routing,No
236,850516283,bc12ea7b-7f70-4269-9d0f-d262546037b0,Bachelors 3rd year,,41,vbyDnUDjDtHU4iAauqfqE5,0,0,0,0,17,Pokhara sub metro politicity,No,No,No,No,No,No,0,0,Answered,Missing: outside form routing,Answered,Answered,Missing: outside form routing,Missing: outside form routing,Answered,Answered,Answered,Missing: outside form routing,Answered,Missing: outside form routing,Missing: outside form routing,Answered,Missing: outside form routing,Missing: outside form routing,Answered,Missing: outside form routing,Missing: outside form routing,Answered,No
237,850516387,f4690fce-71ad-46bb-afe9-090c491e7d97,Bachelors 3rd year,,1,vbyDnUDjDtHU4iAauqfqE5,0,0,0,0,17,Pokhara sub metro politicity,No,No,No,No,No,No,0,0,Answered,Missing: outside form routing,Answered,Answered,Missing: outside form routing,Missing: outside form routing,Answered,Answered,Answered,Missing: outside form routing,Answered,Missing: outside form routing,Missing: outside form routing,Answered,Missing: outside form routing,Missing: outside form routing,Answered,Missing: outside form routing,Missing: outside form routing,Missing: outside form routing,No
238,850516433,c74190fe-2f0e-4722-b323-71bd94702c74,Bachelors 3rd year,,1,vbyDnUDjDtHU4iAauqfqE5,0,0,0,0,17,Pokhara sub metropoliticity,No,No,No,No,No,No,0,0,Answered,Missing: outside form routing,Answered,Answered,Missing: outside form routing,Missing: outside form routing,Answered,Missing: outside form routing,Missing: outside form routing,Answered,Answered,Answered,Missing: outside form routing,Missing: outside form routing,Missing: outside form routing,Missing: outside form routing,Answered,Answered,Missing: outside form routing,Missing: outside form routing,No
239,850516471,9c9e05cb-1c73-4e29-8c77-a6d52bb7aa1a,Bachelors 2nd year,,1,vbyDnUDjDtHU4iAauqfqE5,0,0,0,0,17,Pokhara sub metro politicity,No,No,No,No,No,No,0,0,Answered,Missing: outside form routing,Answered,Answered,Missing: outside form routing,Missing: outside form routing,Answered,Answered,Missing: outside form routing,Answered,Missing: outside form routing,Missing: outside form routing,Missing: outside form routing,Missing: outside form routing,Missing: outside form routing,Missing: outside form routing,Missing: outside form routing,Missing: outside form routing,Missing: outside form routing,Missing: outside form routing,No
240,850540492,cdd5e724-a518-4ad4-88f9-8835d324a471,Bachelors 3rd year,,1,vbyDnUDjDtHU4iAauqfqE5,0,0,0,0,17,Pokhara sub metropolitan city ,No,No,No,No,No,No,0,0,Answered,Missing: outside form routing,Answered,Answered,Missing: outside form routing,Missing: outside form routing,Answered,Answered,Answered,Missing: outside form routing,Missing: outside form routing,Missing: outside form routing,Missing: outside form routing,Missing: outside form routing,Missing: outside form routing,Missing: outside form routing,Missing: outside form routing,Missing: outside form routing,Missing: outside form routing,Answered,No
241,850540508,96ce17ad-c876-457d-88a5-fc8afc2e784a,Bachelors 3rd year,,1,vbyDnUDjDtHU4iAauqfqE5,0,0,0,0,17,Pokh,No,No,No,No,No,No,0,0,Answered,Missing: outside form routing,Answered,Answered,Missing: outside form routing,Missing: outside form routing,Answered,Missing: outside form routing,Answered,Missing: outside form routing,Answered,Answered,Missing: outside form routing,Missing: outside form routing,Missing: outside form routing,Missing: outside form routing,Answered,Answered,Missing: outside form routing,Missing: outside form routing,No
242,850540591,0dde0bb3-644f-4570-b92f-515616d7baae,Bachelors 3rd year,,1,vbyDnUDjDtHU4iAauqfqE5,0,0,0,0,17,Pokhara sub metropolitan city ,No,No,No,No,No,No,0,0,Answered,Missing: outside form routing,Answered,Answered,Missing: outside form routing,Missing: outside form routing,Answered,Missing: outside form routing,Answered,Missing: outside form routing,Missing: outside form routing,Missing: outside form routing,Missing: outside form routing,Missing: outside form routing,Missing: outside form routing,Missing: outside form routing,Missing: outside form routing,Missing: outside form routing,Missing: outside form routing,Missing: outside form routing,No
243,850540631,73e4af80-cb7e-45e1-80f6-cdead08f2d9a,Bachelors 3rd year,,1,vbyDnUDjDtHU4iAauqfqE5,0,0,0,0,17,Pokhara sub metropolitan city ,No,No,No,No,No,No,0,0,Answered,Missing: outside form routing,Answered,Answered,Missing: outside form routing,Missing: outside form routing,Answered,Answered,Missing: outside form routing,Missing: outside form routing,Answered,Answered,Missing: outside form routing,Missing: outside form routing,Missing: outside form routing,Missing: outside form routing,Answered,Answered,Missing: outside form routing,Missing: outside form routing,No
244,850540645,007e6fc4-3d76-4c88-8566-294046c10d8f,Bachelors 3rd year,,3,vbyDnUDjDtHU4iAauqfqE5,0,0,0,0,17,Pokhara sub metropolitan city ,No,No,No,No,No,No,0,0,Answered,Missing: outside form routing,Answered,Answered,Missing: outside form routing,Missing: outside form routing,Answered,Answered,Answered,Missing: outside form routing,Answered,Answered,Missing: outside form routing,Missing: outside form routing,Missing: outside form routing,Missing: outside form routing,Answered,Answered,Missing: outside form routing,Missing: outside form routing,No
245,850564870,03af2cec-e58d-4311-a1c2-2fb6d218e7a5,Bachelors 2nd year,,1,vbyDnUDjDtHU4iAauqfqE5,0,0,0,0,4,Janakpurdham sub metropolitan,No,No,No,No,No,No,0,0,Answered,Missing: outside form routing,Answered,Answered,Missing: outside form routing,Missing: outside form routing,Answered,Missing: outside form routing,Missing: outside form routing,Answered,Answered,Answered,Missing: outside form routing,Missing: outside form routing,Missing: outside form routing,Missing: outside form routing,Answered,Answered,Missing: outside form routing,Missing: outside form routing,No
246,850564891,2e908cb2-7b97-483c-9041-06d7e8e8fdb5,Bachelors 3rd year,,1,vbyDnUDjDtHU4iAauqfqE5,0,0,0,0,4,Janakpurdham sub metropolitan,No,No,No,No,No,No,0,0,Answered,Missing: outside form routing,Answered,Answered,Missing: outside form routing,Missing: outside form routing,Answered,Missing: outside form routing,Missing: outside form routing,Answered,Answered,Answered,Missing: outside form routing,Missing: outside form routing,Missing: outside form routing,Missing: outside form routing,Answered,Answered,Missing: outside form routing,Missing: outside form routing,No
247,850564910,e393a787-dcb1-4ef1-8192-2eba2594fd7b,Bachelors 3rd year,,1,vbyDnUDjDtHU4iAauqfqE5,0,0,0,0,4,Janakpurdham sub metropolitan,No,No,No,No,No,No,0,0,Answered,Missing: outside form routing,Answered,Answered,Missing: outside form routing,Missing: outside form routing,Answered,Answered,Answered,Missing: outside form routing,Missing: outside form routing,Missing: outside form routing,Missing: outside form routing,Missing: outside form routing,Missing: outside form routing,Missing: outside form routing,Missing: outside form routing,Missing: outside form routing,Missing: outside form routing,Missing: outside form routing,No
248,850564941,2f394a1a-2cec-4c13-a3eb-e835150582f1,Bachelors 4th year,,1,vbyDnUDjDtHU4iAauqfqE5,0,0,0,0,4,Janakpurdham sub metropolitan,No,No,No,No,No,No,0,0,Answered,Missing: outside form routing,Answered,Answered,Missing: outside form routing,Missing: outside form routing,Answered,Answered,Answered,Missing: outside form routing,Answered,Answered,Missing: outside form routing,Missing: outside form routing,Missing: outside form routing,Missing: outside form routing,Answered,Answered,Missing: outside form routing,Missing: outside form routing,No
249,850564957,fbd83981-4a09-4adf-af10-b82cd41203b2,Bachelors 4th year,,1,vbyDnUDjDtHU4iAauqfqE5,0,0,0,0,4,Janakpurdham sub metropolitan,No,No,No,No,No,No,0,0,Answered,Missing: outside form routing,Answered,Answered,Missing: outside form routing,Missing: outside form routing,Answered,Missing: outside form routing,Missing: outside form routing,Answered,Missing: outside form routing,Missing: outside form routing,Missing: outside form routing,Missing: outside form routing,Missing: outside form routing,Missing: outside form routing,Missing: outside form routing,Missing: outside form routing,Missing: outside form routing,Missing: outside form routing,No
250,850569914,02adfcf7-94e8-40ba-aef7-b7ab7a1f6054,Bachelors 1st year,,1,vbyDnUDjDtHU4iAauqfqE5,0,0,0,0,4,Janakpurdham,No,No,No,No,No,No,0,0,Answered,Missing: outside form routing,Answered,Answered,Missing: outside form routing,Missing: outside form routing,Answered,Answered,Missing: outside form routing,Answered,Missing: outside form routing,Missing: outside form routing,Missing: outside form routing,Missing: outside form routing,Missing: outside form routing,Missing: outside form routing,Missing: outside form routing,Missing: outside form routing,Missing: outside form routing,Missing: outside form routing,No
251,850569942,de833852-1cfe-4c07-983a-162367b01528,Bachelors 1st year,,1,vbyDnUDjDtHU4iAauqfqE5,0,0,0,0,4,Janakpurdham,No,No,No,No,No,No,0,0,Answered,Missing: outside form routing,Answered,Answered,Missing: outside form routing,Missing: outside form routing,Answered,Missing: outside form routing,Missing: outside form routing,Answered,Missing: outside form routing,Missing: outside form routing,Missing: outside form routing,Missing: outside form routing,Missing: outside form routing,Missing: outside form routing,Missing: outside form routing,Missing: outside form routing,Missing: outside form routing,Missing: outside form routing,No
252,850569959,3e155c2f-b1a2-4fcd-ab2c-c140081c6ad4,Bachelors 2nd year,,1,vbyDnUDjDtHU4iAauqfqE5,0,0,0,0,4,Janakpurdham,No,No,No,No,No,No,0,0,Answered,Missing: outside form routing,Answered,Answered,Missing: outside form routing,Missing: outside form routing,Answered,Missing: outside form routing,Missing: outside form routing,Answered,Answered,Answered,Missing: outside form routing,Missing: outside form routing,Missing: outside form routing,Missing: outside form routing,Answered,Answered,Missing: outside form routing,Missing: outside form routing,No
253,850569973,066d69c6-6d73-4178-b7e1-778a3d68358b,Bachelors 1st year,,1,vbyDnUDjDtHU4iAauqfqE5,0,0,0,0,4,Janakpurdham,No,No,No,No,No,No,0,0,Answered,Missing: outside form routing,Answered,Answered,Missing: outside form routing,Missing: outside form routing,Answered,Missing: outside form routing,Missing: outside form routing,Answered,Missing: outside form routing,Missing: outside form routing,Missing: outside form routing,Missing: outside form routing,Missing: outside form routing,Missing: outside form routing,Missing: outside form routing,Missing: outside form routing,Missing: outside form routing,Missing: outside form routing,No
254,850569997,c04b5c4c-25a4-4d28-a582-a5be18e09195,Bachelors 2nd year,,1,vbyDnUDjDtHU4iAauqfqE5,0,0,0,0,4,Janakpurdham,No,No,No,No,No,No,0,0,Answered,Missing: outside form routing,Answered,Answered,Missing: outside form routing,Missing: outside form routing,Answered,Answered,Missing: outside form routing,Answered,Missing: outside form routing,Missing: outside form routing,Missing: outside form routing,Missing: outside form routing,Missing: outside form routing,Missing: outside form routing,Missing: outside form routing,Missing: outside form routing,Missing: outside form routing,Missing: outside form routing,No
255,850580414,b426a60a-00bd-4f8f-9295-73efddbb4989,Bachelors 3rd year,,1,vbyDnUDjDtHU4iAauqfqE5,0,0,0,0,12,Biratnagar mahanagar palika,No,No,No,No,No,No,0,0,Answered,Missing: outside form routing,Answered,Answered,Missing: outside form routing,Missing: outside form routing,Answered,Answered,Answered,Missing: outside form routing,Answered,Missing: outside form routing,Missing: outside form routing,Answered,Missing: outside form routing,Missing: outside form routing,Answered,Missing: outside form routing,Missing: outside form routing,Missing: outside form routing,No
256,850580429,91885be1-493f-4706-8593-b4831a7d33a4,Bachelors 3rd year,,1,vbyDnUDjDtHU4iAauqfqE5,0,0,0,0,12,Biratnagar mahanagar palika,No,No,No,No,No,No,0,0,Answered,Missing: outside form routing,Answered,Answered,Missing: outside form routing,Missing: outside form routing,Answered,Missing: outside form routing,Missing: outside form routing,Answered,Answered,Missing: outside form routing,Missing: outside form routing,Answered,Missing: outside form routing,Missing: outside form routing,Answered,Missing: outside form routing,Missing: outside form routing,Missing: outside form routing,No
257,850580461,0ae76ef6-966e-41ff-8cd4-1f42c3689545,Bachelors 1st year,,2,vbyDnUDjDtHU4iAauqfqE5,0,0,0,0,12,Biratnagar mahanagar palika,No,No,No,No,No,No,0,0,Answered,Missing: outside form routing,Answered,Answered,Missing: outside form routing,Missing: outside form routing,Answered,Answered,Answered,Missing: outside form routing,Answered,Missing: outside form routing,Missing: outside form routing,Answered,Missing: outside form routing,Missing: outside form routing,Answered,Missing: outside form routing,Missing: outside form routing,Missing: outside form routing,No
258,850580494,d3ae9902-df89-420e-ae79-2f37253dd0e8,Masters 2nd year,,1,vbyDnUDjDtHU4iAauqfqE5,0,0,0,0,12,Biratnagar mahanagar palika,No,No,No,No,No,Yes,0,0,Answered,Missing: outside form routing,Answered,Answered,Answered,Missing: outside form routing,Answered,Answered,Answered,Missing: outside form routing,Answered,Missing: outside form routing,Missing: outside form routing,Answered,Missing: outside form routing,Missing: outside form routing,Answered,Missing: outside form routing,Missing: outside form routing,Missing: outside form routing,Yes
259,850580607,8c3463fe-184d-47ff-8383-6e3259689fb9,Bachelors 1st year,,41,vbyDnUDjDtHU4iAauqfqE5,0,0,0,0,12,Biratnagar Mahanagar palika,No,No,No,No,No,No,0,0,Answered,Missing: outside form routing,Answered,Answered,Missing: outside form routing,Missing: outside form routing,Answered,Answered,Answered,Missing: outside form routing,Answered,Answered,Missing: outside form routing,Missing: outside form routing,Missing: outside form routing,Missing: outside form routing,Answered,Answered,Missing: outside form routing,Answered,No
260,850580686,855a413e-136e-4782-8b2e-caa5254e627a,Bachelors 1st year,,1,vbyDnUDjDtHU4iAauqfqE5,0,0,0,0,12,Biratnagar Mahanagar palika,No,No,No,No,No,No,0,0,Answered,Missing: outside form routing,Answered,Answered,Missing: outside form routing,Missing: outside form routing,Answered,Answered,Answered,Missing: outside form routing,Missing: outside form routing,Missing: outside form routing,Missing: outside form routing,Missing: outside form routing,Missing: outside form routing,Missing: outside form routing,Missing: outside form routing,Missing: outside form routing,Missing: outside form routing,Missing: outside form routing,No
261,850586414,c10f586f-4607-47a3-bbda-35630b813bb8,Bachelors 1st year,,1,vbyDnUDjDtHU4iAauqfqE5,0,0,0,0,08,Birendranagar nagarpalika,No,No,No,No,No,No,0,0,Answered,Missing: outside form routing,Answered,Answered,Missing: outside form routing,Missing: outside form routing,Answered,Missing: outside form routing,Missing: outside form routing,Missing: outside form routing,Missing: outside form routing,Missing: outside form routing,Missing: outside form routing,Missing: outside form routing,Missing: outside form routing,Missing: outside form routing,Missing: outside form routing,Missing: outside form routing,Missing: outside form routing,Missing: outside form routing,No
262,850586434,2e017c1f-316f-4ba6-877e-0ecf6ba30fa0,Bachelors 1st year,,1,vbyDnUDjDtHU4iAauqfqE5,0,0,0,0,08,Birendranagar nagarpalika,No,No,No,No,No,No,0,0,Answered,Missing: outside form routing,Answered,Answered,Missing: outside form routing,Missing: outside form routing,Answered,Missing: outside form routing,Missing: outside form routing,Missing: outside form routing,Missing: outside form routing,Missing: outside form routing,Missing: outside form routing,Missing: outside form routing,Missing: outside form routing,Missing: outside form routing,Missing: outside form routing,Missing: outside form routing,Missing: outside form routing,Answered,No
263,850586459,9da68c5a-770e-4f54-a557-3eaadccf52c8,Bachelors 3rd year,,1,vbyDnUDjDtHU4iAauqfqE5,0,0,0,0,08,Birendranagar nagarpalika,No,No,No,No,No,No,0,0,Answered,Missing: outside form routing,Answered,Answered,Missing: outside form routing,Missing: outside form routing,Answered,Missing: outside form routing,Missing: outside form routing,Answered,Answered,Missing: outside form routing,Missing: outside form routing,Answered,Missing: outside form routing,Missing: outside form routing,Answered,Missing: outside form routing,Missing: outside form routing,Missing: outside form routing,No
264,850587087,8e8168fc-6cf6-49f4-a69b-2a322bea32f7,Bachelors 1st year,,1,vbyDnUDjDtHU4iAauqfqE5,0,0,0,0,8,Birendranagar,No,No,No,No,No,No,0,0,Answered,Missing: outside form routing,Answered,Answered,Missing: outside form routing,Missing: outside form routing,Answered,Missing: outside form routing,Missing: outside form routing,Answered,Missing: outside form routing,Missing: outside form routing,Missing: outside form routing,Missing: outside form routing,Missing: outside form routing,Missing: outside form routing,Missing: outside form routing,Missing: outside form routing,Missing: outside form routing,Missing: outside form routing,No
265,850587111,e25d1601-3cd1-49b8-88b9-89209f5c3981,Bachelors 1st year,,1,vbyDnUDjDtHU4iAauqfqE5,0,0,0,0,8,Birendranagar,No,No,No,No,No,No,0,0,Answered,Missing: outside form routing,Answered,Answered,Missing: outside form routing,Missing: outside form routing,Answered,Answered,Missing: outside form routing,Missing: outside form routing,Answered,Missing: outside form routing,Missing: outside form routing,Answered,Missing: outside form routing,Missing: outside form routing,Answered,Missing: outside form routing,Missing: outside form routing,Missing: outside form routing,No
266,850587131,c1fbcc22-2a1b-4825-a73e-34cc2a060210,Bachelors 2nd year,,1,vbyDnUDjDtHU4iAauqfqE5,0,0,0,0,8,Birendranagar,No,No,No,No,No,No,0,0,Answered,Missing: outside form routing,Answered,Answered,Missing: outside form routing,Missing: outside form routing,Answered,Answered,Answered,Missing: outside form routing,Missing: outside form routing,Missing: outside form routing,Missing: outside form routing,Missing: outside form routing,Missing: outside form routing,Missing: outside form routing,Missing: outside form routing,Missing: outside form routing,Missing: outside form routing,Missing: outside form routing,No
267,850587146,a08f9afd-8c9f-421d-842a-ee5bc3d55f03,Bachelors 3rd year,,1,vbyDnUDjDtHU4iAauqfqE5,0,0,0,0,8,Birendranagar,No,No,No,No,No,No,0,0,Answered,Missing: outside form routing,Answered,Answered,Missing: outside form routing,Missing: outside form routing,Answered,Missing: outside form routing,Missing: outside form routing,Answered,Missing: outside form routing,Missing: outside form routing,Missing: outside form routing,Missing: outside form routing,Missing: outside form routing,Missing: outside form routing,Missing: outside form routing,Missing: outside form routing,Missing: outside form routing,Missing: outside form routing,No
268,850587157,3d618393-fb79-45c4-b124-8aaf4b6f7bad,Bachelors 2nd year,,1,vbyDnUDjDtHU4iAauqfqE5,0,0,0,0,8,Birendranagar,No,No,No,No,No,No,0,0,Answered,Missing: outside form routing,Answered,Answered,Missing: outside form routing,Missing: outside form routing,Answered,Missing: outside form routing,Missing: outside form routing,Answered,Missing: outside form routing,Missing: outside form routing,Missing: outside form routing,Missing: outside form routing,Missing: outside form routing,Missing: outside form routing,Missing: outside form routing,Missing: outside form routing,Missing: outside form routing,Missing: outside form routing,No
269,850587165,9f027553-df88-4fa5-a2a6-e092eb69dea6,Bachelors 2nd year,,1,vbyDnUDjDtHU4iAauqfqE5,0,0,0,0,8,Birendranagar,No,No,No,No,No,No,0,0,Answered,Missing: outside form routing,Answered,Answered,Missing: outside form routing,Missing: outside form routing,Answered,Missing: outside form routing,Missing: outside form routing,Answered,Missing: outside form routing,Missing: outside form routing,Missing: outside form routing,Missing: outside form routing,Missing: outside form routing,Missing: outside form routing,Missing: outside form routing,Missing: outside form routing,Missing: outside form routing,Missing: outside form routing,No
270,850587180,405cb2a9-fefd-422b-b1c2-1b0e4101415d,Bachelors 3rd year,,1,vbyDnUDjDtHU4iAauqfqE5,0,0,0,0,8,Birendranagar,No,No,No,No,No,No,0,0,Answered,Missing: outside form routing,Answered,Answered,Missing: outside form routing,Missing: outside form routing,Answered,Missing: outside form routing,Missing: outside form routing,Answered,Missing: outside form routing,Missing: outside form routing,Missing: outside form routing,Missing: outside form routing,Missing: outside form routing,Missing: outside form routing,Missing: outside form routing,Missing: outside form routing,Missing: outside form routing,Missing: outside form routing,No
271,850684611,d5493c70-91f8-4d39-bcf4-26ca9868c53d,Bachelors 5th year,,1,vbyDnUDjDtHU4iAauqfqE5,0,0,0,0,७,Tokha ,No,No,No,No,No,No,0,0,Answered,Missing: outside form routing,Answered,Answered,Missing: outside form routing,Missing: outside form routing,Answered,Missing: outside form routing,Missing: outside form routing,Answered,Missing: outside form routing,Missing: outside form routing,Missing: outside form routing,Missing: outside form routing,Missing: outside form routing,Missing: outside form routing,Missing: outside form routing,Missing: outside form routing,Missing: outside form routing,Answered,No
272,850684623,e8f0371e-00c1-476a-95b3-300cf0d0f446,Bachelors 5th year,,41,vbyDnUDjDtHU4iAauqfqE5,0,0,0,1,,Kathmandu,No,No,No,No,No,No,0,0,Answered,Missing: outside form routing,Answered,Answered,Missing: outside form routing,Missing: outside form routing,Answered,Missing: outside form routing,Missing: outside form routing,Missing: outside form routing,Missing: outside form routing,Missing: outside form routing,Missing: outside form routing,Missing: outside form routing,Missing: outside form routing,Missing: outside form routing,Missing: outside form routing,Missing: outside form routing,Missing: outside form routing,Missing: outside form routing,No
273,850684651,bee861cc-210a-424d-9383-63ab1d1505dd,Bachelors 4th year,,1,vbyDnUDjDtHU4iAauqfqE5,0,0,0,1,,Kathmandu,No,No,No,No,No,No,0,0,Answered,Missing: outside form routing,Answered,Answered,Missing: outside form routing,Missing: outside form routing,Answered,Answered,Missing: outside form routing,Missing: outside form routing,Missing: outside form routing,Missing: outside form routing,Missing: outside form routing,Missing: outside form routing,Missing: outside form routing,Missing: outside form routing,Missing: outside form routing,Missing: outside form routing,Missing: outside form routing,Missing: outside form routing,No
274,850684675,8287f838-1547-4fae-a32f-5479878c68f9,Bachelors 5th year,,41,vbyDnUDjDtHU4iAauqfqE5,0,0,0,1,,Kathmandu,No,No,No,No,No,No,0,0,Answered,Missing: outside form routing,Answered,Answered,Missing: outside form routing,Missing: outside form routing,Answered,Missing: outside form routing,Missing: outside form routing,Missing: outside form routing,Missing: outside form routing,Missing: outside form routing,Missing: outside form routing,Missing: outside form routing,Missing: outside form routing,Missing: outside form routing,Missing: outside form routing,Missing: outside form routing,Missing: outside form routing,Answered,No
275,850684690,4755cf3f-e42c-450e-8511-68d507377423,Bachelors 5th year,,1,vbyDnUDjDtHU4iAauqfqE5,0,0,0,1,,Kathmandu,No,No,No,No,No,No,0,0,Answered,Missing: outside form routing,Answered,Answered,Missing: outside form routing,Missing: outside form routing,Answered,Missing: outside form routing,Missing: outside form routing,Answered,Missing: outside form routing,Missing: outside form routing,Missing: outside form routing,Missing: outside form routing,Missing: outside form routing,Missing: outside form routing,Missing: outside form routing,Missing: outside form routing,Missing: outside form routing,Missing: outside form routing,No
276,851575257,eb636280-620f-4ab3-9b4f-c7d332b3d8c5,Bachelors 2nd year,,prefer_not_to_say,vbyDnUDjDtHU4iAauqfqE5,0,0,0,0,08,Birendranagar nagarpalika,No,No,No,No,No,No,0,0,Answered,Missing: outside form routing,Answered,Answered,Missing: outside form routing,Missing: outside form routing,Answered,Answered,Missing: outside form routing,Missing: outside form routing,Missing: outside form routing,Missing: outside form routing,Missing: outside form routing,Missing: outside form routing,Missing: outside form routing,Missing: outside form routing,Missing: outside form routing,Missing: outside form routing,Missing: outside form routing,Missing: outside form routing,No
277,851575273,4d21a946-89fe-4012-ad37-11d94c6927c0,Bachelors 1st year,,1,vbyDnUDjDtHU4iAauqfqE5,0,0,0,0,08,Birendranagar nagarpalika,No,No,No,No,No,No,0,0,Answered,Missing: outside form routing,Answered,Answered,Missing: outside form routing,Missing: outside form routing,Answered,Answered,Missing: outside form routing,Answered,Missing: outside form routing,Missing: outside form routing,Missing: outside form routing,Missing: outside form routing,Missing: outside form routing,Missing: outside form routing,Missing: outside form routing,Missing: outside form routing,Missing: outside form routing,Missing: outside form routing,No
278,851575287,d683a93f-6c29-430c-8937-0b0bbb229d31,Bachelors 1st year,,1,vbyDnUDjDtHU4iAauqfqE5,0,0,0,0,08,Birendranagar nagarpalika,No,No,No,No,No,No,0,0,Answered,Missing: outside form routing,Answered,Answered,Missing: outside form routing,Missing: outside form routing,Answered,Missing: outside form routing,Missing: outside form routing,Answered,Missing: outside form routing,Missing: outside form routing,Missing: outside form routing,Missing: outside form routing,Missing: outside form routing,Missing: outside form routing,Missing: outside form routing,Missing: outside form routing,Missing: outside form routing,Missing: outside form routing,No
279,851575299,13d6a5fa-c5cb-45a3-bed4-812cd1400d74,Bachelors 2nd year,,1,vbyDnUDjDtHU4iAauqfqE5,0,0,0,0,08,Birendranagar nagarpalika,No,No,No,No,No,No,0,0,Answered,Missing: outside form routing,Answered,Answered,Missing: outside form routing,Missing: outside form routing,Answered,Missing: outside form routing,Missing: outside form routing,Missing: outside form routing,Missing: outside form routing,Missing: outside form routing,Missing: outside form routing,Missing: outside form routing,Missing: outside form routing,Missing: outside form routing,Missing: outside form routing,Missing: outside form routing,Missing: outside form routing,Missing: outside form routing,No
280,851575429,bf8927d8-a386-424e-9c67-33f2fd6120de,Bachelors 1st year,,1,vbyDnUDjDtHU4iAauqfqE5,0,0,0,0,08,Birendranagar nagarpalika,No,No,No,No,No,No,0,0,Answered,Missing: outside form routing,Answered,Answered,Missing: outside form routing,Missing: outside form routing,Answered,Answered,Missing: outside form routing,Answered,Missing: outside form routing,Missing: outside form routing,Missing: outside form routing,Missing: outside form routing,Missing: outside form routing,Missing: outside form routing,Missing: outside form routing,Missing: outside form routing,Missing: outside form routing,Missing: outside form routing,No
281,851575454,f7931248-056b-41dc-a549-db5219cee9fc,Bachelors 2nd year,,1,vbyDnUDjDtHU4iAauqfqE5,0,0,0,0,08,Birendranagar nagarpalika,No,No,No,No,No,No,0,0,Answered,Missing: outside form routing,Answered,Answered,Missing: outside form routing,Missing: outside form routing,Answered,Missing: outside form routing,Missing: outside form routing,Answered,Missing: outside form routing,Missing: outside form routing,Missing: outside form routing,Missing: outside form routing,Missing: outside form routing,Missing: outside form routing,Missing: outside form routing,Missing: outside form routing,Missing: outside form routing,Missing: outside form routing,No
282,851582984,e7c8543a-a9ca-4e15-aabc-0a5ab476ba72,Bachelors 1st year,,1,vbyDnUDjDtHU4iAauqfqE5,0,0,0,0,4,Janakpurdham,No,No,No,No,No,No,0,0,Answered,Missing: outside form routing,Answered,Answered,Missing: outside form routing,Missing: outside form routing,Answered,Missing: outside form routing,Missing: outside form routing,Answered,Missing: outside form routing,Missing: outside form routing,Missing: outside form routing,Missing: outside form routing,Missing: outside form routing,Missing: outside form routing,Missing: outside form routing,Missing: outside form routing,Missing: outside form routing,Missing: outside form routing,No
283,851583004,4c51ae9b-60e7-45be-92b7-10e8757d8e4c,Bachelors 4th year,,1,vbyDnUDjDtHU4iAauqfqE5,0,0,0,0,4,Janakpurdham,No,No,No,No,No,No,0,0,Answered,Missing: outside form routing,Answered,Answered,Missing: outside form routing,Missing: outside form routing,Answered,Missing: outside form routing,Answered,Missing: outside form routing,Answered,Answered,Missing: outside form routing,Missing: outside form routing,Missing: outside form routing,Missing: outside form routing,Answered,Answered,Missing: outside form routing,Missing: outside form routing,No
284,851583015,704e0ef0-b5f6-4e5d-8931-6273d8cbd980,Bachelors 4th year,,2,vbyDnUDjDtHU4iAauqfqE5,0,0,0,0,4,Janakpurdham,No,No,No,No,No,No,0,0,Answered,Missing: outside form routing,Answered,Answered,Missing: outside form routing,Missing: outside form routing,Answered,Answered,Missing: outside form routing,Answered,Answered,Missing: outside form routing,Missing: outside form routing,Answered,Missing: outside form routing,Missing: outside form routing,Answered,Missing: outside form routing,Missing: outside form routing,Missing: outside form routing,No
285,851583031,59def574-f397-428b-b689-c430ca844e62,Bachelors 3rd year,,1,vbyDnUDjDtHU4iAauqfqE5,0,0,0,0,4,Janakpurdham,No,No,No,No,No,No,0,0,Answered,Missing: outside form routing,Answered,Answered,Missing: outside form routing,Missing: outside form routing,Answered,Answered,Missing: outside form routing,Answered,Answered,Missing: outside form routing,Missing: outside form routing,Answered,Missing: outside form routing,Missing: outside form routing,Answered,Missing: outside form routing,Missing: outside form routing,Missing: outside form routing,No
286,851583049,ff7927fc-633b-4e17-8928-d5644097a4e8,Bachelors 2nd year,,1,vbyDnUDjDtHU4iAauqfqE5,0,0,0,0,4,Janakpurdham,No,No,No,No,No,No,0,0,Answered,Missing: outside form routing,Answered,Answered,Missing: outside form routing,Missing: outside form routing,Answered,Missing: outside form routing,Missing: outside form routing,Answered,Missing: outside form routing,Missing: outside form routing,Missing: outside form routing,Missing: outside form routing,Missing: outside form routing,Missing: outside form routing,Missing: outside form routing,Missing: outside form routing,Missing: outside form routing,Missing: outside form routing,No
287,851604984,20f84e77-9905-4af4-8599-7bc017376efc,Bachelors 1st year,,1,vbyDnUDjDtHU4iAauqfqE5,0,0,0,0,12,Janakpurdham sub metropolitan,No,No,No,No,No,No,0,0,Answered,Missing: outside form routing,Answered,Answered,Missing: outside form routing,Missing: outside form routing,Answered,Answered,Missing: outside form routing,Answered,Missing: outside form routing,Missing: outside form routing,Missing: outside form routing,Missing: outside form routing,Missing: outside form routing,Missing: outside form routing,Missing: outside form routing,Missing: outside form routing,Missing: outside form routing,Missing: outside form routing,No
288,851605005,7f458b00-832b-4221-9fcf-be9373c0fafd,Bachelors 1st year,,1,vbyDnUDjDtHU4iAauqfqE5,0,0,0,0,12,Janakpurdham sub metropolitan,No,No,No,No,No,No,0,0,Answered,Missing: outside form routing,Answered,Answered,Missing: outside form routing,Missing: outside form routing,Answered,Answered,Missing: outside form routing,Answered,Answered,Answered,Missing: outside form routing,Missing: outside form routing,Missing: outside form routing,Missing: outside form routing,Answered,Answered,Missing: outside form routing,Missing: outside form routing,No
289,851605029,a514b0b9-c310-4ab5-b26e-b2f66c8a10a2,Bachelors 3rd year,,1,vbyDnUDjDtHU4iAauqfqE5,0,0,0,0,12,Janakpurdham sub metropolitan,No,No,No,No,No,No,0,0,Answered,Missing: outside form routing,Answered,Answered,Missing: outside form routing,Missing: outside form routing,Answered,Answered,Missing: outside form routing,Answered,Missing: outside form routing,Missing: outside form routing,Missing: outside form routing,Missing: outside form routing,Missing: outside form routing,Missing: outside form routing,Missing: outside form routing,Missing: outside form routing,Missing: outside form routing,Missing: outside form routing,No
290,851605042,d64d7092-9606-480f-a4a5-7f4aa3e44316,Bachelors 3rd year,,1,vbyDnUDjDtHU4iAauqfqE5,0,0,0,0,12,Janakpurdham sub metropolitan,No,No,No,No,No,No,0,0,Answered,Missing: outside form routing,Answered,Answered,Missing: outside form routing,Missing: outside form routing,Answered,Answered,Missing: outside form routing,Answered,Missing: outside form routing,Missing: outside form routing,Missing: outside form routing,Missing: outside form routing,Missing: outside form routing,Missing: outside form routing,Missing: outside form routing,Missing: outside form routing,Missing: outside form routing,Missing: outside form routing,No
291,851605055,2acccab6-ab06-4a53-afaa-450d201bd144,Bachelors 3rd year,,1,vbyDnUDjDtHU4iAauqfqE5,0,0,0,0,12,Janakpurdham sub metropolitan,No,No,No,No,No,No,0,0,Answered,Missing: outside form routing,Answered,Answered,Missing: outside form routing,Missing: outside form routing,Answered,Missing: outside form routing,Missing: outside form routing,Answered,Answered,Answered,Missing: outside form routing,Missing: outside form routing,Missing: outside form routing,Missing: outside form routing,Answered,Answered,Missing: outside form routing,Missing: outside form routing,No
292,851618242,ca034077-eaf4-49fa-be94-e93b9137a06a,Masters 1st year,2,1,vbyDnUDjDtHU4iAauqfqE5,0,0,0,0,8,Birendranagar,No,No,No,No,No,No,0,0,Answered,Missing: outside form routing,Answered,Answered,Answered,Answered,Answered,Missing: outside form routing,Missing: outside form routing,Answered,Answered,Missing: outside form routing,Missing: outside form routing,Answered,Missing: outside form routing,Missing: outside form routing,Answered,Missing: outside form routing,Missing: outside form routing,Missing: outside form routing,No
293,851625934,741328b1-556a-4e1b-b147-17d3b96f29ea,Bachelors 4th year,,1,vbyDnUDjDtHU4iAauqfqE5,0,0,0,0,14,Biratnagar,No,No,No,No,No,No,0,0,Answered,Missing: outside form routing,Answered,Answered,Missing: outside form routing,Missing: outside form routing,Answered,Missing: outside form routing,Missing: outside form routing,Answered,Missing: outside form routing,Missing: outside form routing,Missing: outside form routing,Missing: outside form routing,Missing: outside form routing,Missing: outside form routing,Missing: outside form routing,Missing: outside form routing,Missing: outside form routing,Missing: outside form routing,No
294,851626015,9019d45b-8ba6-4459-8a05-ecd629f41180,Masters 2nd year,,1,vbyDnUDjDtHU4iAauqfqE5,0,0,0,0,14,Biratnagar,No,No,No,No,No,Yes,0,0,Answered,Missing: outside form routing,Answered,Answered,Answered,Missing: outside form routing,Answered,Missing: outside form routing,Missing: outside form routing,Answered,Answered,Missing: outside form routing,Missing: outside form routing,Answered,Missing: outside form routing,Missing: outside form routing,Answered,Missing: outside form routing,Missing: outside form routing,Missing: outside form routing,Yes
295,851626047,d23d0602-78b5-4807-a15c-af36ed561307,Bachelors 1st year,,1,vbyDnUDjDtHU4iAauqfqE5,0,0,0,0,14,Biratnagar,No,No,No,No,No,No,0,0,Answered,Missing: outside form routing,Answered,Answered,Missing: outside form routing,Missing: outside form routing,Answered,Missing: outside form routing,Answered,Missing: outside form routing,Missing: outside form routing,Missing: outside form routing,Missing: outside form routing,Missing: outside form routing,Missing: outside form routing,Missing: outside form routing,Missing: outside form routing,Missing: outside form routing,Missing: outside form routing,Missing: outside form routing,No
296,851626099,d5c36bea-5e44-4dd6-b601-c75daf1c3c95,Bachelors 4th year,,1,vbyDnUDjDtHU4iAauqfqE5,0,0,0,0,14,Biratnagar,No,No,No,No,No,No,0,0,Answered,Missing: outside form routing,Answered,Answered,Missing: outside form routing,Missing: outside form routing,Answered,Answered,Answered,Missing: outside form routing,Missing: outside form routing,Missing: outside form routing,Missing: outside form routing,Missing: outside form routing,Missing: outside form routing,Missing: outside form routing,Missing: outside form routing,Missing: outside form routing,Missing: outside form routing,Missing: outside form routing,No
297,851626153,20408105-e728-4d69-962e-661cf56a7573,Bachelors 2nd year,,1,vbyDnUDjDtHU4iAauqfqE5,0,0,0,0,14,Biratnagar,No,No,No,No,No,No,0,0,Answered,Missing: outside form routing,Answered,Answered,Missing: outside form routing,Missing: outside form routing,Answered,Missing: outside form routing,Answered,Missing: outside form routing,Missing: outside form routing,Missing: outside form routing,Missing: outside form routing,Missing: outside form routing,Missing: outside form routing,Missing: outside form routing,Missing: outside form routing,Missing: outside form routing,Missing: outside form routing,Missing: outside form routing,No
298,851651697,e6a1fd35-56c5-4fa1-8daf-be001e10c4a4,Bachelors 3rd year,,1,vbyDnUDjDtHU4iAauqfqE5,0,0,0,0,14,Biratnagar Mahanagar palika,No,No,No,No,No,No,0,0,Answered,Missing: outside form routing,Answered,Answered,Missing: outside form routing,Missing: outside form routing,Answered,Missing: outside form routing,Answered,Missing: outside form routing,Answered,Missing: outside form routing,Missing: outside form routing,Answered,Missing: outside form routing,Missing: outside form routing,Answered,Missing: outside form routing,Missing: outside form routing,Missing: outside form routing,No
299,851652032,bf41a8c3-cccf-44f6-b3f5-6757d4ee572d,Bachelors 4th year,,1,vbyDnUDjDtHU4iAauqfqE5,0,0,0,0,14,Biratnagar Mahanagar palika,No,No,No,No,No,No,0,0,Answered,Missing: outside form routing,Answered,Answered,Missing: outside form routing,Missing: outside form routing,Answered,Missing: outside form routing,Answered,Missing: outside form routing,Answered,Answered,Missing: outside form routing,Missing: outside form routing,Missing: outside form routing,Missing: outside form routing,Answered,Answered,Missing: outside form routing,Missing: outside form routing,No
300,851652085,1a07989c-b73f-4bd1-afa0-c131973a0221,Bachelors 4th year,,1,vbyDnUDjDtHU4iAauqfqE5,0,0,0,0,14,Biratnagar Mahanagar palika,No,No,No,No,No,No,0,0,Answered,Missing: outside form routing,Answered,Answered,Missing: outside form routing,Missing: outside form routing,Answered,Answered,Answered,Missing: outside form routing,Answered,Answered,Missing: outside form routing,Missing: outside form routing,Missing: outside form routing,Missing: outside form routing,Answered,Answered,Missing: outside form routing,Missing: outside form routing,No
301,851652101,982cc8d8-cb5f-4760-8d38-f1ee47fd0d8b,Masters 1st year,2,1,vbyDnUDjDtHU4iAauqfqE5,0,0,0,0,14,Biratnagar Mahanagar palika,No,No,No,No,No,No,0,0,Answered,Missing: outside form routing,Answered,Answered,Answered,Answered,Answered,Missing: outside form routing,Missing: outside form routing,Answered,Answered,Missing: outside form routing,Missing: outside form routing,Answered,Missing: outside form routing,Missing: outside form routing,Answered,Missing: outside form routing,Missing: outside form routing,Missing: outside form routing,No
302,851652138,19298f03-96c3-4573-91b0-b157e7ce7ae5,Bachelors 4th year,,1,vbyDnUDjDtHU4iAauqfqE5,0,0,0,0,14,Biratnagar Mahanagar palika,No,No,No,No,No,No,0,0,Answered,Missing: outside form routing,Answered,Answered,Missing: outside form routing,Missing: outside form routing,Answered,Missing: outside form routing,Answered,Missing: outside form routing,Answered,Missing: outside form routing,Missing: outside form routing,Answered,Missing: outside form routing,Missing: outside form routing,Answered,Missing: outside form routing,Missing: outside form routing,Missing: outside form routing,No
303,851803483,f6d4700f-1aa7-45b1-abd7-0b158f6f1153,Bachelors 3rd year,,1,vbyDnUDjDtHU4iAauqfqE5,0,0,0,0,५,Tokha,No,No,No,No,No,No,0,0,Answered,Missing: outside form routing,Answered,Answered,Missing: outside form routing,Missing: outside form routing,Answered,Missing: outside form routing,Missing: outside form routing,Answered,Missing: outside form routing,Missing: outside form routing,Missing: outside form routing,Missing: outside form routing,Missing: outside form routing,Missing: outside form routing,Missing: outside form routing,Missing: outside form routing,Missing: outside form routing,Missing: outside form routing,No
304,851803496,9b4b6f2c-7d3f-4883-a1e4-05773b71e947,Bachelors 3rd year,,1,vbyDnUDjDtHU4iAauqfqE5,0,0,0,1,,Tokha,No,No,No,No,No,No,0,0,Answered,Missing: outside form routing,Answered,Answered,Missing: outside form routing,Missing: outside form routing,Answered,Answered,Answered,Missing: outside form routing,Missing: outside form routing,Missing: outside form routing,Missing: outside form routing,Missing: outside form routing,Missing: outside form routing,Missing: outside form routing,Missing: outside form routing,Missing: outside form routing,Missing: outside form routing,Answered,No
305,851803504,ac4bc4e5-5004-47eb-b63a-28f086f6712a,Bachelors 4th year,,1,vbyDnUDjDtHU4iAauqfqE5,0,0,0,1,,Tokha,No,No,No,No,No,No,0,0,Answered,Missing: outside form routing,Answered,Answered,Missing: outside form routing,Missing: outside form routing,Answered,Missing: outside form routing,Missing: outside form routing,Missing: outside form routing,Answered,Answered,Missing: outside form routing,Missing: outside form routing,Missing: outside form routing,Missing: outside form routing,Answered,Answered,Missing: outside form routing,Missing: outside form routing,No
306,851803520,922fc057-8d9d-4af7-893e-0cf6f1d5332f,Bachelors 3rd year,,1,vbyDnUDjDtHU4iAauqfqE5,0,0,0,1,,tokha,No,No,No,No,No,No,0,0,Answered,Missing: outside form routing,Answered,Answered,Missing: outside form routing,Missing: outside form routing,Answered,Missing: outside form routing,Answered,Missing: outside form routing,Missing: outside form routing,Missing: outside form routing,Missing: outside form routing,Missing: outside form routing,Missing: outside form routing,Missing: outside form routing,Missing: outside form routing,Missing: outside form routing,Missing: outside form routing,Answered,No
307,851803528,6f14c757-6308-422e-b5c7-910cad4524c8,Bachelors 2nd year,,41,vbyDnUDjDtHU4iAauqfqE5,0,0,0,1,,tokha,No,No,No,No,No,No,0,0,Answered,Missing: outside form routing,Answered,Answered,Missing: outside form routing,Missing: outside form routing,Answered,Missing: outside form routing,Missing: outside form routing,Missing: outside form routing,Missing: outside form routing,Missing: outside form routing,Missing: outside form routing,Missing: outside form routing,Missing: outside form routing,Missing: outside form routing,Missing: outside form routing,Missing: outside form routing,Missing: outside form routing,Missing: outside form routing,No
308,851803540,0226b015-f322-4631-ae7e-ba46c01cfa83,Bachelors 1st year,,1,vbyDnUDjDtHU4iAauqfqE5,0,0,0,1,,Kathmandu,No,No,No,No,No,No,0,0,Answered,Missing: outside form routing,Answered,Answered,Missing: outside form routing,Missing: outside form routing,Answered,Answered,Answered,Missing: outside form routing,Missing: outside form routing,Missing: outside form routing,Missing: outside form routing,Missing: outside form routing,Missing: outside form routing,Missing: outside form routing,Missing: outside form routing,Missing: outside form routing,Missing: outside form routing,Answered,No
309,852040385,a7a4550f-1ebf-4d90-b33e-4aace7be4e88,Bachelors 3rd year,,1,vbyDnUDjDtHU4iAauqfqE5,0,0,0,1,,Tokha,No,No,No,No,No,No,0,0,Answered,Missing: outside form routing,Answered,Answered,Missing: outside form routing,Missing: outside form routing,Answered,Missing: outside form routing,Missing: outside form routing,Answered,Missing: outside form routing,Missing: outside form routing,Missing: outside form routing,Missing: outside form routing,Missing: outside form routing,Missing: outside form routing,Missing: outside form routing,Missing: outside form routing,Missing: outside form routing,Answered,No
310,852040389,80e65ad6-b50a-42ab-9694-4bfacfe1c013,Bachelors 3rd year,,1,vbyDnUDjDtHU4iAauqfqE5,0,0,0,0,5,Tokha,No,No,No,No,No,No,0,0,Answered,Missing: outside form routing,Answered,Answered,Missing: outside form routing,Missing: outside form routing,Answered,Missing: outside form routing,Missing: outside form routing,Missing: outside form routing,Missing: outside form routing,Missing: outside form routing,Missing: outside form routing,Missing: outside form routing,Missing: outside form routing,Missing: outside form routing,Missing: outside form routing,Missing: outside form routing,Missing: outside form routing,Missing: outside form routing,No
311,852040394,8061f459-195b-4060-a101-5b0a4f644caf,Bachelors 2nd year,,1,vbyDnUDjDtHU4iAauqfqE5,0,0,0,1,,Tokha,No,No,No,No,No,No,0,0,Answered,Missing: outside form routing,Answered,Answered,Missing: outside form routing,Missing: outside form routing,Answered,Answered,Answered,Missing: outside form routing,Missing: outside form routing,Missing: outside form routing,Missing: outside form routing,Missing: outside form routing,Missing: outside form routing,Missing: outside form routing,Missing: outside form routing,Missing: outside form routing,Missing: outside form routing,Answered,No
312,852040398,a3ede645-8fd1-4a12-9dd5-1b31784db9d3,Masters 1st year,1,3,vbyDnUDjDtHU4iAauqfqE5,0,0,0,1,,Tokha,No,No,No,No,No,No,0,0,Answered,Missing: outside form routing,Answered,Answered,Answered,Answered,Answered,Answered,Missing: outside form routing,Answered,Answered,Missing: outside form routing,Missing: outside form routing,Answered,Missing: outside form routing,Missing: outside form routing,Answered,Missing: outside form routing,Missing: outside form routing,Missing: outside form routing,No
313,852040401,606622dd-4a15-4884-9dd3-903e321e62e2,Bachelors 1st year,,,vbyDnUDjDtHU4iAauqfqE5,0,0,0,1,,Kathmandu Mahangar,No,No,No,No,No,No,0,0,Answered,Missing: outside form routing,Answered,Answered,Missing: outside form routing,Missing: outside form routing,Missing: outside form routing,Missing: outside form routing,Missing: outside form routing,Answered,Missing: outside form routing,Missing: outside form routing,Missing: outside form routing,Missing: outside form routing,Missing: outside form routing,Missing: outside form routing,Missing: outside form routing,Missing: outside form routing,Missing: outside form routing,Missing: outside form routing,No
314,852040404,07c69cea-482c-4162-b2b2-d9065d4ce497,Bachelors 3rd year,,1,vbyDnUDjDtHU4iAauqfqE5,0,0,0,0,5,Tokha,No,No,No,No,No,No,0,0,Answered,Missing: outside form routing,Answered,Answered,Missing: outside form routing,Missing: outside form routing,Answered,Missing: outside form routing,Answered,Missing: outside form routing,Missing: outside form routing,Missing: outside form routing,Missing: outside form routing,Missing: outside form routing,Missing: outside form routing,Missing: outside form routing,Missing: outside form routing,Missing: outside form routing,Missing: outside form routing,Missing: outside form routing,No
315,852383465,a0f82fdd-e639-4b32-bdd9-1b58096cd18f,Bachelors 3rd year,,1,vbyDnUDjDtHU4iAauqfqE5,0,0,0,0,11,Butwal sub metro politicity,No,No,No,No,No,No,0,0,Answered,Missing: outside form routing,Answered,Answered,Missing: outside form routing,Missing: outside form routing,Answered,Missing: outside form routing,Missing: outside form routing,Answered,Missing: outside form routing,Missing: outside form routing,Missing: outside form routing,Missing: outside form routing,Missing: outside form routing,Missing: outside form routing,Missing: outside form routing,Missing: outside form routing,Missing: outside form routing,Answered,No
316,852383481,295b2789-9460-4177-bd06-75b648059475,Bachelors 3rd year,,1,vbyDnUDjDtHU4iAauqfqE5,0,0,0,0,11,Butwal sub metro politicity,No,No,No,No,No,No,0,0,Answered,Missing: outside form routing,Answered,Answered,Missing: outside form routing,Missing: outside form routing,Answered,Missing: outside form routing,Missing: outside form routing,Answered,Missing: outside form routing,Missing: outside form routing,Missing: outside form routing,Missing: outside form routing,Missing: outside form routing,Missing: outside form routing,Missing: outside form routing,Missing: outside form routing,Missing: outside form routing,Missing: outside form routing,No
317,852383487,d333f687-723d-4ace-844c-7c80b3933131,Bachelors 3rd year,,1,vbyDnUDjDtHU4iAauqfqE5,0,0,0,0,11,Butwal sub metro politicity,No,No,No,No,No,No,0,0,Answered,Missing: outside form routing,Answered,Answered,Missing: outside form routing,Missing: outside form routing,Answered,Answered,Missing: outside form routing,Answered,Answered,Missing: outside form routing,Missing: outside form routing,Answered,Answered,Missing: outside form routing,Answered,Missing: outside form routing,Missing: outside form routing,Missing: outside form routing,No
318,852383497,8fd178a3-29e5-4bd6-8a79-7dd9f93743cd,Bachelors 3rd year,,1,vbyDnUDjDtHU4iAauqfqE5,0,0,0,0,11,Butwal sub metro politicity,No,No,No,No,No,No,0,0,Answered,Missing: outside form routing,Answered,Answered,Missing: outside form routing,Missing: outside form routing,Answered,Answered,Missing: outside form routing,Answered,Missing: outside form routing,Missing: outside form routing,Missing: outside form routing,Missing: outside form routing,Missing: outside form routing,Missing: outside form routing,Missing: outside form routing,Missing: outside form routing,Missing: outside form routing,Missing: outside form routing,No
319,852383507,f701ef62-8066-494c-bcf1-3e06c4b0b8b3,Bachelors 3rd year,,1,vbyDnUDjDtHU4iAauqfqE5,0,0,0,0,11,Butwal sub metro politicity,No,No,No,No,No,No,0,0,Answered,Missing: outside form routing,Answered,Answered,Missing: outside form routing,Missing: outside form routing,Answered,Answered,Answered,Missing: outside form routing,Missing: outside form routing,Missing: outside form routing,Missing: outside form routing,Missing: outside form routing,Missing: outside form routing,Missing: outside form routing,Missing: outside form routing,Missing: outside form routing,Missing: outside form routing,Missing: outside form routing,No
320,852383518,73ada6ec-870e-444a-bbd1-e8066b95fc29,Bachelors 3rd year,,1,vbyDnUDjDtHU4iAauqfqE5,0,0,0,0,11,Butwal metro politicity,No,No,No,No,No,No,0,0,Answered,Missing: outside form routing,Answered,Answered,Missing: outside form routing,Missing: outside form routing,Answered,Answered,Missing: outside form routing,Answered,Missing: outside form routing,Missing: outside form routing,Missing: outside form routing,Missing: outside form routing,Missing: outside form routing,Missing: outside form routing,Missing: outside form routing,Missing: outside form routing,Missing: outside form routing,Missing: outside form routing,No
321,852400463,75c1da59-16dd-4495-879a-8291cbb9f210,Bachelors 3rd year,,1,vbyDnUDjDtHU4iAauqfqE5,0,0,0,0,11,Butawal up na pa ,No,No,No,No,No,No,0,0,Answered,Missing: outside form routing,Answered,Answered,Missing: outside form routing,Missing: outside form routing,Answered,Answered,Missing: outside form routing,Answered,Missing: outside form routing,Missing: outside form routing,Missing: outside form routing,Missing: outside form routing,Missing: outside form routing,Missing: outside form routing,Missing: outside form routing,Missing: outside form routing,Missing: outside form routing,Missing: outside form routing,No
322,852400470,3972fda2-5db5-44a5-aeca-9e39a9ec3acb,Bachelors 4th year,,1,vbyDnUDjDtHU4iAauqfqE5,0,0,0,0,11,Butawal up na pa,No,No,No,No,No,No,0,0,Answered,Missing: outside form routing,Answered,Answered,Missing: outside form routing,Missing: outside form routing,Answered,Missing: outside form routing,Answered,Missing: outside form routing,Answered,Answered,Missing: outside form routing,Missing: outside form routing,Missing: outside form routing,Missing: outside form routing,Answered,Answered,Missing: outside form routing,Missing: outside form routing,No
323,852400474,f624bc76-259a-4a91-bbcb-79eb79752a48,Bachelors 3rd year,,1,vbyDnUDjDtHU4iAauqfqE5,0,0,0,0,11,Butawal up na pa,No,No,No,No,No,No,0,0,Answered,Missing: outside form routing,Answered,Answered,Missing: outside form routing,Missing: outside form routing,Answered,Answered,Missing: outside form routing,Answered,Missing: outside form routing,Missing: outside form routing,Missing: outside form routing,Missing: outside form routing,Missing: outside form routing,Missing: outside form routing,Missing: outside form routing,Missing: outside form routing,Missing: outside form routing,Missing: outside form routing,No
324,852400488,fbe32cff-40c3-4425-8be7-55337976c9e2,Bachelors 3rd year,,1,vbyDnUDjDtHU4iAauqfqE5,0,0,0,0,11,Butawal up na pa,No,No,No,No,No,No,0,0,Answered,Missing: outside form routing,Answered,Answered,Missing: outside form routing,Missing: outside form routing,Answered,Missing: outside form routing,Answered,Missing: outside form routing,Missing: outside form routing,Missing: outside form routing,Missing: outside form routing,Missing: outside form routing,Missing: outside form routing,Missing: outside form routing,Missing: outside form routing,Missing: outside form routing,Missing: outside form routing,Missing: outside form routing,No
325,852400507,328624b8-23e4-41a2-aafb-cbf83f1e7e67,Bachelors 3rd year,,1,vbyDnUDjDtHU4iAauqfqE5,0,0,0,0,11,Butawal up na pa,No,No,No,No,No,No,0,0,Answered,Missing: outside form routing,Answered,Answered,Missing: outside form routing,Missing: outside form routing,Answered,Answered,Missing: outside form routing,Answered,Missing: outside form routing,Missing: outside form routing,Missing: outside form routing,Missing: outside form routing,Missing: outside form routing,Missing: outside form routing,Missing: outside form routing,Missing: outside form routing,Missing: outside form routing,Missing: outside form routing,No
326,852400520,95f25e9b-3ee5-401f-83e5-d520fe851b0f,Bachelors 3rd year,,1,vbyDnUDjDtHU4iAauqfqE5,0,0,0,0,11,Butawal up na pa,No,No,No,No,No,No,0,0,Answered,Missing: outside form routing,Answered,Answered,Missing: outside form routing,Missing: outside form routing,Answered,Missing: outside form routing,Missing: outside form routing,Answered,Answered,Missing: outside form routing,Missing: outside form routing,Answered,Missing: outside form routing,Missing: outside form routing,Answered,Missing: outside form routing,Missing: outside form routing,Missing: outside form routing,No
327,852402485,61ae6870-0447-4601-823b-91f579a62740,Bachelors 3rd year,,1,vbyDnUDjDtHU4iAauqfqE5,0,0,0,0,11,Butwal sub metropolitan city,No,No,No,No,No,No,0,0,Answered,Missing: outside form routing,Answered,Answered,Missing: outside form routing,Missing: outside form routing,Answered,Missing: outside form routing,Missing: outside form routing,Missing: outside form routing,Answered,Answered,Missing: outside form routing,Missing: outside form routing,Missing: outside form routing,Missing: outside form routing,Answered,Answered,Missing: outside form routing,Missing: outside form routing,No
328,852402502,f9cad4b9-5e7a-48b0-8e3e-bb2f2a0341ec,Bachelors 3rd year,,1,vbyDnUDjDtHU4iAauqfqE5,0,0,0,0,11,Butwal sub metropolitan city,No,No,No,No,No,No,0,0,Answered,Missing: outside form routing,Answered,Answered,Missing: outside form routing,Missing: outside form routing,Answered,Missing: outside form routing,Answered,Missing: outside form routing,Missing: outside form routing,Missing: outside form routing,Missing: outside form routing,Missing: outside form routing,Missing: outside form routing,Missing: outside form routing,Missing: outside form routing,Missing: outside form routing,Missing: outside form routing,Missing: outside form routing,No
329,852402513,55676732-43f8-4fbe-8643-23c02613aa08,Bachelors 1st year,,1,vbyDnUDjDtHU4iAauqfqE5,0,0,0,0,11,Butwal sub metropolitan city,No,No,No,No,No,No,0,0,Answered,Missing: outside form routing,Answered,Answered,Missing: outside form routing,Missing: outside form routing,Answered,Answered,Missing: outside form routing,Missing: outside form routing,Missing: outside form routing,Missing: outside form routing,Missing: outside form routing,Missing: outside form routing,Missing: outside form routing,Missing: outside form routing,Missing: outside form routing,Missing: outside form routing,Missing: outside form routing,Missing: outside form routing,No
330,852402550,4d7c5df1-9564-4980-aa5d-7ea59b849097,Bachelors 4th year,,1,vbyDnUDjDtHU4iAauqfqE5,0,0,0,0,11,Butwal sub metropolitan city,No,No,No,No,No,No,0,0,Answered,Missing: outside form routing,Answered,Answered,Missing: outside form routing,Missing: outside form routing,Answered,Missing: outside form routing,Missing: outside form routing,Missing: outside form routing,Answered,Missing: outside form routing,Missing: outside form routing,Answered,Missing: outside form routing,Missing: outside form routing,Answered,Missing: outside form routing,Missing: outside form routing,Missing: outside form routing,No
331,852402579,291c0646-85be-4874-8269-0bcb0edf821f,Bachelors 3rd year,,1,vbyDnUDjDtHU4iAauqfqE5,0,0,0,0,11,Butwal sub metropolitan city,No,No,No,No,No,No,0,0,Answered,Missing: outside form routing,Answered,Answered,Missing: outside form routing,Missing: outside form routing,Answered,Missing: outside form routing,Missing: outside form routing,Missing: outside form routing,Answered,Answered,Missing: outside form routing,Missing: outside form routing,Missing: outside form routing,Missing: outside form routing,Answered,Answered,Missing: outside form routing,Missing: outside form routing,No
332,852402588,f54b2680-ab1a-4bc0-a6fa-98c75a9135b1,Bachelors 1st year,,1,vbyDnUDjDtHU4iAauqfqE5,0,0,0,0,11,Butwal sub metropolitan city,No,No,No,No,No,No,0,0,Answered,Missing: outside form routing,Answered,Answered,Missing: outside form routing,Missing: outside form routing,Answered,Answered,Missing: outside form routing,Missing: outside form routing,Missing: outside form routing,Missing: outside form routing,Missing: outside form routing,Missing: outside form routing,Missing: outside form routing,Missing: outside form routing,Missing: outside form routing,Missing: outside form routing,Missing: outside form routing,Missing: outside form routing,No
333,852507770,e4528d38-aa7e-4fad-a50b-5203a1c9b533,Bachelors 1st year,,1,vbyDnUDjDtHU4iAauqfqE5,0,0,0,0,12,Janakpurdham,No,No,No,No,No,No,0,0,Answered,Missing: outside form routing,Answered,Answered,Missing: outside form routing,Missing: outside form routing,Answered,Answered,Missing: outside form routing,Answered,Missing: outside form routing,Missing: outside form routing,Missing: outside form routing,Missing: outside form routing,Missing: outside form routing,Missing: outside form routing,Missing: outside form routing,Missing: outside form routing,Missing: outside form routing,Missing: outside form routing,No
334,852507786,3250089d-10a8-4099-9790-50120067e9dc,Bachelors 1st year,,1,vbyDnUDjDtHU4iAauqfqE5,0,0,0,0,12,Janakpurdham,No,No,No,No,No,No,0,0,Answered,Missing: outside form routing,Answered,Answered,Missing: outside form routing,Missing: outside form routing,Answered,Missing: outside form routing,Missing: outside form routing,Answered,Answered,Answered,Missing: outside form routing,Missing: outside form routing,Missing: outside form routing,Missing: outside form routing,Answered,Answered,Missing: outside form routing,Missing: outside form routing,No
335,852507809,94d4ca45-cd65-4c6b-a906-2b6ccd99e6a8,Bachelors 3rd year,,1,vbyDnUDjDtHU4iAauqfqE5,0,0,0,0,12,Janakpurdham,No,No,No,No,No,No,0,0,Answered,Missing: outside form routing,Answered,Answered,Missing: outside form routing,Missing: outside form routing,Answered,Answered,Missing: outside form routing,Answered,Answered,Answered,Missing: outside form routing,Missing: outside form routing,Missing: outside form routing,Missing: outside form routing,Answered,Answered,Missing: outside form routing,Missing: outside form routing,No
336,852521612,b0e3274b-439f-43a3-a03f-3322d0abaf39,Masters 1st year,2,1,vbyDnUDjDtHU4iAauqfqE5,0,0,0,0,12,Janakpurdham sub metropolitan,No,No,No,No,No,No,0,0,Answered,Missing: outside form routing,Answered,Answered,Answered,Answered,Answered,Missing: outside form routing,Missing: outside form routing,Answered,Answered,Missing: outside form routing,Missing: outside form routing,Answered,Missing: outside form routing,Missing: outside form routing,Answered,Missing: outside form routing,Missing: outside form routing,Missing: outside form routing,No
337,852521623,3e2e2d2b-d9e3-471f-991d-1cbb7a0f0fab,Masters 1st year,2,1,vbyDnUDjDtHU4iAauqfqE5,0,0,0,0,12,Janakpurdham sub metropolitan,No,No,No,No,No,No,0,0,Answered,Missing: outside form routing,Answered,Answered,Answered,Answered,Answered,Missing: outside form routing,Missing: outside form routing,Answered,Answered,Missing: outside form routing,Missing: outside form routing,Answered,Missing: outside form routing,Missing: outside form routing,Answered,Missing: outside form routing,Missing: outside form routing,Missing: outside form routing,No
338,852521631,f25aaf96-f7f3-4618-8364-0dacb3a50ee1,Bachelors 4th year,,1,vbyDnUDjDtHU4iAauqfqE5,0,0,0,0,12,Janakpurdham sub metropolitan,No,No,No,No,No,No,0,0,Answered,Missing: outside form routing,Answered,Answered,Missing: outside form routing,Missing: outside form routing,Answered,Missing: outside form routing,Missing: outside form routing,Answered,Answered,Answered,Missing: outside form routing,Missing: outside form routing,Missing: outside form routing,Missing: outside form routing,Answered,Answered,Missing: outside form routing,Missing: outside form routing,No
339,852615889,be68d1f8-d546-4c30-b87c-7c2a131e3e1f,Bachelors 3rd year,,1,vbyDnUDjDtHU4iAauqfqE5,0,0,0,0,4,tokha,No,No,No,No,No,No,0,0,Answered,Missing: outside form routing,Answered,Answered,Missing: outside form routing,Missing: outside form routing,Answered,Missing: outside form routing,Answered,Missing: outside form routing,Answered,Answered,Missing: outside form routing,Missing: outside form routing,Missing: outside form routing,Missing: outside form routing,Answered,Answered,Missing: outside form routing,Missing: outside form routing,No
340,852615921,01b5648d-2aeb-4338-84f3-d77d1c0baa6d,Bachelors 2nd year,,41,vbyDnUDjDtHU4iAauqfqE5,0,0,0,0,4,tokha,No,No,No,No,No,No,0,0,Answered,Missing: outside form routing,Answered,Answered,Missing: outside form routing,Missing: outside form routing,Answered,Missing: outside form routing,Answered,Missing: outside form routing,Answered,Answered,Missing: outside form routing,Missing: outside form routing,Missing: outside form routing,Missing: outside form routing,Answered,Answered,Missing: outside form routing,Answered,No
341,852615938,0a3c789e-aa1d-4fac-b6ee-c48f207633ad,Bachelors 1st year,,1,vbyDnUDjDtHU4iAauqfqE5,0,0,0,0,4,Tokha,No,No,No,No,No,No,0,0,Answered,Missing: outside form routing,Answered,Answered,Missing: outside form routing,Missing: outside form routing,Answered,Answered,Answered,Missing: outside form routing,Missing: outside form routing,Missing: outside form routing,Missing: outside form routing,Missing: outside form routing,Missing: outside form routing,Missing: outside form routing,Missing: outside form routing,Missing: outside form routing,Missing: outside form routing,Missing: outside form routing,No
342,852615964,57cc47ac-8afe-4108-b9e2-bf0ed009c726,Bachelors 1st year,,1,vbyDnUDjDtHU4iAauqfqE5,0,0,0,0,4,tokha,No,No,No,No,No,No,0,0,Answered,Missing: outside form routing,Answered,Answered,Missing: outside form routing,Missing: outside form routing,Answered,Answered,Answered,Missing: outside form routing,Missing: outside form routing,Missing: outside form routing,Missing: outside form routing,Missing: outside form routing,Missing: outside form routing,Missing: outside form routing,Missing: outside form routing,Missing: outside form routing,Missing: outside form routing,Missing: outside form routing,No
343,852616016,8b30c8d0-16c6-495b-ad88-589c4960d6a6,Bachelors 1st year,,1,vbyDnUDjDtHU4iAauqfqE5,0,0,0,0,4,Tokha,No,No,No,No,No,No,0,0,Answered,Missing: outside form routing,Answered,Answered,Missing: outside form routing,Missing: outside form routing,Answered,Answered,Answered,Missing: outside form routing,Missing: outside form routing,Missing: outside form routing,Missing: outside form routing,Missing: outside form routing,Missing: outside form routing,Missing: outside form routing,Missing: outside form routing,Missing: outside form routing,Missing: outside form routing,Answered,No
344,852617680,860ee766-1ec0-4512-a25a-a96335aa9809,Bachelors 2nd year,,1,vbyDnUDjDtHU4iAauqfqE5,0,0,0,0,4,Tokha,No,No,No,No,No,No,0,0,Answered,Missing: outside form routing,Answered,Answered,Missing: outside form routing,Missing: outside form routing,Answered,Answered,Missing: outside form routing,Answered,Missing: outside form routing,Missing: outside form routing,Missing: outside form routing,Missing: outside form routing,Missing: outside form routing,Missing: outside form routing,Missing: outside form routing,Missing: outside form routing,Missing: outside form routing,Answered,No
345,852617730,e9a6f67c-9923-43db-b5d3-86657a809057,Bachelors 2nd year,,1,vbyDnUDjDtHU4iAauqfqE5,0,0,0,0,4,Tokha,No,No,No,No,No,No,0,0,Answered,Missing: outside form routing,Answered,Answered,Missing: outside form routing,Missing: outside form routing,Answered,Answered,Answered,Missing: outside form routing,Answered,Answered,Missing: outside form routing,Missing: outside form routing,Missing: outside form routing,Missing: outside form routing,Answered,Answered,Missing: outside form routing,Answered,No
346,852617785,570c00a8-fce2-4ea2-8c15-4293942872b8,Bachelors 1st year,,1,vbyDnUDjDtHU4iAauqfqE5,0,0,0,0,4,Tokha,No,No,No,No,No,No,0,0,Answered,Missing: outside form routing,Answered,Answered,Missing: outside form routing,Missing: outside form routing,Answered,Missing: outside form routing,Answered,Missing: outside form routing,Missing: outside form routing,Missing: outside form routing,Missing: outside form routing,Missing: outside form routing,Missing: outside form routing,Missing: outside form routing,Missing: outside form routing,Missing: outside form routing,Missing: outside form routing,Answered,No
347,852617820,908333ad-27ef-4b79-89da-2a1541a939bd,Bachelors 1st year,,3,vbyDnUDjDtHU4iAauqfqE5,0,0,0,0,4,Tokha,No,No,No,No,No,No,0,0,Answered,Missing: outside form routing,Answered,Answered,Missing: outside form routing,Missing: outside form routing,Answered,Answered,Answered,Missing: outside form routing,Missing: outside form routing,Missing: outside form routing,Missing: outside form routing,Missing: outside form routing,Missing: outside form routing,Missing: outside form routing,Missing: outside form routing,Missing: outside form routing,Missing: outside form routing,Missing: outside form routing,No
348,852617848,a1db6f05-d845-4432-9021-e1d6d00e382d,Bachelors 3rd year,,1,vbyDnUDjDtHU4iAauqfqE5,0,0,0,0,4,Tokha,No,No,No,No,No,No,0,0,Answered,Missing: outside form routing,Answered,Answered,Missing: outside form routing,Missing: outside form routing,Answered,Answered,Answered,Missing: outside form routing,Answered,Answered,Missing: outside form routing,Missing: outside form routing,Missing: outside form routing,Missing: outside form routing,Answered,Answered,Missing: outside form routing,Missing: outside form routing,No
349,852637839,dd54f331-ff22-44be-ba9f-6d417815b3b6,Masters 2nd year,,1,vbyDnUDjDtHU4iAauqfqE5,0,0,0,0,14,Biratnagar Mahanagar palika,No,No,No,No,No,Yes,0,0,Answered,Missing: outside form routing,Answered,Answered,Answered,Missing: outside form routing,Answered,Answered,Answered,Missing: outside form routing,Answered,Missing: outside form routing,Missing: outside form routing,Answered,Missing: outside form routing,Missing: outside form routing,Answered,Missing: outside form routing,Missing: outside form routing,Missing: outside form routing,Yes
350,852637854,5dbbb176-8c72-4094-8b03-875bf73dc769,Bachelors 4th year,,1,vbyDnUDjDtHU4iAauqfqE5,0,0,0,0,14,Biratnagar Mahanagar palika,No,No,No,No,No,No,0,0,Answered,Missing: outside form routing,Answered,Answered,Missing: outside form routing,Missing: outside form routing,Answered,Missing: outside form routing,Answered,Missing: outside form routing,Answered,Missing: outside form routing,Missing: outside form routing,Answered,Missing: outside form routing,Missing: outside form routing,Answered,Missing: outside form routing,Missing: outside form routing,Missing: outside form routing,No
351,852637871,8a245fd0-afe1-4ac0-8678-d28947cd6efb,Bachelors 3rd year,,1,vbyDnUDjDtHU4iAauqfqE5,0,0,0,0,14,Biratnagar Mahanagar palika,No,No,No,No,No,No,0,0,Answered,Missing: outside form routing,Answered,Answered,Missing: outside form routing,Missing: outside form routing,Answered,Answered,Answered,Missing: outside form routing,Answered,Answered,Missing: outside form routing,Missing: outside form routing,Missing: outside form routing,Missing: outside form routing,Answered,Answered,Missing: outside form routing,Missing: outside form routing,No
352,852637892,216b6983-bbb7-430d-b063-f3f727aba188,Bachelors 3rd year,,1,vbyDnUDjDtHU4iAauqfqE5,0,0,0,0,14,Biratnagar mahanagar palika,No,No,No,No,No,No,0,0,Answered,Missing: outside form routing,Answered,Answered,Missing: outside form routing,Missing: outside form routing,Answered,Answered,Missing: outside form routing,Answered,Answered,Answered,Missing: outside form routing,Missing: outside form routing,Missing: outside form routing,Missing: outside form routing,Answered,Answered,Missing: outside form routing,Missing: outside form routing,No
353,852637907,f6eed2b8-22af-495f-a280-f7367629ad02,Bachelors 3rd year,,1,vbyDnUDjDtHU4iAauqfqE5,0,0,0,0,14,Biratnagar Mahanagar palika,No,No,No,No,No,No,0,0,Answered,Missing: outside form routing,Answered,Answered,Missing: outside form routing,Missing: outside form routing,Answered,Answered,Missing: outside form routing,Answered,Missing: outside form routing,Missing: outside form routing,Missing: outside form routing,Missing: outside form routing,Missing: outside form routing,Missing: outside form routing,Missing: outside form routing,Missing: outside form routing,Missing: outside form routing,Missing: outside form routing,No
354,852699943,54da1e4d-ada2-4985-a2ac-29dc16a3cff3,Masters 2nd year,,2,vbyDnUDjDtHU4iAauqfqE5,0,0,0,0,12,Biratnagar,No,No,No,No,No,Yes,0,0,Answered,Missing: outside form routing,Answered,Answered,Answered,Missing: outside form routing,Answered,Missing: outside form routing,Missing: outside form routing,Answered,Answered,Missing: outside form routing,Missing: outside form routing,Answered,Missing: outside form routing,Missing: outside form routing,Answered,Missing: outside form routing,Missing: outside form routing,Missing: outside form routing,Yes
355,852699957,0c86b0cc-6227-4527-8408-baf8740b1541,Masters 2nd year,,1,vbyDnUDjDtHU4iAauqfqE5,0,0,0,0,12,Biratnagar,No,No,No,No,No,Yes,0,0,Answered,Missing: outside form routing,Answered,Answered,Answered,Missing: outside form routing,Answered,Answered,Missing: outside form routing,Answered,Answered,Missing: outside form routing,Missing: outside form routing,Answered,Missing: outside form routing,Missing: outside form routing,Answered,Missing: outside form routing,Missing: outside form routing,Missing: outside form routing,Yes
356,852699974,164acb46-26f1-48a3-8c6e-314c4b4fe62c,Masters 2nd year,,1,vbyDnUDjDtHU4iAauqfqE5,0,0,0,0,12,Biratnagar,No,No,No,No,No,Yes,0,0,Answered,Missing: outside form routing,Answered,Answered,Answered,Missing: outside form routing,Answered,Missing: outside form routing,Missing: outside form routing,Answered,Answered,Missing: outside form routing,Missing: outside form routing,Answered,Missing: outside form routing,Missing: outside form routing,Answered,Missing: outside form routing,Missing: outside form routing,Missing: outside form routing,Yes
357,852699984,8be2df99-a753-4e15-9da6-63cec5b0af13,Bachelors 4th year,,1,vbyDnUDjDtHU4iAauqfqE5,0,0,0,0,12,Biratnagar,No,No,No,No,No,No,0,0,Answered,Missing: outside form routing,Answered,Answered,Missing: outside form routing,Missing: outside form routing,Answered,Answered,Missing: outside form routing,Answered,Answered,Missing: outside form routing,Missing: outside form routing,Answered,Missing: outside form routing,Missing: outside form routing,Answered,Missing: outside form routing,Missing: outside form routing,Missing: outside form routing,No
358,852699994,b45abb4e-e13e-4037-bc17-2b29305db9bc,Bachelors 2nd year,,1,vbyDnUDjDtHU4iAauqfqE5,0,0,0,0,12,Biratnagar,No,No,No,No,No,No,0,0,Answered,Missing: outside form routing,Answered,Answered,Missing: outside form routing,Missing: outside form routing,Answered,Missing: outside form routing,Answered,Missing: outside form routing,Answered,Missing: outside form routing,Missing: outside form routing,Answered,Missing: outside form routing,Missing: outside form routing,Answered,Missing: outside form routing,Missing: outside form routing,Missing: outside form routing,No
359,852700012,71a15e61-1534-4dc1-a2ab-681f7f6e220b,Bachelors 3rd year,,1,vbyDnUDjDtHU4iAauqfqE5,0,0,0,0,12,Biratnagar,No,No,No,No,No,No,0,0,Answered,Missing: outside form routing,Answered,Answered,Missing: outside form routing,Missing: outside form routing,Answered,Missing: outside form routing,Answered,Missing: outside form routing,Answered,Missing: outside form routing,Missing: outside form routing,Answered,Missing: outside form routing,Missing: outside form routing,Answered,Missing: outside form routing,Missing: outside form routing,Missing: outside form routing,No
360,852700026,2cdc4789-3b92-4fb1-914a-ec4773cfdbe3,Bachelors 3rd year,,1,vbyDnUDjDtHU4iAauqfqE5,0,0,0,0,14,Biratnagar,No,No,No,No,No,No,0,0,Answered,Missing: outside form routing,Answered,Answered,Missing: outside form routing,Missing: outside form routing,Answered,Answered,Missing: outside form routing,Answered,Missing: outside form routing,Missing: outside form routing,Missing: outside form routing,Missing: outside form routing,Missing: outside form routing,Missing: outside form routing,Missing: outside form routing,Missing: outside form routing,Missing: outside form routing,Answered,No
361,852700039,3b38fb8c-7b2d-4b1e-ba08-cb990b82b9b9,Bachelors 3rd year,,1,vbyDnUDjDtHU4iAauqfqE5,0,0,0,0,14,Biratnagar,No,No,No,No,No,No,0,0,Answered,Missing: outside form routing,Answered,Answered,Missing: outside form routing,Missing: outside form routing,Answered,Answered,Missing: outside form routing,Missing: outside form routing,Answered,Answered,Missing: outside form routing,Missing: outside form routing,Missing: outside form routing,Missing: outside form routing,Answered,Answered,Missing: outside form routing,Missing: outside form routing,No
362,852700067,df23b9a5-34f2-4a27-9f7b-7aec2e3c4da3,Bachelors 3rd year,,1,vbyDnUDjDtHU4iAauqfqE5,0,0,0,0,14,Biratnagar,No,No,No,No,No,No,0,0,Answered,Missing: outside form routing,Answered,Answered,Missing: outside form routing,Missing: outside form routing,Answered,Missing: outside form routing,Missing: outside form routing,Answered,Missing: outside form routing,Missing: outside form routing,Missing: outside form routing,Missing: outside form routing,Missing: outside form routing,Missing: outside form routing,Missing: outside form routing,Missing: outside form routing,Missing: outside form routing,Missing: outside form routing,No
363,852700080,f726bdad-6517-4022-9c39-3f1caa9f35b8,Masters 2nd year,,1,vbyDnUDjDtHU4iAauqfqE5,0,0,0,0,14,Biratnagar,No,No,No,No,No,Yes,0,0,Answered,Missing: outside form routing,Answered,Answered,Answered,Missing: outside form routing,Answered,Answered,Missing: outside form routing,Answered,Answered,Missing: outside form routing,Missing: outside form routing,Answered,Missing: outside form routing,Missing: outside form routing,Answered,Missing: outside form routing,Missing: outside form routing,Missing: outside form routing,Yes
364,852700104,215a1532-e0a6-4eea-8a25-86e866960934,Masters 1st year,2,1,vbyDnUDjDtHU4iAauqfqE5,0,0,0,0,14,Biratnagar,No,No,No,No,No,No,0,0,Answered,Missing: outside form routing,Answered,Answered,Answered,Answered,Answered,Missing: outside form routing,Missing: outside form routing,Answered,Answered,Missing: outside form routing,Missing: outside form routing,Answered,Missing: outside form routing,Missing: outside form routing,Answered,Missing: outside form routing,Missing: outside form routing,Missing: outside form routing,No
365,853295123,aacffe5c-1c1d-46be-b24d-ca5221e6167b,Bachelors 3rd year,,1,vbyDnUDjDtHU4iAauqfqE5,0,0,0,0,12,Janakpurdham sub metropolitan,No,No,No,No,No,No,0,0,Answered,Missing: outside form routing,Answered,Answered,Missing: outside form routing,Missing: outside form routing,Answered,Answered,Missing: outside form routing,Answered,Answered,Answered,Missing: outside form routing,Missing: outside form routing,Missing: outside form routing,Missing: outside form routing,Answered,Answered,Missing: outside form routing,Missing: outside form routing,No
366,853295130,571fb5d4-e185-4bc7-a129-9923981187f6,Bachelors 3rd year,,1,vbyDnUDjDtHU4iAauqfqE5,0,0,0,0,12,Janakpurdham sub metropolitan,No,No,No,No,No,No,0,0,Answered,Missing: outside form routing,Answered,Answered,Missing: outside form routing,Missing: outside form routing,Answered,Answered,Missing: outside form routing,Answered,Missing: outside form routing,Missing: outside form routing,Missing: outside form routing,Missing: outside form routing,Missing: outside form routing,Missing: outside form routing,Missing: outside form routing,Missing: outside form routing,Missing: outside form routing,Missing: outside form routing,No
367,853295135,3f2c15dc-6c7e-4470-8c89-be7166dca746,Bachelors 4th year,,1,vbyDnUDjDtHU4iAauqfqE5,0,0,0,0,12,Janakpurdham sub metropolitan,No,No,No,No,No,No,0,0,Answered,Missing: outside form routing,Answered,Answered,Missing: outside form routing,Missing: outside form routing,Answered,Missing: outside form routing,Answered,Missing: outside form routing,Answered,Missing: outside form routing,Missing: outside form routing,Answered,Missing: outside form routing,Missing: outside form routing,Answered,Missing: outside form routing,Missing: outside form routing,Missing: outside form routing,No
368,853295138,287b65fc-b7af-40db-9c46-98ed35aed604,Bachelors 4th year,,1,vbyDnUDjDtHU4iAauqfqE5,0,0,0,0,12,Janakpurdham sub metropolitan,No,No,No,No,No,No,0,0,Answered,Missing: outside form routing,Answered,Answered,Missing: outside form routing,Missing: outside form routing,Answered,Missing: outside form routing,Missing: outside form routing,Answered,Missing: outside form routing,Missing: outside form routing,Missing: outside form routing,Missing: outside form routing,Missing: outside form routing,Missing: outside form routing,Missing: outside form routing,Missing: outside form routing,Missing: outside form routing,Missing: outside form routing,No
369,853297029,333d827e-9fc2-450e-9255-009f1afbf0da,Bachelors 3rd year,,1,vbyDnUDjDtHU4iAauqfqE5,0,0,0,0,12,Janakpurdham,No,No,No,No,No,No,0,0,Answered,Missing: outside form routing,Answered,Answered,Missing: outside form routing,Missing: outside form routing,Answered,Missing: outside form routing,Missing: outside form routing,Answered,Missing: outside form routing,Missing: outside form routing,Missing: outside form routing,Missing: outside form routing,Missing: outside form routing,Missing: outside form routing,Missing: outside form routing,Missing: outside form routing,Missing: outside form routing,Missing: outside form routing,No
370,853297045,66283a31-2d33-427f-a072-cbc2f2440177,Bachelors 1st year,,1,vbyDnUDjDtHU4iAauqfqE5,0,0,0,0,12,Janakpurdham,No,No,No,No,No,No,0,0,Answered,Missing: outside form routing,Answered,Answered,Missing: outside form routing,Missing: outside form routing,Answered,Missing: outside form routing,Missing: outside form routing,Answered,Missing: outside form routing,Missing: outside form routing,Missing: outside form routing,Missing: outside form routing,Missing: outside form routing,Missing: outside form routing,Missing: outside form routing,Missing: outside form routing,Missing: outside form routing,Missing: outside form routing,No
371,853297057,9df13c4b-f08d-48fb-9e90-50299013ad74,Bachelors 4th year,,1,vbyDnUDjDtHU4iAauqfqE5,0,0,0,0,12,Janakpurdham,No,No,No,No,No,No,0,0,Answered,Missing: outside form routing,Answered,Answered,Missing: outside form routing,Missing: outside form routing,Answered,Answered,Missing: outside form routing,Answered,Missing: outside form routing,Missing: outside form routing,Missing: outside form routing,Missing: outside form routing,Missing: outside form routing,Missing: outside form routing,Missing: outside form routing,Missing: outside form routing,Missing: outside form routing,Missing: outside form routing,No
372,853297064,3ed52bfb-d2ea-4e31-a39a-360ffdd44c16,Bachelors 4th year,,1,vbyDnUDjDtHU4iAauqfqE5,0,0,0,0,12,Janakpurdham,No,No,No,No,No,No,0,0,Answered,Missing: outside form routing,Answered,Answered,Missing: outside form routing,Missing: outside form routing,Answered,Missing: outside form routing,Missing: outside form routing,Answered,Answered,Missing: outside form routing,Missing: outside form routing,Answered,Missing: outside form routing,Missing: outside form routing,Answered,Missing: outside form routing,Missing: outside form routing,Missing: outside form routing,No
373,853307249,4d8f33af-0225-429c-a572-46ac950f383f,Bachelors 4th year,,1,vbyDnUDjDtHU4iAauqfqE5,0,0,0,0,10,Butawal up na pa,No,No,No,No,No,No,0,0,Answered,Missing: outside form routing,Answered,Answered,Missing: outside form routing,Missing: outside form routing,Answered,Missing: outside form routing,Answered,Missing: outside form routing,Answered,Answered,Missing: outside form routing,Missing: outside form routing,Missing: outside form routing,Missing: outside form routing,Answered,Answered,Missing: outside form routing,Missing: outside form routing,No
374,853307260,97241cd0-528b-49d5-9b32-d40970480889,Bachelors 4th year,,1,vbyDnUDjDtHU4iAauqfqE5,0,0,0,0,10,Butawal up na pa,No,No,No,No,No,No,0,0,Answered,Missing: outside form routing,Answered,Answered,Missing: outside form routing,Missing: outside form routing,Answered,Answered,Missing: outside form routing,Answered,Answered,Missing: outside form routing,Missing: outside form routing,Answered,Missing: outside form routing,Missing: outside form routing,Answered,Missing: outside form routing,Missing: outside form routing,Missing: outside form routing,No
375,853307271,e3507ba5-a267-435d-ae67-58d3e483fc47,Bachelors 3rd year,,1,vbyDnUDjDtHU4iAauqfqE5,0,0,0,0,10,Butawal up na pa,No,No,No,No,No,No,0,0,Answered,Missing: outside form routing,Answered,Answered,Missing: outside form routing,Missing: outside form routing,Answered,Answered,Missing: outside form routing,Answered,Missing: outside form routing,Missing: outside form routing,Missing: outside form routing,Missing: outside form routing,Missing: outside form routing,Missing: outside form routing,Missing: outside form routing,Missing: outside form routing,Missing: outside form routing,Missing: outside form routing,No
376,853307280,dd31b29a-9989-4d48-bdb1-40a54ea2adda,Bachelors 3rd year,,1,vbyDnUDjDtHU4iAauqfqE5,0,0,0,0,10,Butawal up na pa,No,No,No,No,No,No,0,0,Answered,Missing: outside form routing,Answered,Answered,Missing: outside form routing,Missing: outside form routing,Answered,Missing: outside form routing,Missing: outside form routing,Answered,Missing: outside form routing,Missing: outside form routing,Missing: outside form routing,Missing: outside form routing,Missing: outside form routing,Missing: outside form routing,Missing: outside form routing,Missing: outside form routing,Missing: outside form routing,Missing: outside form routing,No
377,853307283,6afb2e3a-1f64-4f50-8559-b56a234f3192,Bachelors 1st year,,1,vbyDnUDjDtHU4iAauqfqE5,0,0,0,0,10,Butawal up na pa,No,No,No,No,No,No,0,0,Answered,Missing: outside form routing,Answered,Answered,Missing: outside form routing,Missing: outside form routing,Answered,Missing: outside form routing,Missing: outside form routing,Answered,Missing: outside form routing,Missing: outside form routing,Missing: outside form routing,Missing: outside form routing,Missing: outside form routing,Missing: outside form routing,Missing: outside form routing,Missing: outside form routing,Missing: outside form routing,Missing: outside form routing,No
378,853307290,816db366-891a-4256-9db0-342c48fa7458,Bachelors 1st year,,1,vbyDnUDjDtHU4iAauqfqE5,0,0,0,0,10,Butawal up na pa,No,No,No,No,No,No,0,0,Answered,Missing: outside form routing,Answered,Answered,Missing: outside form routing,Missing: outside form routing,Answered,Missing: outside form routing,Answered,Missing: outside form routing,Missing: outside form routing,Missing: outside form routing,Missing: outside form routing,Missing: outside form routing,Missing: outside form routing,Missing: outside form routing,Missing: outside form routing,Missing: outside form routing,Missing: outside form routing,Missing: outside form routing,No
379,853310220,676e4799-6f68-4383-ab70-713ad702a2c4,Bachelors 4th year,,1,vbyDnUDjDtHU4iAauqfqE5,0,0,0,0,10,Butwal sub metropolitan city,No,No,No,No,No,No,0,0,Answered,Missing: outside form routing,Answered,Answered,Missing: outside form routing,Missing: outside form routing,Answered,Missing: outside form routing,Answered,Missing: outside form routing,Missing: outside form routing,Missing: outside form routing,Missing: outside form routing,Missing: outside form routing,Missing: outside form routing,Missing: outside form routing,Missing: outside form routing,Missing: outside form routing,Missing: outside form routing,Missing: outside form routing,No
380,853310226,c0ee021f-eba4-4bf6-be54-9baee6195ea0,Bachelors 4th year,,1,vbyDnUDjDtHU4iAauqfqE5,0,0,0,0,10,Butwal sub metropolitan city,No,No,No,No,No,No,0,0,Answered,Missing: outside form routing,Answered,Answered,Missing: outside form routing,Missing: outside form routing,Answered,Answered,Missing: outside form routing,Missing: outside form routing,Missing: outside form routing,Missing: outside form routing,Missing: outside form routing,Missing: outside form routing,Missing: outside form routing,Missing: outside form routing,Missing: outside form routing,Missing: outside form routing,Missing: outside form routing,Missing: outside form routing,No
381,853310233,416baac9-a16e-4f3b-8c2a-6fe04759ab31,Bachelors 3rd year,,1,vbyDnUDjDtHU4iAauqfqE5,0,0,0,0,10,Butwal sub metropolitan city,No,No,No,No,No,No,0,0,Answered,Missing: outside form routing,Answered,Answered,Missing: outside form routing,Missing: outside form routing,Answered,Missing: outside form routing,Missing: outside form routing,Missing: outside form routing,Missing: outside form routing,Missing: outside form routing,Missing: outside form routing,Missing: outside form routing,Missing: outside form routing,Missing: outside form routing,Missing: outside form routing,Missing: outside form routing,Missing: outside form routing,Missing: outside form routing,No
382,853310262,8fd458fe-49e5-4cb9-8f3d-8e65f8179168,Bachelors 3rd year,,1,vbyDnUDjDtHU4iAauqfqE5,0,0,0,0,10,Butwal sub metropolitan city,No,No,No,No,No,No,0,0,Answered,Missing: outside form routing,Answered,Answered,Missing: outside form routing,Missing: outside form routing,Answered,Answered,Missing: outside form routing,Answered,Missing: outside form routing,Missing: outside form routing,Missing: outside form routing,Missing: outside form routing,Missing: outside form routing,Missing: outside form routing,Missing: outside form routing,Missing: outside form routing,Missing: outside form routing,Missing: outside form routing,No
383,853310271,663570cc-88d1-4b38-baae-403172d7d378,Bachelors 3rd year,,1,vbyDnUDjDtHU4iAauqfqE5,0,0,0,0,10,Butwal sub metropolitan city,No,No,No,No,No,No,0,0,Answered,Missing: outside form routing,Answered,Answered,Missing: outside form routing,Missing: outside form routing,Answered,Answered,Missing: outside form routing,Missing: outside form routing,Missing: outside form routing,Missing: outside form routing,Missing: outside form routing,Missing: outside form routing,Missing: outside form routing,Missing: outside form routing,Missing: outside form routing,Missing: outside form routing,Missing: outside form routing,Missing: outside form routing,No
384,853310279,191ec57a-4d59-424d-ad5f-b188dadbd3d9,Bachelors 1st year,,1,vbyDnUDjDtHU4iAauqfqE5,0,0,0,0,10,Butwal sub metropolitan city,No,No,No,No,No,No,0,0,Answered,Missing: outside form routing,Answered,Answered,Missing: outside form routing,Missing: outside form routing,Answered,Answered,Answered,Missing: outside form routing,Missing: outside form routing,Missing: outside form routing,Missing: outside form routing,Missing: outside form routing,Missing: outside form routing,Missing: outside form routing,Missing: outside form routing,Missing: outside form routing,Missing: outside form routing,Answered,No
385,853316572,6945b8ff-1c3a-4826-8bb0-11433f5c7fd2,Bachelors 2nd year,,41,vbyDnUDjDtHU4iAauqfqE5,0,0,0,0,4,Kathmandu Mahangar,No,No,No,No,No,No,0,0,Answered,Missing: outside form routing,Answered,Answered,Missing: outside form routing,Missing: outside form routing,Answered,Missing: outside form routing,Missing: outside form routing,Answered,Answered,Answered,Missing: outside form routing,Missing: outside form routing,Missing: outside form routing,Missing: outside form routing,Answered,Answered,Missing: outside form routing,Missing: outside form routing,No
386,853316577,5a66b3f4-1b13-4516-8a92-b43317af488b,Bachelors 4th year,,5,vbyDnUDjDtHU4iAauqfqE5,0,0,0,0,4,Kathmandu Mahangar ,No,No,No,No,No,No,0,0,Answered,Missing: outside form routing,Answered,Answered,Missing: outside form routing,Missing: outside form routing,Answered,Answered,Answered,Missing: outside form routing,Answered,Answered,Missing: outside form routing,Missing: outside form routing,Missing: outside form routing,Missing: outside form routing,Answered,Answered,Missing: outside form routing,Missing: outside form routing,No
387,853316587,aa6c906e-ae72-4bdc-aa21-e41dd249e05b,Bachelors 2nd year,,1,vbyDnUDjDtHU4iAauqfqE5,0,0,0,0,4,Kathmandu Metropolitan,No,No,No,No,No,No,0,0,Answered,Missing: outside form routing,Answered,Answered,Missing: outside form routing,Missing: outside form routing,Answered,Missing: outside form routing,Missing: outside form routing,Answered,Missing: outside form routing,Missing: outside form routing,Missing: outside form routing,Missing: outside form routing,Missing: outside form routing,Missing: outside form routing,Missing: outside form routing,Missing: outside form routing,Missing: outside form routing,Missing: outside form routing,No
388,853316591,14dd8a90-94d5-4186-a200-e534231215d1,Bachelors 3rd year,,1,vbyDnUDjDtHU4iAauqfqE5,0,0,0,0,4,Kathmandu Mahanagar,No,No,No,No,No,No,0,0,Answered,Missing: outside form routing,Answered,Answered,Missing: outside form routing,Missing: outside form routing,Answered,Missing: outside form routing,Missing: outside form routing,Answered,Answered,Answered,Missing: outside form routing,Missing: outside form routing,Missing: outside form routing,Missing: outside form routing,Answered,Answered,Missing: outside form routing,Missing: outside form routing,No
389,853316596,1eaebea3-8363-45ea-8c33-065905844f41,Bachelors 2nd year,,2,vbyDnUDjDtHU4iAauqfqE5,0,0,0,0,4,Kathmandu Mahanagar,No,No,No,No,No,No,0,0,Answered,Missing: outside form routing,Answered,Answered,Missing: outside form routing,Missing: outside form routing,Answered,Missing: outside form routing,Missing: outside form routing,Answered,Answered,Answered,Missing: outside form routing,Missing: outside form routing,Missing: outside form routing,Missing: outside form routing,Answered,Answered,Missing: outside form routing,Missing: outside form routing,No
390,853316602,4474d456-92ad-4dce-8d5b-083e69310aa9,Bachelors 1st year,,5,vbyDnUDjDtHU4iAauqfqE5,0,0,0,1,,Kathmandu Metropolitan,No,No,No,No,No,No,0,0,Answered,Missing: outside form routing,Answered,Answered,Missing: outside form routing,Missing: outside form routing,Answered,Answered,Answered,Missing: outside form routing,Missing: outside form routing,Missing: outside form routing,Missing: outside form routing,Missing: outside form routing,Missing: outside form routing,Missing: outside form routing,Missing: outside form routing,Missing: outside form routing,Missing: outside form routing,Missing: outside form routing,No
391,853318469,d618a9f2-b659-4cbc-8842-273506809ac7,Bachelors 2nd year,,1,vbyDnUDjDtHU4iAauqfqE5,0,0,0,0,9,Biratnagar,No,No,No,No,No,No,0,0,Answered,Missing: outside form routing,Answered,Answered,Missing: outside form routing,Missing: outside form routing,Answered,Answered,Missing: outside form routing,Missing: outside form routing,Answered,Missing: outside form routing,Missing: outside form routing,Answered,Missing: outside form routing,Missing: outside form routing,Answered,Missing: outside form routing,Missing: outside form routing,Missing: outside form routing,No
392,853318476,86515b9f-caa4-4859-87d3-b6ff858502a5,Masters 2nd year,,1,vbyDnUDjDtHU4iAauqfqE5,0,0,0,0,9,Biratnagar,No,No,No,No,No,Yes,0,0,Answered,Missing: outside form routing,Answered,Answered,Answered,Missing: outside form routing,Answered,Missing: outside form routing,Missing: outside form routing,Answered,Answered,Missing: outside form routing,Missing: outside form routing,Answered,Missing: outside form routing,Missing: outside form routing,Answered,Missing: outside form routing,Missing: outside form routing,Missing: outside form routing,Yes
393,853318480,dd5ac639-5375-4c72-85c2-6eb562315b0a,Bachelors 3rd year,,1,vbyDnUDjDtHU4iAauqfqE5,0,0,0,0,9,Biratnagar,No,No,No,No,No,No,0,0,Answered,Missing: outside form routing,Answered,Answered,Missing: outside form routing,Missing: outside form routing,Answered,Missing: outside form routing,Missing: outside form routing,Missing: outside form routing,Answered,Answered,Missing: outside form routing,Missing: outside form routing,Missing: outside form routing,Missing: outside form routing,Answered,Missing: outside form routing,Missing: outside form routing,Missing: outside form routing,No
394,853319596,e8d0963b-e088-4a21-9235-f95fb69e825f,Bachelors 1st year,,1,vbyDnUDjDtHU4iAauqfqE5,0,0,0,0,10,Butwal sub metro politicity,No,No,No,No,No,No,0,0,Answered,Missing: outside form routing,Answered,Answered,Missing: outside form routing,Missing: outside form routing,Answered,Answered,Missing: outside form routing,Answered,Missing: outside form routing,Missing: outside form routing,Missing: outside form routing,Missing: outside form routing,Missing: outside form routing,Missing: outside form routing,Missing: outside form routing,Missing: outside form routing,Missing: outside form routing,Missing: outside form routing,No
395,853319609,fd8827e5-edea-48f2-9147-c069c7c9d6e9,Bachelors 4th year,,1,vbyDnUDjDtHU4iAauqfqE5,0,0,0,0,10,butwal sub metro politicity,No,No,No,No,No,No,0,0,Answered,Missing: outside form routing,Answered,Answered,Missing: outside form routing,Missing: outside form routing,Answered,Missing: outside form routing,Missing: outside form routing,Answered,Missing: outside form routing,Missing: outside form routing,Missing: outside form routing,Missing: outside form routing,Missing: outside form routing,Missing: outside form routing,Missing: outside form routing,Missing: outside form routing,Missing: outside form routing,Missing: outside form routing,No
396,853319620,dab99bd4-4a95-420b-b809-31c85d540876,Bachelors 4th year,,1,vbyDnUDjDtHU4iAauqfqE5,0,0,0,0,10,Butwal sub metro politicity,No,No,No,No,No,No,0,0,Answered,Missing: outside form routing,Answered,Answered,Missing: outside form routing,Missing: outside form routing,Answered,Answered,Answered,Missing: outside form routing,Answered,Missing: outside form routing,Missing: outside form routing,Answered,Missing: outside form routing,Missing: outside form routing,Answered,Missing: outside form routing,Missing: outside form routing,Missing: outside form routing,No
397,853319629,ba815d77-7321-48ab-bd48-725b27998b1a,Bachelors 3rd year,,1,vbyDnUDjDtHU4iAauqfqE5,0,0,0,0,10,Butwal sub metro politicity,No,No,No,No,No,No,0,0,Answered,Missing: outside form routing,Answered,Answered,Missing: outside form routing,Missing: outside form routing,Answered,Answered,Answered,Missing: outside form routing,Missing: outside form routing,Missing: outside form routing,Missing: outside form routing,Missing: outside form routing,Missing: outside form routing,Missing: outside form routing,Missing: outside form routing,Missing: outside form routing,Missing: outside form routing,Missing: outside form routing,No
398,853319641,b472abae-9577-4b6d-a2a9-507fdbe4374e,Bachelors 3rd year,,1,vbyDnUDjDtHU4iAauqfqE5,0,0,0,0,10,Butwal sub metro politicity,No,No,No,No,No,No,0,0,Answered,Missing: outside form routing,Answered,Answered,Missing: outside form routing,Missing: outside form routing,Answered,Answered,Missing: outside form routing,Answered,Missing: outside form routing,Missing: outside form routing,Missing: outside form routing,Missing: outside form routing,Missing: outside form routing,Missing: outside form routing,Missing: outside form routing,Missing: outside form routing,Missing: outside form routing,Missing: outside form routing,No
399,853319648,284558b9-f2a9-49d3-8e29-0d1fc56f1865,Bachelors 3rd year,,1,vbyDnUDjDtHU4iAauqfqE5,0,0,0,0,10,Butwal sub metro politicity,No,No,No,No,No,No,0,0,Answered,Missing: outside form routing,Answered,Answered,Missing: outside form routing,Missing: outside form routing,Answered,Answered,Missing: outside form routing,Answered,Missing: outside form routing,Missing: outside form routing,Missing: outside form routing,Missing: outside form routing,Missing: outside form routing,Missing: outside form routing,Missing: outside form routing,Missing: outside form routing,Missing: outside form routing,Missing: outside form routing,No
400,853321397,f9fe3200-17de-4e06-ae65-125622dfca1e,Bachelors 2nd year,,1,vbyDnUDjDtHU4iAauqfqE5,0,0,0,0,9,Biratnagar Mahanagar palika,No,No,No,No,No,No,0,0,Answered,Missing: outside form routing,Answered,Answered,Missing: outside form routing,Missing: outside form routing,Answered,Answered,Answered,Missing: outside form routing,Answered,Answered,Missing: outside form routing,Missing: outside form routing,Missing: outside form routing,Missing: outside form routing,Answered,Answered,Missing: outside form routing,Answered,No
401,853321404,f1f50b3c-59c4-4583-9431-9d6b242450f1,Masters 1st year,1,1,vbyDnUDjDtHU4iAauqfqE5,0,0,0,0,9,Biratnagar Mahanagar palika,No,No,No,No,No,No,0,0,Answered,Missing: outside form routing,Answered,Answered,Answered,Answered,Answered,Answered,Answered,Missing: outside form routing,Answered,Missing: outside form routing,Missing: outside form routing,Answered,Missing: outside form routing,Missing: outside form routing,Answered,Missing: outside form routing,Missing: outside form routing,Missing: outside form routing,No
402,853321410,f7b0374f-8d59-4573-9f19-ab30c7ad15b0,Bachelors 2nd year,,1,vbyDnUDjDtHU4iAauqfqE5,0,0,0,0,9,Biratnagar Mahanagar palika,No,No,No,No,No,No,0,0,Answered,Missing: outside form routing,Answered,Answered,Missing: outside form routing,Missing: outside form routing,Answered,Missing: outside form routing,Missing: outside form routing,Answered,Answered,Answered,Missing: outside form routing,Missing: outside form routing,Missing: outside form routing,Missing: outside form routing,Answered,Answered,Missing: outside form routing,Answered,No
403,853344398,77dc05be-b852-4554-a097-4a472180a915,Bachelors 2nd year,,1,vbyDnUDjDtHU4iAauqfqE5,0,0,0,1,,Dhangadhi,No,No,No,No,No,No,0,0,Answered,Missing: outside form routing,Answered,Answered,Missing: outside form routing,Missing: outside form routing,Answered,Missing: outside form routing,Answered,Missing: outside form routing,Answered,Answered,Missing: outside form routing,Missing: outside form routing,Missing: outside form routing,Missing: outside form routing,Answered,Answered,Missing: outside form routing,Missing: outside form routing,No
404,853344404,8c4032eb-2c68-483d-9e79-0c089b9295af,Bachelors 2nd year,,1,vbyDnUDjDtHU4iAauqfqE5,0,0,0,1,,Dhangad,No,No,No,No,No,No,0,0,Answered,Missing: outside form routing,Answered,Answered,Missing: outside form routing,Missing: outside form routing,Answered,Missing: outside form routing,Missing: outside form routing,Answered,Missing: outside form routing,Missing: outside form routing,Missing: outside form routing,Missing: outside form routing,Missing: outside form routing,Missing: outside form routing,Missing: outside form routing,Missing: outside form routing,Missing: outside form routing,Missing: outside form routing,No
405,853344411,3a75883a-12d3-4e2b-a994-6136737c9ea9,Bachelors 4th year,,1,vbyDnUDjDtHU4iAauqfqE5,0,0,0,0,8,Dhangadi,No,No,No,No,No,No,0,0,Answered,Missing: outside form routing,Answered,Answered,Missing: outside form routing,Missing: outside form routing,Answered,Answered,Missing: outside form routing,Answered,Answered,Missing: outside form routing,Missing: outside form routing,Answered,Missing: outside form routing,Missing: outside form routing,Answered,Missing: outside form routing,Missing: outside form routing,Missing: outside form routing,No
406,853344417,e9319679-8647-4de6-b64b-054428c208a0,Bachelors 1st year,,1,vbyDnUDjDtHU4iAauqfqE5,0,0,0,1,,Dhangadi,No,No,No,No,No,No,0,0,Answered,Missing: outside form routing,Answered,Answered,Missing: outside form routing,Missing: outside form routing,Answered,Missing: outside form routing,Answered,Missing: outside form routing,Missing: outside form routing,Missing: outside form routing,Missing: outside form routing,Missing: outside form routing,Missing: outside form routing,Missing: outside form routing,Missing: outside form routing,Missing: outside form routing,Missing: outside form routing,Missing: outside form routing,No
407,853344423,15e646a9-b374-420e-b936-02bf6281e55d,Bachelors 3rd year,,1,vbyDnUDjDtHU4iAauqfqE5,0,0,0,1,,Dhangadi ,No,No,No,No,No,No,0,0,Answered,Missing: outside form routing,Answered,Answered,Missing: outside form routing,Missing: outside form routing,Answered,Missing: outside form routing,Answered,Missing: outside form routing,Answered,Answered,Missing: outside form routing,Missing: outside form routing,Missing: outside form routing,Missing: outside form routing,Answered,Answered,Missing: outside form routing,Missing: outside form routing,No
408,853344767,c6537d91-17b6-4340-88e7-96702aca2e57,Bachelors 2nd year,,1,vbyDnUDjDtHU4iAauqfqE5,0,0,0,0,04,Dhangadi,No,No,No,No,No,No,0,0,Answered,Missing: outside form routing,Answered,Answered,Missing: outside form routing,Missing: outside form routing,Answered,Answered,Missing: outside form routing,Missing: outside form routing,Missing: outside form routing,Missing: outside form routing,Missing: outside form routing,Missing: outside form routing,Missing: outside form routing,Missing: outside form routing,Missing: outside form routing,Missing: outside form routing,Missing: outside form routing,Missing: outside form routing,No
409,853344773,a372dacc-b4e1-47fe-bde0-3d144539271c,Bachelors 4th year,,1,vbyDnUDjDtHU4iAauqfqE5,0,0,0,0,04,Dhangadi,No,No,No,No,No,No,0,0,Answered,Missing: outside form routing,Answered,Answered,Missing: outside form routing,Missing: outside form routing,Answered,Answered,Answered,Missing: outside form routing,Answered,Answered,Missing: outside form routing,Missing: outside form routing,Missing: outside form routing,Missing: outside form routing,Answered,Answered,Missing: outside form routing,Answered,No
410,853344784,f2a1527c-a48a-4013-9c7a-264931d3aee2,Bachelors 1st year,,1,vbyDnUDjDtHU4iAauqfqE5,0,0,0,0,04,Dhangadi,No,No,No,No,No,No,0,0,Answered,Missing: outside form routing,Answered,Answered,Missing: outside form routing,Missing: outside form routing,Answered,Missing: outside form routing,Missing: outside form routing,Answered,Missing: outside form routing,Missing: outside form routing,Missing: outside form routing,Missing: outside form routing,Missing: outside form routing,Missing: outside form routing,Missing: outside form routing,Missing: outside form routing,Missing: outside form routing,Missing: outside form routing,No
411,853344797,f21f14eb-3068-40c3-865b-41dd03aca644,Bachelors 3rd year,,,vbyDnUDjDtHU4iAauqfqE5,0,0,0,0,04,Dhangadi,No,No,No,No,No,No,0,0,Answered,Missing: outside form routing,Answered,Answered,Missing: outside form routing,Missing: outside form routing,Missing: outside form routing,Answered,Answered,Missing: outside form routing,Answered,Missing: outside form routing,Missing: outside form routing,Answered,Missing: outside form routing,Missing: outside form routing,Answered,Missing: outside form routing,Missing: outside form routing,Missing: outside form routing,No
412,853344807,e8b00e31-5559-4c9a-8a54-969dd804ca35,Bachelors 3rd year,,1,vbyDnUDjDtHU4iAauqfqE5,0,0,0,0,04,Dhangadi,No,No,No,No,No,No,0,0,Answered,Missing: outside form routing,Answered,Answered,Missing: outside form routing,Missing: outside form routing,Answered,Missing: outside form routing,Missing: outside form routing,Answered,Answered,Answered,Missing: outside form routing,Missing: outside form routing,Missing: outside form routing,Missing: outside form routing,Answered,Answered,Missing: outside form routing,Answered,No
413,853439054,37d65e3f-a66f-4d64-8cf7-fb036847a975,Bachelors 2nd year,,1,vbyDnUDjDtHU4iAauqfqE5,0,0,0,0,4,Kathmandu,No,No,No,No,No,No,0,0,Answered,Missing: outside form routing,Answered,Answered,Missing: outside form routing,Missing: outside form routing,Answered,Answered,Answered,Missing: outside form routing,Missing: outside form routing,Missing: outside form routing,Missing: outside form routing,Missing: outside form routing,Missing: outside form routing,Missing: outside form routing,Missing: outside form routing,Missing: outside form routing,Missing: outside form routing,Missing: outside form routing,No
414,853439069,da3e32ef-da15-4028-af82-dfc7833bd1ca,Bachelors 1st year,,3,vbyDnUDjDtHU4iAauqfqE5,0,0,0,0,4,Kathmandu,No,No,No,No,No,No,0,0,Answered,Missing: outside form routing,Answered,Answered,Missing: outside form routing,Missing: outside form routing,Answered,Answered,Missing: outside form routing,Answered,Missing: outside form routing,Missing: outside form routing,Missing: outside form routing,Missing: outside form routing,Missing: outside form routing,Missing: outside form routing,Missing: outside form routing,Missing: outside form routing,Missing: outside form routing,Answered,No
415,853439078,4843e3c3-05ca-4920-af9c-0a9308ce9f65,Bachelors 2nd year,,5,vbyDnUDjDtHU4iAauqfqE5,0,0,0,0,4,Kathmandu,No,No,No,No,No,No,0,0,Answered,Missing: outside form routing,Answered,Answered,Missing: outside form routing,Missing: outside form routing,Answered,Answered,Missing: outside form routing,Answered,Missing: outside form routing,Missing: outside form routing,Missing: outside form routing,Missing: outside form routing,Missing: outside form routing,Missing: outside form routing,Missing: outside form routing,Missing: outside form routing,Missing: outside form routing,Answered,No
416,853439084,617b7bc1-a11c-4e1d-80dd-c299ff836a74,Bachelors 5th year,,1,vbyDnUDjDtHU4iAauqfqE5,0,0,0,0,4,Kathmandu,No,No,No,No,No,No,0,0,Answered,Missing: outside form routing,Answered,Answered,Missing: outside form routing,Missing: outside form routing,Answered,Missing: outside form routing,Missing: outside form routing,Answered,Answered,Answered,Missing: outside form routing,Missing: outside form routing,Missing: outside form routing,Missing: outside form routing,Answered,Answered,Missing: outside form routing,Missing: outside form routing,No
417,853439092,d49bcfab-e82e-410a-b5f3-52070f0082a3,Masters 1st year,1,3,vbyDnUDjDtHU4iAauqfqE5,0,0,0,1,,Kathmandu metropolitan,No,No,No,No,No,No,0,0,Answered,Missing: outside form routing,Answered,Answered,Answered,Answered,Answered,Missing: outside form routing,Missing: outside form routing,Answered,Answered,Missing: outside form routing,Missing: outside form routing,Answered,Missing: outside form routing,Missing: outside form routing,Answered,Missing: outside form routing,Missing: outside form routing,Missing: outside form routing,No
418,853872236,a07d34c4-4474-4cfb-a099-cdbb3524826c,Bachelors 2nd year,,1,vbyDnUDjDtHU4iAauqfqE5,0,0,0,0,10,Tokha ,No,No,No,No,No,No,0,0,Answered,Missing: outside form routing,Answered,Answered,Missing: outside form routing,Missing: outside form routing,Answered,Missing: outside form routing,Missing: outside form routing,Missing: outside form routing,Answered,Answered,Missing: outside form routing,Missing: outside form routing,Missing: outside form routing,Missing: outside form routing,Answered,Answered,Missing: outside form routing,Missing: outside form routing,No
419,853872239,7a684b72-204a-495c-8ffd-50ba4a87c53f,Masters 2nd year,,1,vbyDnUDjDtHU4iAauqfqE5,0,0,0,0,10,Tokha,No,No,No,No,No,Yes,0,0,Answered,Missing: outside form routing,Answered,Answered,Answered,Missing: outside form routing,Answered,Missing: outside form routing,Missing: outside form routing,Answered,Answered,Missing: outside form routing,Missing: outside form routing,Answered,Missing: outside form routing,Missing: outside form routing,Answered,Missing: outside form routing,Missing: outside form routing,Missing: outside form routing,Yes
420,853872247,36375d61-461b-4c02-b5b1-060fef9a25ae,Bachelors 3rd year,,3,vbyDnUDjDtHU4iAauqfqE5,0,0,0,0,10,Tokha,No,No,No,No,No,No,0,0,Answered,Missing: outside form routing,Answered,Answered,Missing: outside form routing,Missing: outside form routing,Answered,Missing: outside form routing,Answered,Missing: outside form routing,Answered,Missing: outside form routing,Missing: outside form routing,Answered,Missing: outside form routing,Missing: outside form routing,Answered,Missing: outside form routing,Missing: outside form routing,Missing: outside form routing,No
421,853872252,6f776c90-b475-4ac9-9ba4-c5cad9b1bd67,Bachelors 1st year,,41,vbyDnUDjDtHU4iAauqfqE5,0,0,0,0,10,Tokha,No,No,No,No,No,No,0,0,Answered,Missing: outside form routing,Answered,Answered,Missing: outside form routing,Missing: outside form routing,Answered,Answered,Answered,Missing: outside form routing,Answered,Answered,Missing: outside form routing,Missing: outside form routing,Missing: outside form routing,Missing: outside form routing,Answered,Answered,Missing: outside form routing,Missing: outside form routing,No
422,853873174,47dc3a3a-a82d-4655-a817-f213cf504e0d,Bachelors 3rd year,,1,vbyDnUDjDtHU4iAauqfqE5,0,0,0,0,1,Siddhartha na pa,No,No,No,No,No,No,0,0,Answered,Missing: outside form routing,Answered,Answered,Missing: outside form routing,Missing: outside form routing,Answered,Missing: outside form routing,Answered,Missing: outside form routing,Missing: outside form routing,Missing: outside form routing,Missing: outside form routing,Missing: outside form routing,Missing: outside form routing,Missing: outside form routing,Missing: outside form routing,Missing: outside form routing,Missing: outside form routing,Answered,No
423,853873183,d10b8950-0363-4387-9a94-c1d4a970a750,Bachelors 3rd year,,1,vbyDnUDjDtHU4iAauqfqE5,0,0,0,0,1,Siddhartha na pa,No,No,No,No,No,No,0,0,Answered,Missing: outside form routing,Answered,Answered,Missing: outside form routing,Missing: outside form routing,Answered,Answered,Missing: outside form routing,Answered,Missing: outside form routing,Missing: outside form routing,Missing: outside form routing,Missing: outside form routing,Missing: outside form routing,Missing: outside form routing,Missing: outside form routing,Missing: outside form routing,Missing: outside form routing,Missing: outside form routing,No
424,853873190,fc630fd4-8f40-4616-9a7f-6d8e2c0b5fa2,Bachelors 4th year,,1,vbyDnUDjDtHU4iAauqfqE5,0,0,0,0,1,Siddhartha na pa,No,No,No,No,No,No,0,0,Answered,Missing: outside form routing,Answered,Answered,Missing: outside form routing,Missing: outside form routing,Answered,Missing: outside form routing,Missing: outside form routing,Answered,Answered,Missing: outside form routing,Missing: outside form routing,Answered,Missing: outside form routing,Missing: outside form routing,Answered,Missing: outside form routing,Missing: outside form routing,Missing: outside form routing,No
425,853873193,c9c85237-0b47-4514-9533-38f2f0448579,Bachelors 4th year,,1,vbyDnUDjDtHU4iAauqfqE5,0,0,0,0,1,Siddharth na pa,No,No,No,No,No,No,0,0,Answered,Missing: outside form routing,Answered,Answered,Missing: outside form routing,Missing: outside form routing,Answered,Missing: outside form routing,Missing: outside form routing,Answered,Answered,Answered,Missing: outside form routing,Missing: outside form routing,Missing: outside form routing,Missing: outside form routing,Answered,Answered,Missing: outside form routing,Missing: outside form routing,No
426,853873196,d5279438-2326-4f7e-8583-386ddf7c4945,Bachelors 2nd year,,1,vbyDnUDjDtHU4iAauqfqE5,0,0,0,0,1,Siddhartha na pa,No,No,No,No,No,No,0,0,Answered,Missing: outside form routing,Answered,Answered,Missing: outside form routing,Missing: outside form routing,Answered,Missing: outside form routing,Answered,Missing: outside form routing,Answered,Missing: outside form routing,Missing: outside form routing,Answered,Missing: outside form routing,Missing: outside form routing,Answered,Missing: outside form routing,Missing: outside form routing,Missing: outside form routing,No
427,853877022,b5d30467-b16f-44a1-b3db-bb3407eedd4d,Bachelors 3rd year,,1,vbyDnUDjDtHU4iAauqfqE5,0,0,0,0,1,Siddhartha nagar nagarpalika,No,No,No,No,No,No,0,0,Answered,Missing: outside form routing,Answered,Answered,Missing: outside form routing,Missing: outside form routing,Answered,Answered,Missing: outside form routing,Answered,Answered,Answered,Missing: outside form routing,Missing: outside form routing,Missing: outside form routing,Missing: outside form routing,Answered,Answered,Missing: outside form routing,Missing: outside form routing,No
428,853877025,29b27d52-49b2-4687-874c-a72be605420a,Bachelors 3rd year,,1,vbyDnUDjDtHU4iAauqfqE5,0,0,0,0,1,Siddhartha nagar nagarpalika,No,No,No,No,No,No,0,0,Answered,Missing: outside form routing,Answered,Answered,Missing: outside form routing,Missing: outside form routing,Answered,Missing: outside form routing,Missing: outside form routing,Answered,Answered,Missing: outside form routing,Missing: outside form routing,Answered,Missing: outside form routing,Missing: outside form routing,Answered,Missing: outside form routing,Missing: outside form routing,Missing: outside form routing,No
429,853877031,fca2a979-ac18-4f34-8581-170e6e8ef1e6,Bachelors 4th year,,1,vbyDnUDjDtHU4iAauqfqE5,0,0,0,0,1,Siddhartha nagar nagarpalika,No,No,No,No,No,No,0,0,Answered,Missing: outside form routing,Answered,Answered,Missing: outside form routing,Missing: outside form routing,Answered,Missing: outside form routing,Missing: outside form routing,Answered,Answered,Answered,Missing: outside form routing,Missing: outside form routing,Missing: outside form routing,Missing: outside form routing,Answered,Answered,Missing: outside form routing,Missing: outside form routing,No
430,853877034,b3b872b6-1e76-4935-adb3-aa3efbfa4559,Bachelors 4th year,,1,vbyDnUDjDtHU4iAauqfqE5,0,0,0,0,1,Siddhartha nagar nagarpalika,No,No,No,No,No,No,0,0,Answered,Missing: outside form routing,Answered,Answered,Missing: outside form routing,Missing: outside form routing,Answered,Answered,Missing: outside form routing,Answered,Answered,Answered,Missing: outside form routing,Missing: outside form routing,Missing: outside form routing,Missing: outside form routing,Answered,Answered,Missing: outside form routing,Answered,No
431,853877039,80ff7ceb-8dfe-47de-bb84-b7e850fe5971,Bachelors 4th year,,1,vbyDnUDjDtHU4iAauqfqE5,0,0,0,0,1,Siddhartha nagar nagarpalika,No,No,No,No,No,No,0,0,Answered,Missing: outside form routing,Answered,Answered,Missing: outside form routing,Missing: outside form routing,Answered,Answered,Missing: outside form routing,Answered,Answered,Answered,Missing: outside form routing,Missing: outside form routing,Missing: outside form routing,Missing: outside form routing,Answered,Answered,Missing: outside form routing,Missing: outside form routing,No
432,853881100,287bf2a7-788b-4b98-8f20-714903829abd,Bachelors 2nd year,,1,vbyDnUDjDtHU4iAauqfqE5,0,0,0,0,1,Dhangadi,No,No,No,No,No,No,0,0,Answered,Missing: outside form routing,Answered,Answered,Missing: outside form routing,Missing: outside form routing,Answered,Missing: outside form routing,Answered,Missing: outside form routing,Missing: outside form routing,Missing: outside form routing,Missing: outside form routing,Missing: outside form routing,Missing: outside form routing,Missing: outside form routing,Missing: outside form routing,Missing: outside form routing,Missing: outside form routing,Missing: outside form routing,No
433,853881109,220bdc08-f0df-4519-bf3d-826147ea792e,Bachelors 1st year,,1,vbyDnUDjDtHU4iAauqfqE5,0,0,0,0,1,Dhangadi,No,No,No,No,No,No,0,0,Answered,Missing: outside form routing,Answered,Answered,Missing: outside form routing,Missing: outside form routing,Answered,Answered,Answered,Missing: outside form routing,Missing: outside form routing,Missing: outside form routing,Missing: outside form routing,Missing: outside form routing,Missing: outside form routing,Missing: outside form routing,Missing: outside form routing,Missing: outside form routing,Missing: outside form routing,Missing: outside form routing,No
434,853881115,3e261991-0651-4087-9409-c1c5917fb8f7,Bachelors 2nd year,,1,vbyDnUDjDtHU4iAauqfqE5,0,0,0,0,1,Dhangadi,No,No,No,No,No,No,0,0,Answered,Missing: outside form routing,Answered,Answered,Missing: outside form routing,Missing: outside form routing,Answered,Answered,Answered,Missing: outside form routing,Missing: outside form routing,Missing: outside form routing,Missing: outside form routing,Missing: outside form routing,Missing: outside form routing,Missing: outside form routing,Missing: outside form routing,Missing: outside form routing,Missing: outside form routing,Missing: outside form routing,No
435,853881124,ee108e29-8905-4a81-968f-93badcd06d64,Bachelors 3rd year,,1,vbyDnUDjDtHU4iAauqfqE5,0,0,0,0,1,Dhangadi,No,No,No,No,No,No,0,0,Answered,Missing: outside form routing,Answered,Answered,Missing: outside form routing,Missing: outside form routing,Answered,Missing: outside form routing,Answered,Missing: outside form routing,Answered,Missing: outside form routing,Missing: outside form routing,Answered,Missing: outside form routing,Missing: outside form routing,Answered,Missing: outside form routing,Missing: outside form routing,Missing: outside form routing,No
436,853882473,91322de6-9fc6-4e98-8c6c-9c025c268e09,Bachelors 2nd year,,3,vbyDnUDjDtHU4iAauqfqE5,0,0,0,0,01,Dhangadi,No,No,No,No,No,No,0,0,Answered,Missing: outside form routing,Answered,Answered,Missing: outside form routing,Missing: outside form routing,Answered,Missing: outside form routing,Answered,Missing: outside form routing,Missing: outside form routing,Missing: outside form routing,Missing: outside form routing,Missing: outside form routing,Missing: outside form routing,Missing: outside form routing,Missing: outside form routing,Missing: outside form routing,Missing: outside form routing,Missing: outside form routing,No
437,853882478,446fd47b-a008-4e20-b75a-43fd48c95639,Bachelors 4th year,,1,vbyDnUDjDtHU4iAauqfqE5,0,0,0,0,01,Dhangadi,No,No,No,No,No,No,0,0,Answered,Missing: outside form routing,Answered,Answered,Missing: outside form routing,Missing: outside form routing,Answered,Missing: outside form routing,Answered,Missing: outside form routing,Answered,Missing: outside form routing,Missing: outside form routing,Answered,Missing: outside form routing,Missing: outside form routing,Answered,Missing: outside form routing,Missing: outside form routing,Missing: outside form routing,No
438,853882485,e545a3eb-8f59-44ad-ab77-6cae19b64c10,Bachelors 3rd year,,1,vbyDnUDjDtHU4iAauqfqE5,0,0,0,0,01,Dhangadi,No,No,No,No,No,No,0,0,Answered,Missing: outside form routing,Answered,Answered,Missing: outside form routing,Missing: outside form routing,Answered,Answered,Missing: outside form routing,Missing: outside form routing,Answered,Answered,Missing: outside form routing,Missing: outside form routing,Missing: outside form routing,Missing: outside form routing,Answered,Answered,Missing: outside form routing,Missing: outside form routing,No
439,853882493,d3739009-ff28-42e6-912c-a1e5d18dfb61,Bachelors 1st year,,1,vbyDnUDjDtHU4iAauqfqE5,0,0,0,0,01,Dhangadi,No,No,No,No,No,No,0,0,Answered,Missing: outside form routing,Answered,Answered,Missing: outside form routing,Missing: outside form routing,Answered,Answered,Answered,Missing: outside form routing,Missing: outside form routing,Missing: outside form routing,Missing: outside form routing,Missing: outside form routing,Missing: outside form routing,Missing: outside form routing,Missing: outside form routing,Missing: outside form routing,Missing: outside form routing,Missing: outside form routing,No
440,853901464,79aebac6-1a7e-42e9-a072-d30f9bba4fb6,Bachelors 4th year,,1,vbyDnUDjDtHU4iAauqfqE5,0,0,0,0,12,Janakpurdham,No,No,No,No,No,No,0,0,Answered,Missing: outside form routing,Answered,Answered,Missing: outside form routing,Missing: outside form routing,Answered,Answered,Missing: outside form routing,Answered,Missing: outside form routing,Missing: outside form routing,Missing: outside form routing,Missing: outside form routing,Missing: outside form routing,Missing: outside form routing,Missing: outside form routing,Missing: outside form routing,Missing: outside form routing,Missing: outside form routing,No
441,853901477,65a89a29-d407-4d7e-9183-ee22026d5115,Masters 1st year,2,1,vbyDnUDjDtHU4iAauqfqE5,0,0,0,0,12,Janakpurdham,No,No,No,No,No,No,0,0,Answered,Missing: outside form routing,Answered,Answered,Answered,Answered,Answered,Missing: outside form routing,Missing: outside form routing,Answered,Answered,Missing: outside form routing,Missing: outside form routing,Answered,Missing: outside form routing,Missing: outside form routing,Answered,Missing: outside form routing,Missing: outside form routing,Missing: outside form routing,No
442,853901485,fa17eca1-84ff-4d3f-ba77-f4fb1270fb25,Masters 1st year,2,1,vbyDnUDjDtHU4iAauqfqE5,0,0,0,0,12,Janakpurdham,No,No,No,No,No,No,0,0,Answered,Missing: outside form routing,Answered,Answered,Answered,Answered,Answered,Missing: outside form routing,Missing: outside form routing,Answered,Answered,Missing: outside form routing,Missing: outside form routing,Answered,Missing: outside form routing,Missing: outside form routing,Answered,Missing: outside form routing,Missing: outside form routing,Missing: outside form routing,No
443,853908163,b922a8a9-085d-4bc8-9c9f-e137649531ed,Masters 1st year,2,1,vbyDnUDjDtHU4iAauqfqE5,0,0,0,0,12,Janakpurdham sub metropolitan,No,No,No,No,No,No,0,0,Answered,Missing: outside form routing,Answered,Answered,Answered,Answered,Answered,Missing: outside form routing,Missing: outside form routing,Answered,Answered,Missing: outside form routing,Missing: outside form routing,Answered,Missing: outside form routing,Missing: outside form routing,Answered,Missing: outside form routing,Missing: outside form routing,Missing: outside form routing,No
444,853908168,69f622bf-6d13-4be8-b2bc-c332d57047bf,Bachelors 4th year,,1,vbyDnUDjDtHU4iAauqfqE5,0,0,0,0,12,Janakpurdham sub metropolitan,No,No,No,No,No,No,0,0,Answered,Missing: outside form routing,Answered,Answered,Missing: outside form routing,Missing: outside form routing,Answered,Missing: outside form routing,Missing: outside form routing,Answered,Missing: outside form routing,Missing: outside form routing,Missing: outside form routing,Missing: outside form routing,Missing: outside form routing,Missing: outside form routing,Missing: outside form routing,Missing: outside form routing,Missing: outside form routing,Missing: outside form routing,No
445,853908170,597b96c4-6cd0-4425-a018-f775a7338e7b,Bachelors 4th year,,1,vbyDnUDjDtHU4iAauqfqE5,0,0,0,0,12,Janakpurdham sub metropolitan,No,No,No,No,No,No,0,0,Answered,Missing: outside form routing,Answered,Answered,Missing: outside form routing,Missing: outside form routing,Answered,Missing: outside form routing,Missing: outside form routing,Answered,Missing: outside form routing,Missing: outside form routing,Missing: outside form routing,Missing: outside form routing,Missing: outside form routing,Missing: outside form routing,Missing: outside form routing,Missing: outside form routing,Missing: outside form routing,Missing: outside form routing,No
446,853908671,09c4c272-6503-45e2-9ff3-01e801aa4a29,Bachelors 4th year,,1,vbyDnUDjDtHU4iAauqfqE5,0,0,0,0,1,Biratnagar Mahanagar palika,No,No,No,No,No,No,0,0,Answered,Missing: outside form routing,Answered,Answered,Missing: outside form routing,Missing: outside form routing,Answered,Answered,Answered,Missing: outside form routing,Missing: outside form routing,Missing: outside form routing,Missing: outside form routing,Missing: outside form routing,Missing: outside form routing,Missing: outside form routing,Missing: outside form routing,Missing: outside form routing,Missing: outside form routing,Missing: outside form routing,No
447,853908685,f6b8a51e-17df-40d6-9792-56651d9d7a43,Bachelors 1st year,,1,vbyDnUDjDtHU4iAauqfqE5,0,0,0,0,1,Biratnagar Mahanagar palika,No,No,No,No,No,No,0,0,Answered,Missing: outside form routing,Answered,Answered,Missing: outside form routing,Missing: outside form routing,Answered,Answered,Missing: outside form routing,Answered,Missing: outside form routing,Missing: outside form routing,Missing: outside form routing,Missing: outside form routing,Missing: outside form routing,Missing: outside form routing,Missing: outside form routing,Missing: outside form routing,Missing: outside form routing,Missing: outside form routing,No
448,853908691,3335ee21-53c9-42f3-88c3-9f0831fde3f5,Bachelors 4th year,,1,vbyDnUDjDtHU4iAauqfqE5,0,0,0,0,1,Biratnagar Mahanagar palika,No,No,No,No,No,No,0,0,Answered,Missing: outside form routing,Answered,Answered,Missing: outside form routing,Missing: outside form routing,Answered,Missing: outside form routing,Answered,Missing: outside form routing,Answered,Answered,Missing: outside form routing,Missing: outside form routing,Missing: outside form routing,Missing: outside form routing,Answered,Answered,Missing: outside form routing,Missing: outside form routing,No
449,853908697,6f9a5608-8b6e-4ea6-b642-6bf577e9b397,Bachelors 4th year,,1,vbyDnUDjDtHU4iAauqfqE5,0,0,0,0,1,Biratnagar Mahanagar palika,No,No,No,No,No,No,0,0,Answered,Missing: outside form routing,Answered,Answered,Missing: outside form routing,Missing: outside form routing,Answered,Answered,Answered,Missing: outside form routing,Answered,Answered,Missing: outside form routing,Missing: outside form routing,Missing: outside form routing,Missing: outside form routing,Answered,Answered,Missing: outside form routing,Missing: outside form routing,No
450,853908704,b58413e9-2134-444b-9619-11f640ef48d6,Bachelors 1st year,,1,vbyDnUDjDtHU4iAauqfqE5,0,0,0,0,1,Biratnagar Mahanagar palika,No,No,No,No,No,No,0,0,Answered,Missing: outside form routing,Answered,Answered,Missing: outside form routing,Missing: outside form routing,Answered,Answered,Answered,Missing: outside form routing,Missing: outside form routing,Missing: outside form routing,Missing: outside form routing,Missing: outside form routing,Missing: outside form routing,Missing: outside form routing,Missing: outside form routing,Missing: outside form routing,Missing: outside form routing,Missing: outside form routing,No
451,853910469,1b9fdc0f-1d9c-4436-8c71-41fee43bafe6,Bachelors 2nd year,,1,vbyDnUDjDtHU4iAauqfqE5,0,0,0,0,1,Biratnagar,No,No,No,No,No,No,0,0,Answered,Missing: outside form routing,Answered,Answered,Missing: outside form routing,Missing: outside form routing,Answered,Answered,Missing: outside form routing,Missing: outside form routing,Answered,Missing: outside form routing,Missing: outside form routing,Answered,Missing: outside form routing,Missing: outside form routing,Answered,Missing: outside form routing,Missing: outside form routing,Missing: outside form routing,No
452,853910488,aa4c511b-dd2e-469c-b8c8-c41913e77289,Bachelors 2nd year,,1,vbyDnUDjDtHU4iAauqfqE5,0,0,0,0,1,Biratnagar,No,No,No,No,No,No,0,0,Answered,Missing: outside form routing,Answered,Answered,Missing: outside form routing,Missing: outside form routing,Answered,Answered,Missing: outside form routing,Missing: outside form routing,Missing: outside form routing,Missing: outside form routing,Missing: outside form routing,Missing: outside form routing,Missing: outside form routing,Missing: outside form routing,Missing: outside form routing,Missing: outside form routing,Missing: outside form routing,Missing: outside form routing,No
453,853910499,de040acf-8c19-465a-99a6-cc8818b66d75,Bachelors 5th year,,,vbyDnUDjDtHU4iAauqfqE5,0,0,0,0,1,Biratnagar,No,No,No,No,No,No,0,0,Answered,Missing: outside form routing,Answered,Answered,Missing: outside form routing,Missing: outside form routing,Missing: outside form routing,Missing: outside form routing,Missing: outside form routing,Answered,Answered,Missing: outside form routing,Missing: outside form routing,Answered,Missing: outside form routing,Missing: outside form routing,Answered,Missing: outside form routing,Missing: outside form routing,Missing: outside form routing,No
454,853910523,79d77136-8ea2-408c-9033-1392a44b5382,Bachelors 4th year,,1,vbyDnUDjDtHU4iAauqfqE5,0,0,0,0,1,Biratnagar,No,No,No,No,No,No,0,0,Answered,Missing: outside form routing,Answered,Answered,Missing: outside form routing,Missing: outside form routing,Answered,Answered,Answered,Missing: outside form routing,Answered,Answered,Answered,Missing: outside form routing,Missing: outside form routing,Missing: outside form routing,Answered,Missing: outside form routing,Missing: outside form routing,Missing: outside form routing,No
455,853910615,3cac55c4-ce97-4be1-9f63-01a6bebf9042,Bachelors 2nd year,,1,vbyDnUDjDtHU4iAauqfqE5,0,0,0,0,1,Biratnagar,No,No,No,No,No,No,0,0,Answered,Missing: outside form routing,Answered,Answered,Missing: outside form routing,Missing: outside form routing,Answered,Missing: outside form routing,Answered,Missing: outside form routing,Missing: outside form routing,Missing: outside form routing,Missing: outside form routing,Missing: outside form routing,Missing: outside form routing,Missing: outside form routing,Missing: outside form routing,Missing: outside form routing,Missing: outside form routing,Missing: outside form routing,No
456,853978752,630c2e79-8cf1-498d-be1f-50a761290d99,Bachelors 3rd year,,1,vbyDnUDjDtHU4iAauqfqE5,0,0,0,0,1,Siddharth Nagar nagarpalika,No,No,No,No,No,No,0,0,Answered,Missing: outside form routing,Answered,Answered,Missing: outside form routing,Missing: outside form routing,Answered,Answered,Missing: outside form routing,Missing: outside form routing,Missing: outside form routing,Missing: outside form routing,Missing: outside form routing,Missing: outside form routing,Missing: outside form routing,Missing: outside form routing,Missing: outside form routing,Missing: outside form routing,Missing: outside form routing,Missing: outside form routing,No
457,853978761,6aca6138-09f5-4ad9-b78b-955cda0a12ef,Bachelors 3rd year,,1,vbyDnUDjDtHU4iAauqfqE5,0,0,0,0,1,Siddharth Nagar nagarpalika,No,No,No,No,No,No,0,0,Answered,Missing: outside form routing,Answered,Answered,Missing: outside form routing,Missing: outside form routing,Answered,Missing: outside form routing,Missing: outside form routing,Answered,Answered,Answered,Missing: outside form routing,Missing: outside form routing,Missing: outside form routing,Missing: outside form routing,Answered,Missing: outside form routing,Missing: outside form routing,Missing: outside form routing,No
458,853978771,f6042def-b544-4c6d-be8c-59b962c5e42a,Bachelors 3rd year,,1,vbyDnUDjDtHU4iAauqfqE5,0,0,0,0,1,Siddharth Nagar nagarpalika ,No,No,No,No,No,No,0,0,Answered,Missing: outside form routing,Answered,Answered,Missing: outside form routing,Missing: outside form routing,Answered,Answered,Answered,Missing: outside form routing,Missing: outside form routing,Missing: outside form routing,Missing: outside form routing,Missing: outside form routing,Missing: outside form routing,Missing: outside form routing,Missing: outside form routing,Missing: outside form routing,Missing: outside form routing,Missing: outside form routing,No
459,853978781,88a46a55-4c56-4213-afb6-11d3edf26359,Bachelors 3rd year,,1,vbyDnUDjDtHU4iAauqfqE5,0,0,0,0,1,Siddharth Nagar nagarpqlika,No,No,No,No,No,No,0,0,Answered,Missing: outside form routing,Answered,Answered,Missing: outside form routing,Missing: outside form routing,Answered,Missing: outside form routing,Missing: outside form routing,Missing: outside form routing,Missing: outside form routing,Missing: outside form routing,Missing: outside form routing,Missing: outside form routing,Missing: outside form routing,Missing: outside form routing,Missing: outside form routing,Missing: outside form routing,Missing: outside form routing,Missing: outside form routing,No
460,853978786,e7061e43-e674-4234-972d-16e0ac02f4d2,Bachelors 3rd year,,1,vbyDnUDjDtHU4iAauqfqE5,0,0,0,0,1,Siddharth Nagar nagarpqlika,No,No,No,No,No,No,0,0,Answered,Missing: outside form routing,Answered,Answered,Missing: outside form routing,Missing: outside form routing,Answered,Missing: outside form routing,Missing: outside form routing,Answered,Missing: outside form routing,Missing: outside form routing,Missing: outside form routing,Missing: outside form routing,Missing: outside form routing,Missing: outside form routing,Missing: outside form routing,Missing: outside form routing,Missing: outside form routing,Missing: outside form routing,No
461,854471374,d7e9f9e2-9e1b-47c3-9bb2-fe26e7be4f57,Bachelors 3rd year,,1,vbyDnUDjDtHU4iAauqfqE5,0,0,0,0,1,Siddhartha na pa,No,No,No,No,No,No,0,0,Answered,Missing: outside form routing,Answered,Answered,Missing: outside form routing,Missing: outside form routing,Answered,Answered,Missing: outside form routing,Answered,Answered,Missing: outside form routing,Missing: outside form routing,Answered,Missing: outside form routing,Missing: outside form routing,Answered,Missing: outside form routing,Missing: outside form routing,Missing: outside form routing,No
462,854471392,a99a0bbd-a586-499e-b163-9f11bcd19e21,Bachelors 3rd year,,1,vbyDnUDjDtHU4iAauqfqE5,0,0,0,0,1,Siddhartha na pa,No,No,No,No,No,No,0,0,Answered,Missing: outside form routing,Answered,Answered,Missing: outside form routing,Missing: outside form routing,Answered,Missing: outside form routing,Missing: outside form routing,Answered,Answered,Answered,Missing: outside form routing,Missing: outside form routing,Missing: outside form routing,Missing: outside form routing,Answered,Answered,Missing: outside form routing,Missing: outside form routing,No
463,854471410,804d80b3-5e79-43b2-9f67-91cde43674fc,Bachelors 4th year,,1,vbyDnUDjDtHU4iAauqfqE5,0,0,0,0,1,Siddhartha na pa,No,No,No,No,No,No,0,0,Answered,Missing: outside form routing,Answered,Answered,Missing: outside form routing,Missing: outside form routing,Answered,Missing: outside form routing,Answered,Missing: outside form routing,Answered,Answered,Missing: outside form routing,Missing: outside form routing,Missing: outside form routing,Missing: outside form routing,Answered,Answered,Missing: outside form routing,Answered,No
464,854471424,1a2c0d45-11ae-4b71-bd72-6394e2549b16,Bachelors 3rd year,,1,vbyDnUDjDtHU4iAauqfqE5,0,0,0,0,1,Sidartha na pa,No,No,No,No,No,No,0,0,Answered,Missing: outside form routing,Answered,Answered,Missing: outside form routing,Missing: outside form routing,Answered,Answered,Answered,Missing: outside form routing,Missing: outside form routing,Missing: outside form routing,Missing: outside form routing,Missing: outside form routing,Missing: outside form routing,Missing: outside form routing,Missing: outside form routing,Missing: outside form routing,Missing: outside form routing,Missing: outside form routing,No
465,854471429,b1ff15da-2659-409f-bbaf-6870c5a02454,Bachelors 4th year,,1,vbyDnUDjDtHU4iAauqfqE5,0,0,0,0,1,Siddharth na pa,No,No,No,No,No,No,0,0,Answered,Missing: outside form routing,Answered,Answered,Missing: outside form routing,Missing: outside form routing,Answered,Missing: outside form routing,Missing: outside form routing,Answered,Answered,Missing: outside form routing,Missing: outside form routing,Answered,Missing: outside form routing,Missing: outside form routing,Answered,Answered,Missing: outside form routing,Missing: outside form routing,No
466,854471975,e0dcb691-d2fd-443b-999c-a140d996c866,Bachelors 4th year,,1,vbyDnUDjDtHU4iAauqfqE5,0,0,0,0,1,Siddharth Nagar nagarpqlika,No,No,No,No,No,No,0,0,Answered,Missing: outside form routing,Answered,Answered,Missing: outside form routing,Missing: outside form routing,Answered,Missing: outside form routing,Missing: outside form routing,Answered,Answered,Answered,Missing: outside form routing,Missing: outside form routing,Missing: outside form routing,Missing: outside form routing,Answered,Answered,Missing: outside form routing,Missing: outside form routing,No
467,854471993,2968f0aa-9686-4bfd-88f7-09aaaca75c10,Bachelors 4th year,,1,vbyDnUDjDtHU4iAauqfqE5,0,0,0,0,1,Siddharth Nagar nagarpqlika,No,No,No,No,No,No,0,0,Answered,Missing: outside form routing,Answered,Answered,Missing: outside form routing,Missing: outside form routing,Answered,Answered,Missing: outside form routing,Missing: outside form routing,Answered,Answered,Missing: outside form routing,Missing: outside form routing,Missing: outside form routing,Missing: outside form routing,Answered,Answered,Missing: outside form routing,Missing: outside form routing,No
468,854472032,1de1c24d-7ece-4e61-a718-5c334013b236,Bachelors 1st year,,1,vbyDnUDjDtHU4iAauqfqE5,0,0,0,0,1,Siddharth Nagar nagarpqlika,No,No,No,No,No,No,0,0,Answered,Missing: outside form routing,Answered,Answered,Missing: outside form routing,Missing: outside form routing,Answered,Missing: outside form routing,Answered,Missing: outside form routing,Missing: outside form routing,Missing: outside form routing,Missing: outside form routing,Missing: outside form routing,Missing: outside form routing,Missing: outside form routing,Missing: outside form routing,Missing: outside form routing,Missing: outside form routing,Missing: outside form routing,No
469,854472038,4a6ca91c-c72b-4534-9ccd-18864af014b2,Bachelors 3rd year,,1,vbyDnUDjDtHU4iAauqfqE5,0,0,0,0,1,Siddharth Nagar nagarpqlika,No,No,No,No,No,No,0,0,Answered,Missing: outside form routing,Answered,Answered,Missing: outside form routing,Missing: outside form routing,Answered,Missing: outside form routing,Answered,Missing: outside form routing,Missing: outside form routing,Missing: outside form routing,Missing: outside form routing,Missing: outside form routing,Missing: outside form routing,Missing: outside form routing,Missing: outside form routing,Missing: outside form routing,Missing: outside form routing,Missing: outside form routing,No
470,854472049,f07140e5-db3f-47cc-98ba-f4377e777bbd,Bachelors 2nd year,,1,vbyDnUDjDtHU4iAauqfqE5,0,0,0,0,1,Siddharth Nagar nagarpalika,No,No,No,No,No,No,0,0,Answered,Missing: outside form routing,Answered,Answered,Missing: outside form routing,Missing: outside form routing,Answered,Answered,Answered,Missing: outside form routing,Missing: outside form routing,Missing: outside form routing,Missing: outside form routing,Missing: outside form routing,Missing: outside form routing,Missing: outside form routing,Missing: outside form routing,Missing: outside form routing,Missing: outside form routing,Missing: outside form routing,No
471,854531558,6a79c425-2afa-4867-ad2e-be8d9bdc3659,Bachelors 3rd year,,1,vbyDnUDjDtHU4iAauqfqE5,0,0,0,0,5,Biratnagar,No,No,No,No,No,No,0,0,Answered,Missing: outside form routing,Answered,Answered,Missing: outside form routing,Missing: outside form routing,Answered,Missing: outside form routing,Missing: outside form routing,Answered,Answered,Answered,Missing: outside form routing,Missing: outside form routing,Missing: outside form routing,Missing: outside form routing,Answered,Answered,Missing: outside form routing,Missing: outside form routing,No
472,854531578,ff84b4be-ab43-4bc2-8f9f-68b34b3d040f,Bachelors 3rd year,,,vbyDnUDjDtHU4iAauqfqE5,0,0,0,0,4,Biratnagar,No,No,No,No,No,No,0,0,Answered,Missing: outside form routing,Answered,Answered,Missing: outside form routing,Missing: outside form routing,Missing: outside form routing,Missing: outside form routing,Answered,Missing: outside form routing,Missing: outside form routing,Missing: outside form routing,Missing: outside form routing,Missing: outside form routing,Missing: outside form routing,Missing: outside form routing,Missing: outside form routing,Missing: outside form routing,Missing: outside form routing,Missing: outside form routing,No
473,854531601,1b4c8127-2143-4425-951a-1bd21c646fbf,Masters 1st year,1,,vbyDnUDjDtHU4iAauqfqE5,0,0,0,0,5,Biratnagar,No,No,No,No,No,No,0,0,Answered,Missing: outside form routing,Answered,Answered,Answered,Answered,Missing: outside form routing,Answered,Missing: outside form routing,Answered,Answered,Missing: outside form routing,Missing: outside form routing,Answered,Missing: outside form routing,Missing: outside form routing,Answered,Missing: outside form routing,Missing: outside form routing,Missing: outside form routing,No
474,854531609,57b046eb-200f-442a-8895-5d2f5a2ad0c5,Bachelors 5th year,,1,vbyDnUDjDtHU4iAauqfqE5,0,0,0,0,5,Biratnagar,No,No,No,No,No,No,0,0,Answered,Missing: outside form routing,Answered,Answered,Missing: outside form routing,Missing: outside form routing,Answered,Answered,Missing: outside form routing,Missing: outside form routing,Answered,Missing: outside form routing,Missing: outside form routing,Answered,Missing: outside form routing,Missing: outside form routing,Answered,Missing: outside form routing,Missing: outside form routing,Missing: outside form routing,No
475,854531616,5a01ac0e-4f71-4ef1-b0dc-5e9428bad263,Bachelors 4th year,,1,vbyDnUDjDtHU4iAauqfqE5,0,0,0,0,5,Biratnagar,No,No,No,No,No,No,0,0,Answered,Missing: outside form routing,Answered,Answered,Missing: outside form routing,Missing: outside form routing,Answered,Answered,Missing: outside form routing,Answered,Answered,Missing: outside form routing,Missing: outside form routing,Answered,Missing: outside form routing,Missing: outside form routing,Answered,Missing: outside form routing,Missing: outside form routing,Missing: outside form routing,No
476,854544952,e2af52ce-5729-4dbb-a76b-32f8d254c767,Bachelors 4th year,,1,vbyDnUDjDtHU4iAauqfqE5,0,0,0,0,1,Siddhartha nagar nagarpalika,No,No,No,No,No,No,0,0,Answered,Missing: outside form routing,Answered,Answered,Missing: outside form routing,Missing: outside form routing,Answered,Answered,Missing: outside form routing,Answered,Missing: outside form routing,Missing: outside form routing,Missing: outside form routing,Missing: outside form routing,Missing: outside form routing,Missing: outside form routing,Missing: outside form routing,Missing: outside form routing,Missing: outside form routing,Missing: outside form routing,No
477,854544968,d6eef3f3-cf89-4d00-a543-993bfdba4be4,Bachelors 3rd year,,1,vbyDnUDjDtHU4iAauqfqE5,0,0,0,0,1,Siddhartha nagar nagarpalika,No,No,No,No,No,No,0,0,Answered,Missing: outside form routing,Answered,Answered,Missing: outside form routing,Missing: outside form routing,Answered,Answered,Missing: outside form routing,Answered,Answered,Answered,Missing: outside form routing,Missing: outside form routing,Missing: outside form routing,Missing: outside form routing,Answered,Answered,Missing: outside form routing,Missing: outside form routing,No
478,854544976,920610d3-6323-4afd-a077-e3830d6281ae,Bachelors 1st year,,1,vbyDnUDjDtHU4iAauqfqE5,0,0,0,0,1,Siddhartha nagar nagarpalika,No,No,No,No,No,No,0,0,Answered,Missing: outside form routing,Answered,Answered,Missing: outside form routing,Missing: outside form routing,Answered,Missing: outside form routing,Missing: outside form routing,Answered,Answered,Missing: outside form routing,Missing: outside form routing,Answered,Missing: outside form routing,Missing: outside form routing,Answered,Missing: outside form routing,Missing: outside form routing,Missing: outside form routing,No
479,854544987,0036f212-22f5-4277-be10-92f568f22bcc,Bachelors 4th year,,1,vbyDnUDjDtHU4iAauqfqE5,0,0,0,0,1,Siddhartha nagar nagarpalika,No,No,No,No,No,No,0,0,Answered,Missing: outside form routing,Answered,Answered,Missing: outside form routing,Missing: outside form routing,Answered,Answered,Answered,Missing: outside form routing,Answered,Answered,Missing: outside form routing,Missing: outside form routing,Missing: outside form routing,Missing: outside form routing,Answered,Answered,Missing: outside form routing,Missing: outside form routing,No
480,854544999,bc41c735-97c4-414c-b561-6f0c152f80a1,Bachelors 2nd year,,1,vbyDnUDjDtHU4iAauqfqE5,0,0,0,0,1,Siddhartha nagar nagarpalika,No,No,No,No,No,No,0,0,Answered,Missing: outside form routing,Answered,Answered,Missing: outside form routing,Missing: outside form routing,Answered,Missing: outside form routing,Missing: outside form routing,Answered,Answered,Answered,Missing: outside form routing,Missing: outside form routing,Missing: outside form routing,Missing: outside form routing,Answered,Answered,Missing: outside form routing,Missing: outside form routing,No
481,854587884,ade7fe8d-6e81-4710-8563-469b8d6356bf,Bachelors 2nd year,,1,vbyDnUDjDtHU4iAauqfqE5,0,0,0,0,1,Dhanggadi,No,No,No,No,No,No,0,0,Answered,Missing: outside form routing,Answered,Answered,Missing: outside form routing,Missing: outside form routing,Answered,Missing: outside form routing,Answered,Missing: outside form routing,Answered,Answered,Missing: outside form routing,Missing: outside form routing,Missing: outside form routing,Missing: outside form routing,Answered,Answered,Missing: outside form routing,Missing: outside form routing,No
482,854587900,7a3e8c59-cebd-4359-a78f-b39dbfdafa3f,Bachelors 1st year,,1,vbyDnUDjDtHU4iAauqfqE5,0,0,0,0,1,Dhangadi,No,No,No,No,No,No,0,0,Answered,Missing: outside form routing,Answered,Answered,Missing: outside form routing,Missing: outside form routing,Answered,Answered,Answered,Missing: outside form routing,Missing: outside form routing,Missing: outside form routing,Missing: outside form routing,Missing: outside form routing,Missing: outside form routing,Missing: outside form routing,Missing: outside form routing,Missing: outside form routing,Missing: outside form routing,Missing: outside form routing,No
483,854587916,71ffac64-029f-48b9-a015-d292a3004c97,Masters 1st year,2,3,vbyDnUDjDtHU4iAauqfqE5,0,0,0,0,5,Dhangadi,No,No,No,No,No,No,0,0,Answered,Missing: outside form routing,Answered,Answered,Answered,Answered,Answered,Answered,Answered,Missing: outside form routing,Answered,Missing: outside form routing,Missing: outside form routing,Answered,Missing: outside form routing,Missing: outside form routing,Answered,Missing: outside form routing,Missing: outside form routing,Missing: outside form routing,No
484,854587925,70727216-4660-4456-86d1-223e5f3d6818,Bachelors 4th year,,1,vbyDnUDjDtHU4iAauqfqE5,0,0,0,0,5,Dhangadi,No,No,No,No,No,No,0,0,Answered,Missing: outside form routing,Answered,Answered,Missing: outside form routing,Missing: outside form routing,Answered,Missing: outside form routing,Missing: outside form routing,Answered,Answered,Answered,Missing: outside form routing,Missing: outside form routing,Missing: outside form routing,Missing: outside form routing,Answered,Answered,Missing: outside form routing,Missing: outside form routing,No
485,854587940,673f2ac8-e429-4e1d-8fa3-7de940f2e8df,Bachelors 4th year,,1,vbyDnUDjDtHU4iAauqfqE5,0,0,0,0,5,Dhangadi,No,No,No,No,No,No,0,0,Answered,Missing: outside form routing,Answered,Answered,Missing: outside form routing,Missing: outside form routing,Answered,Missing: outside form routing,Missing: outside form routing,Answered,Answered,Answered,Missing: outside form routing,Missing: outside form routing,Missing: outside form routing,Missing: outside form routing,Answered,Missing: outside form routing,Missing: outside form routing,Missing: outside form routing,No
486,854587950,562aae30-2655-428a-a101-c710fee9feb3,Bachelors 3rd year,,1,vbyDnUDjDtHU4iAauqfqE5,0,0,0,0,5,Dhangadi,No,No,No,No,No,No,0,0,Answered,Missing: outside form routing,Answered,Answered,Missing: outside form routing,Missing: outside form routing,Answered,Missing: outside form routing,Answered,Missing: outside form routing,Answered,Answered,Missing: outside form routing,Missing: outside form routing,Missing: outside form routing,Missing: outside form routing,Answered,Answered,Missing: outside form routing,Missing: outside form routing,No
487,854587969,b8f9b262-282c-455b-8ca8-4f1e742dbaa3,Masters 1st year,2,1,vbyDnUDjDtHU4iAauqfqE5,0,0,0,0,5,Dhangadi,No,No,No,No,No,No,0,0,Answered,Missing: outside form routing,Answered,Answered,Answered,Answered,Answered,Missing: outside form routing,Missing: outside form routing,Answered,Answered,Missing: outside form routing,Missing: outside form routing,Answered,Missing: outside form routing,Missing: outside form routing,Answered,Missing: outside form routing,Missing: outside form routing,Missing: outside form routing,No
488,854589934,36181781-6c85-44ba-ad0d-48919430c9df,Masters 1st year,2,1,vbyDnUDjDtHU4iAauqfqE5,0,0,0,0,05,Dhangadi,No,No,No,No,No,No,0,0,Answered,Missing: outside form routing,Answered,Answered,Answered,Answered,Answered,Answered,Answered,Missing: outside form routing,Answered,Answered,Missing: outside form routing,Missing: outside form routing,Missing: outside form routing,Missing: outside form routing,Answered,Answered,Missing: outside form routing,Missing: outside form routing,No
489,854589955,de082da3-6180-4d00-9fbe-ee572176bd0d,Masters 1st year,2,3,vbyDnUDjDtHU4iAauqfqE5,0,0,0,0,05,Dhangadi,No,No,No,No,No,No,0,0,Answered,Missing: outside form routing,Answered,Answered,Answered,Answered,Answered,Missing: outside form routing,Missing: outside form routing,Answered,Answered,Missing: outside form routing,Missing: outside form routing,Answered,Missing: outside form routing,Missing: outside form routing,Answered,Missing: outside form routing,Missing: outside form routing,Missing: outside form routing,No
490,854589968,c45ad277-9ed8-40ce-8d05-6b919e2aee15,Bachelors 4th year,,1,vbyDnUDjDtHU4iAauqfqE5,0,0,0,0,05,Dhangadi,No,No,No,No,No,No,0,0,Answered,Missing: outside form routing,Answered,Answered,Missing: outside form routing,Missing: outside form routing,Answered,Answered,Missing: outside form routing,Answered,Answered,Missing: outside form routing,Missing: outside form routing,Answered,Answered,Missing: outside form routing,Answered,Missing: outside form routing,Missing: outside form routing,Missing: outside form routing,No
491,854589980,53b51993-0606-4f3a-a81e-6edb19bfc08a,Bachelors 4th year,,1,vbyDnUDjDtHU4iAauqfqE5,0,0,0,0,05,Dhangadi,No,No,No,No,No,No,0,0,Answered,Missing: outside form routing,Answered,Answered,Missing: outside form routing,Missing: outside form routing,Answered,Missing: outside form routing,Missing: outside form routing,Answered,Answered,Missing: outside form routing,Missing: outside form routing,Answered,Missing: outside form routing,Missing: outside form routing,Answered,Missing: outside form routing,Missing: outside form routing,Missing: outside form routing,No
492,854589990,2910c916-fcaf-4110-ba94-dc01397f19b5,Bachelors 4th year,,1,vbyDnUDjDtHU4iAauqfqE5,0,0,0,0,05,Dhangadi,No,No,No,No,No,No,0,0,Answered,Missing: outside form routing,Answered,Answered,Missing: outside form routing,Missing: outside form routing,Answered,Missing: outside form routing,Missing: outside form routing,Answered,Answered,Missing: outside form routing,Missing: outside form routing,Answered,Missing: outside form routing,Missing: outside form routing,Answered,Missing: outside form routing,Missing: outside form routing,Missing: outside form routing,No
493,854590003,a4fca3c3-bc4a-4092-915c-c2cf2d704505,Bachelors 3rd year,,1,vbyDnUDjDtHU4iAauqfqE5,0,0,0,0,01,Dhangadi,No,No,No,No,No,No,0,0,Answered,Missing: outside form routing,Answered,Answered,Missing: outside form routing,Missing: outside form routing,Answered,Answered,Missing: outside form routing,Answered,Answered,Answered,Missing: outside form routing,Missing: outside form routing,Missing: outside form routing,Missing: outside form routing,Answered,Answered,Missing: outside form routing,Missing: outside form routing,No
494,854590018,20435e62-8dad-4cc8-8ed3-c26b08053a90,Bachelors 2nd year,,,vbyDnUDjDtHU4iAauqfqE5,0,0,0,0,01,Dhangadi,No,No,No,No,No,No,0,0,Answered,Missing: outside form routing,Answered,Answered,Missing: outside form routing,Missing: outside form routing,Missing: outside form routing,Answered,Answered,Missing: outside form routing,Answered,Missing: outside form routing,Missing: outside form routing,Missing: outside form routing,Missing: outside form routing,Missing: outside form routing,Answered,Missing: outside form routing,Missing: outside form routing,Missing: outside form routing,No
495,854593421,eadb062d-eafb-40d0-8cd2-085b1784021b,Bachelors 4th year,,1,vbyDnUDjDtHU4iAauqfqE5,0,0,0,0,12,Janakpurdham,No,No,No,No,No,No,0,0,Answered,Missing: outside form routing,Answered,Answered,Missing: outside form routing,Missing: outside form routing,Answered,Answered,Missing: outside form routing,Answered,Missing: outside form routing,Missing: outside form routing,Missing: outside form routing,Missing: outside form routing,Missing: outside form routing,Missing: outside form routing,Missing: outside form routing,Missing: outside form routing,Missing: outside form routing,Missing: outside form routing,No
496,854593431,94611e29-4010-4bce-b5b4-e47f759d29fc,Bachelors 4th year,,1,vbyDnUDjDtHU4iAauqfqE5,0,0,0,0,12,Janakpurdham,No,No,No,No,No,No,0,0,Answered,Missing: outside form routing,Answered,Answered,Missing: outside form routing,Missing: outside form routing,Answered,Missing: outside form routing,Missing: outside form routing,Answered,Answered,Answered,Answered,Missing: outside form routing,Missing: outside form routing,Missing: outside form routing,Answered,Answered,Answered,Missing: outside form routing,No
497,854593446,610edc4d-25f9-4958-95cf-66dd9ff83255,Bachelors 1st year,,1,vbyDnUDjDtHU4iAauqfqE5,0,0,0,0,12,Janakpurdham,No,No,No,No,No,No,0,0,Answered,Missing: outside form routing,Answered,Answered,Missing: outside form routing,Missing: outside form routing,Answered,Missing: outside form routing,Missing: outside form routing,Answered,Missing: outside form routing,Missing: outside form routing,Missing: outside form routing,Missing: outside form routing,Missing: outside form routing,Missing: outside form routing,Missing: outside form routing,Missing: outside form routing,Missing: outside form routing,Missing: outside form routing,No
498,854593455,2575b09a-6f60-4dd2-92b9-bbd8f22445cf,Bachelors 4th year,,1,vbyDnUDjDtHU4iAauqfqE5,0,0,0,0,12,Janakpurdham,No,No,No,No,No,No,0,0,Answered,Missing: outside form routing,Answered,Answered,Missing: outside form routing,Missing: outside form routing,Answered,Missing: outside form routing,Missing: outside form routing,Answered,Missing: outside form routing,Missing: outside form routing,Missing: outside form routing,Missing: outside form routing,Missing: outside form routing,Missing: outside form routing,Missing: outside form routing,Missing: outside form routing,Missing: outside form routing,Missing: outside form routing,No
499,854593461,abd9a983-6c96-4040-a9f8-31572f3e5891,Bachelors 4th year,,1,vbyDnUDjDtHU4iAauqfqE5,0,0,0,0,12,Janakpurdham,No,No,No,No,No,No,0,0,Answered,Missing: outside form routing,Answered,Answered,Missing: outside form routing,Missing: outside form routing,Answered,Answered,Missing: outside form routing,Answered,Answered,Answered,Missing: outside form routing,Missing: outside form routing,Missing: outside form routing,Missing: outside form routing,Answered,Answered,Missing: outside form routing,Missing: outside form routing,No
500,854671222,3f1a74a3-397b-4a96-b2f7-20128a82fa55,Bachelors 4th year,,1,vbyDnUDjDtHU4iAauqfqE5,0,0,0,0,8,Janakpurdham metropolitan,No,No,No,No,No,No,0,0,Answered,Missing: outside form routing,Answered,Answered,Missing: outside form routing,Missing: outside form routing,Answered,Answered,Missing: outside form routing,Answered,Answered,Answered,Missing: outside form routing,Missing: outside form routing,Missing: outside form routing,Missing: outside form routing,Answered,Answered,Missing: outside form routing,Missing: outside form routing,No
501,854671237,e3a7c95a-197c-4ec3-a895-d2b1371ea2c5,Bachelors 1st year,,1,vbyDnUDjDtHU4iAauqfqE5,0,0,0,0,8,Janakpurdham sub metropolitan,No,No,No,No,No,No,0,0,Answered,Missing: outside form routing,Answered,Answered,Missing: outside form routing,Missing: outside form routing,Answered,Missing: outside form routing,Missing: outside form routing,Answered,Missing: outside form routing,Missing: outside form routing,Missing: outside form routing,Missing: outside form routing,Missing: outside form routing,Missing: outside form routing,Missing: outside form routing,Missing: outside form routing,Missing: outside form routing,Missing: outside form routing,No
502,854671252,140ce03a-4445-41bc-8b1c-ee5574f4ecbc,Bachelors 2nd year,,1,vbyDnUDjDtHU4iAauqfqE5,0,0,0,0,8,Janakpurdham sub metropolitan,No,No,No,No,No,No,0,0,Answered,Missing: outside form routing,Answered,Answered,Missing: outside form routing,Missing: outside form routing,Answered,Missing: outside form routing,Answered,Missing: outside form routing,Answered,Missing: outside form routing,Missing: outside form routing,Answered,Missing: outside form routing,Missing: outside form routing,Answered,Missing: outside form routing,Missing: outside form routing,Missing: outside form routing,No
503,854671272,8e86c8a6-df9d-4ee1-89d3-e92c600282e0,Bachelors 4th year,,1,vbyDnUDjDtHU4iAauqfqE5,0,0,0,0,8,Janakpurdham sub metropolitan,No,No,No,No,No,No,0,0,Answered,Missing: outside form routing,Answered,Answered,Missing: outside form routing,Missing: outside form routing,Answered,Missing: outside form routing,Answered,Missing: outside form routing,Answered,Answered,Missing: outside form routing,Missing: outside form routing,Missing: outside form routing,Missing: outside form routing,Answered,Answered,Missing: outside form routing,Missing: outside form routing,No
504,854671284,d209b7d1-bed0-41ee-934e-dce3dab61ad9,Bachelors 4th year,,1,vbyDnUDjDtHU4iAauqfqE5,0,0,0,0,8,Janakpurdham sub metropolitan,No,No,No,No,No,No,0,0,Answered,Missing: outside form routing,Answered,Answered,Missing: outside form routing,Missing: outside form routing,Answered,Answered,Answered,Missing: outside form routing,Answered,Answered,Missing: outside form routing,Missing: outside form routing,Missing: outside form routing,Missing: outside form routing,Answered,Answered,Missing: outside form routing,Missing: outside form routing,No
505,854671298,08f8d91a-94d3-48d2-b0a8-f6874386c4fb,Bachelors 4th year,,2,vbyDnUDjDtHU4iAauqfqE5,0,0,0,0,8,Janakpurdham sub metropolitan,No,No,No,No,No,No,0,0,Answered,Missing: outside form routing,Answered,Answered,Missing: outside form routing,Missing: outside form routing,Answered,Missing: outside form routing,Missing: outside form routing,Answered,Answered,Missing: outside form routing,Missing: outside form routing,Answered,Missing: outside form routing,Missing: outside form routing,Answered,Missing: outside form routing,Missing: outside form routing,Missing: outside form routing,No
506,854710054,834b34be-7163-4911-971d-0353afe45a82,Bachelors 3rd year,,1,vbyDnUDjDtHU4iAauqfqE5,0,0,0,0,5,Biratnagar Mahanagar palika,No,No,No,No,No,No,0,0,Answered,Missing: outside form routing,Answered,Answered,Missing: outside form routing,Missing: outside form routing,Answered,Answered,Missing: outside form routing,Answered,Answered,Answered,Missing: outside form routing,Missing: outside form routing,Missing: outside form routing,Missing: outside form routing,Answered,Answered,Missing: outside form routing,Missing: outside form routing,No
507,854710088,7410bfab-69c3-46b3-9929-e1c71985f7c5,Bachelors 3rd year,,1,vbyDnUDjDtHU4iAauqfqE5,0,0,0,0,5,Biratnagar Mahanagar palika,No,No,No,No,No,No,0,0,Answered,Missing: outside form routing,Answered,Answered,Missing: outside form routing,Missing: outside form routing,Answered,Missing: outside form routing,Missing: outside form routing,Answered,Missing: outside form routing,Missing: outside form routing,Missing: outside form routing,Missing: outside form routing,Missing: outside form routing,Missing: outside form routing,Missing: outside form routing,Missing: outside form routing,Missing: outside form routing,Missing: outside form routing,No
508,854710170,91b93ee1-78ee-4a3b-8f55-812e4fa26910,Masters 1st year,1,1,vbyDnUDjDtHU4iAauqfqE5,0,0,0,0,5,Biratnagar Mahanagar palika,No,No,No,No,No,No,0,0,Answered,Missing: outside form routing,Answered,Answered,Answered,Answered,Answered,Answered,Missing: outside form routing,Answered,Answered,Missing: outside form routing,Missing: outside form routing,Answered,Missing: outside form routing,Missing: outside form routing,Answered,Missing: outside form routing,Missing: outside form routing,Missing: outside form routing,No
509,854710188,b8566d8f-e0eb-46c9-8a58-a1070589b9d6,Bachelors 5th year,,1,vbyDnUDjDtHU4iAauqfqE5,0,0,0,0,5,Biratnagar Mahanagar palika,No,No,No,No,No,No,0,0,Answered,Missing: outside form routing,Answered,Answered,Missing: outside form routing,Missing: outside form routing,Answered,Answered,Answered,Missing: outside form routing,Answered,Answered,Missing: outside form routing,Missing: outside form routing,Missing: outside form routing,Missing: outside form routing,Answered,Answered,Missing: outside form routing,Missing: outside form routing,No
510,854710229,ad6ce025-ea07-43a9-8554-b33fb34234d1,Bachelors 4th year,,1,vbyDnUDjDtHU4iAauqfqE5,0,0,0,0,5,Biratnagar Mahanagar palika,No,No,No,No,No,No,0,0,Answered,Missing: outside form routing,Answered,Answered,Missing: outside form routing,Missing: outside form routing,Answered,Answered,Missing: outside form routing,Answered,Answered,Missing: outside form routing,Missing: outside form routing,Answered,Answered,Missing: outside form routing,Answered,Missing: outside form routing,Missing: outside form routing,Missing: outside form routing,No
511,854732049,c1ed030e-1269-4177-a81b-0d99cdfb6186,Masters 2nd year,,,vbyDnUDjDtHU4iAauqfqE5,0,0,0,1,,Kathmandu Mahanagar,No,No,No,No,No,Yes,0,0,Answered,Missing: outside form routing,Answered,Answered,Answered,Missing: outside form routing,Missing: outside form routing,Missing: outside form routing,Missing: outside form routing,Answered,Answered,Missing: outside form routing,Missing: outside form routing,Answered,Missing: outside form routing,Missing: outside form routing,Answered,Missing: outside form routing,Missing: outside form routing,Missing: outside form routing,Yes
512,854732066,daa2d490-881c-4c14-94bb-d5a22e9639f6,Bachelors 2nd year,,1,vbyDnUDjDtHU4iAauqfqE5,0,0,0,0,3,Kathmandu Mahangar,No,No,No,No,No,No,0,0,Answered,Missing: outside form routing,Answered,Answered,Missing: outside form routing,Missing: outside form routing,Answered,Missing: outside form routing,Missing: outside form routing,Missing: outside form routing,Answered,Answered,Missing: outside form routing,Missing: outside form routing,Missing: outside form routing,Missing: outside form routing,Answered,Answered,Missing: outside form routing,Missing: outside form routing,No
513,854732082,82ded8e1-58a0-4ac3-b292-b784f78693bf,Bachelors 2nd year,,1,vbyDnUDjDtHU4iAauqfqE5,0,0,0,1,,Kathmandu Mahangar,No,No,No,No,No,No,0,0,Answered,Missing: outside form routing,Answered,Answered,Missing: outside form routing,Missing: outside form routing,Answered,Missing: outside form routing,Answered,Missing: outside form routing,Answered,Answered,Missing: outside form routing,Missing: outside form routing,Missing: outside form routing,Missing: outside form routing,Answered,Answered,Missing: outside form routing,Missing: outside form routing,No
514,854732096,b266db0f-726f-48df-a0ec-e0de03349412,Bachelors 3rd year,,41,vbyDnUDjDtHU4iAauqfqE5,0,0,0,1,,Tokh,No,No,No,No,No,No,0,0,Answered,Missing: outside form routing,Answered,Answered,Missing: outside form routing,Missing: outside form routing,Answered,Missing: outside form routing,Answered,Missing: outside form routing,Answered,Answered,Missing: outside form routing,Missing: outside form routing,Missing: outside form routing,Missing: outside form routing,Answered,Answered,Missing: outside form routing,Missing: outside form routing,No
515,854732118,870e83ae-50af-4e7f-820c-18acc756b9ef,Bachelors 2nd year,,1,vbyDnUDjDtHU4iAauqfqE5,0,0,0,1,,tokha,No,No,No,No,No,No,0,0,Answered,Missing: outside form routing,Answered,Answered,Missing: outside form routing,Missing: outside form routing,Answered,Missing: outside form routing,Missing: outside form routing,Missing: outside form routing,Answered,Missing: outside form routing,Missing: outside form routing,Answered,Missing: outside form routing,Missing: outside form routing,Answered,Missing: outside form routing,Missing: outside form routing,Missing: outside form routing,No
516,854732137,b1f2b890-a931-4d7f-b088-3f51c2c7326d,Bachelors 3rd year,,1,vbyDnUDjDtHU4iAauqfqE5,0,0,0,0,4,Kathmandu Mahanagar,No,No,No,No,No,No,0,0,Answered,Missing: outside form routing,Answered,Answered,Missing: outside form routing,Missing: outside form routing,Answered,Missing: outside form routing,Missing: outside form routing,Answered,Answered,Missing: outside form routing,Missing: outside form routing,Answered,Answered,Missing: outside form routing,Answered,Answered,Missing: outside form routing,Missing: outside form routing,No
517,854732150,449477aa-ed50-4226-a072-9c4ae3ec4694,Bachelors 4th year,,1,vbyDnUDjDtHU4iAauqfqE5,0,0,0,0,3,Kathmandu,No,No,No,No,No,No,0,0,Answered,Missing: outside form routing,Answered,Answered,Missing: outside form routing,Missing: outside form routing,Answered,Answered,Answered,Missing: outside form routing,Answered,Missing: outside form routing,Missing: outside form routing,Answered,Missing: outside form routing,Missing: outside form routing,Answered,Missing: outside form routing,Missing: outside form routing,Missing: outside form routing,No
518,854732163,da088027-5c94-43b5-b988-9a5aff424c9e,Bachelors 3rd year,,1,vbyDnUDjDtHU4iAauqfqE5,0,0,0,1,,Kathmandu Mahanagar,No,No,No,No,No,No,0,0,Answered,Missing: outside form routing,Answered,Answered,Missing: outside form routing,Missing: outside form routing,Answered,Missing: outside form routing,Answered,Missing: outside form routing,Answered,Answered,Missing: outside form routing,Missing: outside form routing,Missing: outside form routing,Missing: outside form routing,Answered,Answered,Missing: outside form routing,Answered,No
519,854732183,0b8ce21c-395a-441d-a2f9-f516ed8ca3e2,Bachelors 2nd year,,1,vbyDnUDjDtHU4iAauqfqE5,0,0,0,1,,Kathmandu Mahanagar,No,No,No,No,No,No,0,0,Answered,Missing: outside form routing,Answered,Answered,Missing: outside form routing,Missing: outside form routing,Answered,Answered,Missing: outside form routing,Missing: outside form routing,Answered,Answered,Missing: outside form routing,Missing: outside form routing,Missing: outside form routing,Missing: outside form routing,Answered,Answered,Missing: outside form routing,Missing: outside form routing,No
520,854732199,801456ac-ba4c-4ec2-a938-0e63ddcfd6b4,Bachelors 1st year,,1,vbyDnUDjDtHU4iAauqfqE5,0,0,0,1,,Kathmandu Mahanagar,No,No,No,No,No,No,0,0,Answered,Missing: outside form routing,Answered,Answered,Missing: outside form routing,Missing: outside form routing,Answered,Answered,Answered,Missing: outside form routing,Missing: outside form routing,Missing: outside form routing,Missing: outside form routing,Missing: outside form routing,Missing: outside form routing,Missing: outside form routing,Missing: outside form routing,Missing: outside form routing,Missing: outside form routing,Missing: outside form routing,No
521,854733947,9e497572-c3cf-44fb-af63-c25f4e0c0335,Bachelors 2nd year,,1,vbyDnUDjDtHU4iAauqfqE5,0,0,0,1,,Tokha,No,No,No,No,No,No,0,0,Answered,Missing: outside form routing,Answered,Answered,Missing: outside form routing,Missing: outside form routing,Answered,Answered,Answered,Missing: outside form routing,Answered,Answered,Missing: outside form routing,Missing: outside form routing,Missing: outside form routing,Missing: outside form routing,Answered,Answered,Missing: outside form routing,Missing: outside form routing,No
522,854733957,2727cdaa-6b99-493b-871b-0df0bf7af0ec,Bachelors 1st year,,3,vbyDnUDjDtHU4iAauqfqE5,0,0,0,1,,Tokha,No,No,No,No,No,No,0,0,Answered,Missing: outside form routing,Answered,Answered,Missing: outside form routing,Missing: outside form routing,Answered,Missing: outside form routing,Missing: outside form routing,Missing: outside form routing,Missing: outside form routing,Missing: outside form routing,Missing: outside form routing,Missing: outside form routing,Missing: outside form routing,Missing: outside form routing,Missing: outside form routing,Missing: outside form routing,Missing: outside form routing,Missing: outside form routing,No
523,854733970,6893e088-1e36-40cd-a729-fec0bfee0b79,Bachelors 4th year,,3,vbyDnUDjDtHU4iAauqfqE5,0,0,0,0,3,Kathmandu Mahanagar,No,No,No,No,No,No,0,0,Answered,Missing: outside form routing,Answered,Answered,Missing: outside form routing,Missing: outside form routing,Answered,Missing: outside form routing,Answered,Missing: outside form routing,Answered,Missing: outside form routing,Missing: outside form routing,Answered,Missing: outside form routing,Missing: outside form routing,Answered,Missing: outside form routing,Missing: outside form routing,Missing: outside form routing,No
524,854733998,c3090a79-281d-4e54-b444-5eba4d94e2bd,Bachelors 1st year,,1,vbyDnUDjDtHU4iAauqfqE5,0,0,0,0,3,Kathmandu  Mahanagar,No,No,No,No,No,No,0,0,Answered,Missing: outside form routing,Answered,Answered,Missing: outside form routing,Missing: outside form routing,Answered,Missing: outside form routing,Answered,Missing: outside form routing,Missing: outside form routing,Missing: outside form routing,Missing: outside form routing,Missing: outside form routing,Missing: outside form routing,Missing: outside form routing,Missing: outside form routing,Missing: outside form routing,Missing: outside form routing,Answered,No
525,854734011,d306cf50-6fae-4344-94e4-090b567b6b0c,Bachelors 2nd year,,1,vbyDnUDjDtHU4iAauqfqE5,0,0,0,1,,Kathmandu Mahangar,No,No,No,No,No,No,0,0,Answered,Missing: outside form routing,Answered,Answered,Missing: outside form routing,Missing: outside form routing,Answered,Missing: outside form routing,Answered,Missing: outside form routing,Missing: outside form routing,Missing: outside form routing,Missing: outside form routing,Missing: outside form routing,Missing: outside form routing,Missing: outside form routing,Missing: outside form routing,Missing: outside form routing,Missing: outside form routing,Answered,No
526,854734036,c4eb1d3a-3869-49eb-ad3b-50953a6d145d,Masters 1st year,2,1,vbyDnUDjDtHU4iAauqfqE5,0,0,0,1,,Kathmandu Mahanagar,No,No,No,No,No,No,0,0,Answered,Missing: outside form routing,Answered,Answered,Answered,Answered,Answered,Missing: outside form routing,Missing: outside form routing,Answered,Answered,Missing: outside form routing,Missing: outside form routing,Answered,Missing: outside form routing,Missing: outside form routing,Answered,Missing: outside form routing,Missing: outside form routing,Missing: outside form routing,No
527,855498374,9225bb48-990f-4cd2-b437-74012451245b,Bachelors 1st year,,1,vbyDnUDjDtHU4iAauqfqE5,0,0,0,0,01,Dhangadi,No,No,No,No,No,No,0,0,Answered,Missing: outside form routing,Answered,Answered,Missing: outside form routing,Missing: outside form routing,Answered,Missing: outside form routing,Answered,Missing: outside form routing,Missing: outside form routing,Missing: outside form routing,Missing: outside form routing,Missing: outside form routing,Missing: outside form routing,Missing: outside form routing,Missing: outside form routing,Missing: outside form routing,Missing: outside form routing,Missing: outside form routing,No
528,855498389,ae3567c0-70dd-4451-b2bf-f9dbfe80138f,Bachelors 2nd year,,prefer_not_to_say,vbyDnUDjDtHU4iAauqfqE5,0,0,0,0,01,Dhangadi,No,No,No,No,No,No,0,0,Answered,Missing: outside form routing,Answered,Answered,Missing: outside form routing,Missing: outside form routing,Answered,Missing: outside form routing,Missing: outside form routing,Answered,Missing: outside form routing,Missing: outside form routing,Missing: outside form routing,Missing: outside form routing,Missing: outside form routing,Missing: outside form routing,Missing: outside form routing,Missing: outside form routing,Missing: outside form routing,Missing: outside form routing,No
529,855498416,a90e53ba-fab4-40bd-b6b8-4bfae33aa1b1,Bachelors 2nd year,,1,vbyDnUDjDtHU4iAauqfqE5,0,0,0,0,01,Dhangadi,No,No,No,No,No,No,0,0,Answered,Missing: outside form routing,Answered,Answered,Missing: outside form routing,Missing: outside form routing,Answered,Missing: outside form routing,Missing: outside form routing,Missing: outside form routing,Missing: outside form routing,Missing: outside form routing,Missing: outside form routing,Missing: outside form routing,Missing: outside form routing,Missing: outside form routing,Missing: outside form routing,Missing: outside form routing,Missing: outside form routing,Missing: outside form routing,No
530,855498434,f19c445a-e470-4a32-862a-6be73f26b035,Bachelors 2nd year,,1,vbyDnUDjDtHU4iAauqfqE5,0,0,0,0,01,Dhangadi,No,No,No,No,No,No,0,0,Answered,Missing: outside form routing,Answered,Answered,Missing: outside form routing,Missing: outside form routing,Answered,Missing: outside form routing,Missing: outside form routing,Answered,Missing: outside form routing,Missing: outside form routing,Missing: outside form routing,Missing: outside form routing,Missing: outside form routing,Missing: outside form routing,Missing: outside form routing,Missing: outside form routing,Missing: outside form routing,Missing: outside form routing,No
531,855498449,22257254-8eda-4a91-b68d-9cae816270bd,Bachelors 2nd year,,1,vbyDnUDjDtHU4iAauqfqE5,0,0,0,0,01,Dhangadi,No,No,No,No,No,No,0,0,Answered,Missing: outside form routing,Answered,Answered,Missing: outside form routing,Missing: outside form routing,Answered,Missing: outside form routing,Missing: outside form routing,Answered,Missing: outside form routing,Missing: outside form routing,Missing: outside form routing,Missing: outside form routing,Missing: outside form routing,Missing: outside form routing,Missing: outside form routing,Missing: outside form routing,Missing: outside form routing,Missing: outside form routing,No
532,855498474,d920e329-cf60-46f7-8546-14367b75adee,Bachelors 1st year,,1,vbyDnUDjDtHU4iAauqfqE5,0,0,0,0,01,Dhangadi,No,No,No,No,No,No,0,0,Answered,Missing: outside form routing,Answered,Answered,Missing: outside form routing,Missing: outside form routing,Answered,Answered,Missing: outside form routing,Missing: outside form routing,Missing: outside form routing,Missing: outside form routing,Missing: outside form routing,Missing: outside form routing,Missing: outside form routing,Missing: outside form routing,Missing: outside form routing,Missing: outside form routing,Missing: outside form routing,Missing: outside form routing,No
533,855498487,6698fc20-6b45-477b-98b0-3c3a758e9f25,Bachelors 1st year,,3,vbyDnUDjDtHU4iAauqfqE5,0,0,0,0,01,Dhangadi,No,No,No,No,No,No,0,0,Answered,Missing: outside form routing,Answered,Answered,Missing: outside form routing,Missing: outside form routing,Answered,Missing: outside form routing,Answered,Missing: outside form routing,Missing: outside form routing,Missing: outside form routing,Missing: outside form routing,Missing: outside form routing,Missing: outside form routing,Missing: outside form routing,Missing: outside form routing,Missing: outside form routing,Missing: outside form routing,Missing: outside form routing,No
534,855498783,0b9cb072-5831-45b3-bbfd-2f788a656d39,Bachelors 1st year,,1,vbyDnUDjDtHU4iAauqfqE5,0,0,0,0,1,Dhangadi,No,No,No,No,No,No,0,0,Answered,Missing: outside form routing,Answered,Answered,Missing: outside form routing,Missing: outside form routing,Answered,Missing: outside form routing,Missing: outside form routing,Answered,Missing: outside form routing,Missing: outside form routing,Missing: outside form routing,Missing: outside form routing,Missing: outside form routing,Missing: outside form routing,Missing: outside form routing,Missing: outside form routing,Missing: outside form routing,Missing: outside form routing,No
535,855498796,88317c09-ed97-4b23-97e3-755ade95fea6,Bachelors 2nd year,,1,vbyDnUDjDtHU4iAauqfqE5,0,0,0,1,1,Dhangadi,No,No,No,No,No,No,0,0,Answered,Missing: outside form routing,Answered,Missing: expected by form routing,Missing: outside form routing,Missing: outside form routing,Answered,Missing: outside form routing,Missing: outside form routing,Answered,Missing: outside form routing,Missing: outside form routing,Missing: outside form routing,Missing: outside form routing,Missing: outside form routing,Missing: outside form routing,Missing: outside form routing,Missing: outside form routing,Missing: outside form routing,Answered,No
536,855498807,3e52e0f5-d7ee-45d4-a0ee-4fee88b15bb3,Bachelors 1st year,,1,vbyDnUDjDtHU4iAauqfqE5,0,0,0,0,1,Dhangadi,No,No,No,No,No,No,0,0,Answered,Missing: outside form routing,Answered,Answered,Missing: outside form routing,Missing: outside form routing,Answered,Missing: outside form routing,Missing: outside form routing,Answered,Missing: outside form routing,Missing: outside form routing,Missing: outside form routing,Missing: outside form routing,Missing: outside form routing,Missing: outside form routing,Missing: outside form routing,Missing: outside form routing,Missing: outside form routing,Missing: outside form routing,No
537,855498815,bf155e47-73de-4e07-9cba-73402ca5fa8d,Bachelors 2nd year,,1,vbyDnUDjDtHU4iAauqfqE5,0,0,0,0,1,Dhangadi,No,No,No,No,No,No,0,0,Answered,Missing: outside form routing,Answered,Answered,Missing: outside form routing,Missing: outside form routing,Answered,Missing: outside form routing,Missing: outside form routing,Answered,Missing: outside form routing,Missing: outside form routing,Missing: outside form routing,Missing: outside form routing,Missing: outside form routing,Missing: outside form routing,Missing: outside form routing,Missing: outside form routing,Missing: outside form routing,Missing: outside form routing,No
538,855498827,f113b933-fa49-4124-97b6-3887412d845f,Bachelors 2nd year,,1,vbyDnUDjDtHU4iAauqfqE5,0,0,0,0,1,Dhangadi,No,No,No,No,No,No,0,0,Answered,Missing: outside form routing,Answered,Answered,Missing: outside form routing,Missing: outside form routing,Answered,Missing: outside form routing,Missing: outside form routing,Answered,Missing: outside form routing,Missing: outside form routing,Missing: outside form routing,Missing: outside form routing,Missing: outside form routing,Missing: outside form routing,Missing: outside form routing,Missing: outside form routing,Missing: outside form routing,Missing: outside form routing,No
539,855498838,e1f4c685-defb-4ed3-8fa6-38063976ea23,Bachelors 1st year,,1,vbyDnUDjDtHU4iAauqfqE5,0,0,0,0,1,Dhangadi,No,No,No,No,No,No,0,0,Answered,Missing: outside form routing,Answered,Answered,Missing: outside form routing,Missing: outside form routing,Answered,Missing: outside form routing,Missing: outside form routing,Answered,Missing: outside form routing,Missing: outside form routing,Missing: outside form routing,Missing: outside form routing,Missing: outside form routing,Missing: outside form routing,Missing: outside form routing,Missing: outside form routing,Missing: outside form routing,Missing: outside form routing,No
540,855498850,76f1f31c-0784-4878-abbb-5a3d0845513f,Bachelors 2nd year,,1,vbyDnUDjDtHU4iAauqfqE5,0,0,0,0,1,Dhangadi,No,No,No,No,No,No,0,0,Answered,Missing: outside form routing,Answered,Answered,Missing: outside form routing,Missing: outside form routing,Answered,Missing: outside form routing,Missing: outside form routing,Answered,Answered,Answered,Missing: outside form routing,Missing: outside form routing,Missing: outside form routing,Missing: outside form routing,Answered,Answered,Missing: outside form routing,Missing: outside form routing,No
541,855559831,22e36c69-21b8-48c6-b155-b275cefe689b,Bachelors 3rd year,,1,vbyDnUDjDtHU4iAauqfqE5,0,0,0,0,5,Butawal up na pa,No,No,No,No,No,No,0,0,Answered,Missing: outside form routing,Answered,Answered,Missing: outside form routing,Missing: outside form routing,Answered,Answered,Missing: outside form routing,Answered,Answered,Answered,Missing: outside form routing,Missing: outside form routing,Missing: outside form routing,Missing: outside form routing,Answered,Answered,Missing: outside form routing,Missing: outside form routing,No
542,855559841,a5de0042-c041-48ef-ae45-c201151c4e2b,Bachelors 3rd year,,1,vbyDnUDjDtHU4iAauqfqE5,0,0,0,0,5,Butawal up na pa,No,No,No,No,No,No,0,0,Answered,Missing: outside form routing,Answered,Answered,Missing: outside form routing,Missing: outside form routing,Answered,Answered,Missing: outside form routing,Answered,Answered,Answered,Missing: outside form routing,Missing: outside form routing,Missing: outside form routing,Missing: outside form routing,Answered,Answered,Missing: outside form routing,Missing: outside form routing,No
543,855559870,aafa3e74-0450-4932-9550-f63488b5f49a,Bachelors 3rd year,,1,vbyDnUDjDtHU4iAauqfqE5,0,0,0,0,5,Butawal up na pa,No,No,No,No,No,No,0,0,Answered,Missing: outside form routing,Answered,Answered,Missing: outside form routing,Missing: outside form routing,Answered,Missing: outside form routing,Missing: outside form routing,Answered,Answered,Missing: outside form routing,Missing: outside form routing,Answered,Missing: outside form routing,Missing: outside form routing,Answered,Missing: outside form routing,Missing: outside form routing,Missing: outside form routing,No
544,855559880,14cf7ad4-0bf8-4070-ade8-f233defea5a3,Bachelors 3rd year,,1,vbyDnUDjDtHU4iAauqfqE5,0,0,0,0,5,Butawal up na pa,No,No,No,No,No,No,0,0,Answered,Missing: outside form routing,Answered,Answered,Missing: outside form routing,Missing: outside form routing,Answered,Missing: outside form routing,Answered,Missing: outside form routing,Answered,Missing: outside form routing,Missing: outside form routing,Answered,Missing: outside form routing,Missing: outside form routing,Answered,Missing: outside form routing,Missing: outside form routing,Missing: outside form routing,No
545,855559903,441706e4-9b18-4cc6-9c41-8739a184d2ec,Bachelors 3rd year,,1,vbyDnUDjDtHU4iAauqfqE5,0,0,0,0,5,Butawal up na pa,No,No,No,No,No,No,0,0,Answered,Missing: outside form routing,Answered,Answered,Missing: outside form routing,Missing: outside form routing,Answered,Missing: outside form routing,Missing: outside form routing,Answered,Missing: outside form routing,Missing: outside form routing,Missing: outside form routing,Missing: outside form routing,Missing: outside form routing,Missing: outside form routing,Missing: outside form routing,Missing: outside form routing,Missing: outside form routing,Missing: outside form routing,No
546,855585893,805fc768-e447-43ad-9e4c-c270e490eff1,Bachelors 3rd year,,1,vbyDnUDjDtHU4iAauqfqE5,0,0,0,0,5,Butwal sub metro politicity,No,No,No,No,No,No,0,0,Answered,Missing: outside form routing,Answered,Answered,Missing: outside form routing,Missing: outside form routing,Answered,Missing: outside form routing,Answered,Missing: outside form routing,Answered,Answered,Missing: outside form routing,Missing: outside form routing,Missing: outside form routing,Missing: outside form routing,Answered,Answered,Missing: outside form routing,Missing: outside form routing,No
547,855585914,1105292c-31a3-480e-b654-b3626fd91796,Bachelors 2nd year,,1,vbyDnUDjDtHU4iAauqfqE5,0,0,0,0,5,Butwal submetro politicity,No,No,No,No,No,No,0,0,Answered,Missing: outside form routing,Answered,Answered,Missing: outside form routing,Missing: outside form routing,Answered,Answered,Missing: outside form routing,Missing: outside form routing,Answered,Missing: outside form routing,Missing: outside form routing,Answered,Missing: outside form routing,Missing: outside form routing,Answered,Missing: outside form routing,Missing: outside form routing,Missing: outside form routing,No
548,855585934,9a1a6988-abea-46b0-bedf-0aaf093b68c1,Bachelors 2nd year,,1,vbyDnUDjDtHU4iAauqfqE5,0,0,0,0,5,Butwal sub metro politicity,No,No,No,No,No,No,0,0,Answered,Missing: outside form routing,Answered,Answered,Missing: outside form routing,Missing: outside form routing,Answered,Missing: outside form routing,Missing: outside form routing,Answered,Answered,Missing: outside form routing,Missing: outside form routing,Answered,Missing: outside form routing,Missing: outside form routing,Answered,Missing: outside form routing,Missing: outside form routing,Missing: outside form routing,No
549,855585953,19ff51e7-cc85-4783-bede-ff3f899bd235,Masters 1st year,2,1,vbyDnUDjDtHU4iAauqfqE5,0,0,0,0,5,Butwal sub metropoliticity,No,No,No,No,No,No,0,0,Answered,Missing: outside form routing,Answered,Answered,Answered,Answered,Answered,Missing: outside form routing,Missing: outside form routing,Answered,Answered,Missing: outside form routing,Missing: outside form routing,Answered,Missing: outside form routing,Missing: outside form routing,Answered,Missing: outside form routing,Missing: outside form routing,Missing: outside form routing,No
550,855585963,81e636ff-3855-408b-96b2-f54cd1f3ff58,Bachelors 4th year,,1,vbyDnUDjDtHU4iAauqfqE5,0,0,0,0,5,Butwal sub metropoliticity,No,No,No,No,No,No,0,0,Answered,Missing: outside form routing,Answered,Answered,Missing: outside form routing,Missing: outside form routing,Answered,Missing: outside form routing,Answered,Missing: outside form routing,Answered,Missing: outside form routing,Missing: outside form routing,Answered,Missing: outside form routing,Missing: outside form routing,Answered,Missing: outside form routing,Missing: outside form routing,Missing: outside form routing,No
551,855593081,241d5eb7-e857-4b8e-bcad-c5a92d166188,Bachelors 2nd year,,1,vbyDnUDjDtHU4iAauqfqE5,0,0,0,0,8,Janakpurdham sub metropolitan,No,No,No,No,No,No,0,0,Answered,Missing: outside form routing,Answered,Answered,Missing: outside form routing,Missing: outside form routing,Answered,Missing: outside form routing,Missing: outside form routing,Answered,Missing: outside form routing,Missing: outside form routing,Missing: outside form routing,Missing: outside form routing,Missing: outside form routing,Missing: outside form routing,Missing: outside form routing,Missing: outside form routing,Missing: outside form routing,Missing: outside form routing,No
552,855593091,4e9f06cc-9f1f-434f-9dc9-d0bc2a8c37d6,Bachelors 2nd year,,1,vbyDnUDjDtHU4iAauqfqE5,0,0,0,0,8,Janakpurdham sub metropolitan,No,No,No,No,No,No,0,0,Answered,Missing: outside form routing,Answered,Answered,Missing: outside form routing,Missing: outside form routing,Answered,Missing: outside form routing,Missing: outside form routing,Answered,Missing: outside form routing,Missing: outside form routing,Missing: outside form routing,Missing: outside form routing,Missing: outside form routing,Missing: outside form routing,Missing: outside form routing,Missing: outside form routing,Missing: outside form routing,Missing: outside form routing,No
553,855593157,c8badd0c-4592-4d6b-9a6f-d21db9d1e3eb,Bachelors 2nd year,,1,vbyDnUDjDtHU4iAauqfqE5,0,0,0,0,8,Janakpurdham sub metropolitan,No,No,No,No,No,No,0,0,Answered,Missing: outside form routing,Answered,Answered,Missing: outside form routing,Missing: outside form routing,Answered,Missing: outside form routing,Missing: outside form routing,Missing: outside form routing,Answered,Answered,Missing: outside form routing,Missing: outside form routing,Missing: outside form routing,Missing: outside form routing,Answered,Answered,Missing: outside form routing,Missing: outside form routing,No
554,855593182,4a869abe-4828-4a4a-8312-fc0ff962f4eb,Bachelors 2nd year,,1,vbyDnUDjDtHU4iAauqfqE5,0,0,0,0,8,Janakpurdham sub metropolitan,No,No,No,No,No,No,0,0,Answered,Missing: outside form routing,Answered,Answered,Missing: outside form routing,Missing: outside form routing,Answered,Missing: outside form routing,Missing: outside form routing,Answered,Missing: outside form routing,Missing: outside form routing,Missing: outside form routing,Missing: outside form routing,Missing: outside form routing,Missing: outside form routing,Missing: outside form routing,Missing: outside form routing,Missing: outside form routing,Missing: outside form routing,No
555,855593201,72e24ee4-f2e4-4ba1-9884-bd6eeaee3d71,Bachelors 4th year,,1,vbyDnUDjDtHU4iAauqfqE5,0,0,0,0,8,Janakpurdham sub metropolitan,No,No,No,No,No,No,0,0,Answered,Missing: outside form routing,Answered,Answered,Missing: outside form routing,Missing: outside form routing,Answered,Answered,Missing: outside form routing,Missing: outside form routing,Answered,Answered,Missing: outside form routing,Missing: outside form routing,Missing: outside form routing,Missing: outside form routing,Answered,Answered,Missing: outside form routing,Missing: outside form routing,No
556,855618050,f715a5f3-8040-4203-b537-83342aacb5ba,Bachelors 5th year,,1,vbyDnUDjDtHU4iAauqfqE5,0,0,0,0,5,Biratnagar,No,No,No,No,No,No,0,0,Answered,Missing: outside form routing,Answered,Answered,Missing: outside form routing,Missing: outside form routing,Answered,Answered,Missing: outside form routing,Answered,Answered,Missing: outside form routing,Missing: outside form routing,Answered,Missing: outside form routing,Missing: outside form routing,Answered,Missing: outside form routing,Missing: outside form routing,Missing: outside form routing,No
557,855618067,b0f7213c-589f-483f-85bc-bb7e0a3e0709,Masters 1st year,1,1,vbyDnUDjDtHU4iAauqfqE5,0,0,0,0,5,Biratnagar,No,No,No,No,No,No,0,0,Answered,Missing: outside form routing,Answered,Answered,Answered,Answered,Answered,Missing: outside form routing,Missing: outside form routing,Answered,Answered,Missing: outside form routing,Missing: outside form routing,Answered,Missing: outside form routing,Missing: outside form routing,Answered,Answered,Answered,Missing: outside form routing,No
558,855618077,17ea967a-4087-4c1a-ac0f-9800bf067ae0,Masters 1st year,1,1,vbyDnUDjDtHU4iAauqfqE5,0,0,0,0,5,Biratnagar mahanagar palika,No,No,No,No,No,No,0,0,Answered,Missing: outside form routing,Answered,Answered,Answered,Answered,Answered,Answered,Missing: outside form routing,Missing: outside form routing,Answered,Missing: outside form routing,Missing: outside form routing,Answered,Missing: outside form routing,Missing: outside form routing,Answered,Missing: outside form routing,Missing: outside form routing,Missing: outside form routing,No
559,855618093,31806f75-db58-4ad4-a7c1-b7a34def2f60,Bachelors 5th year,,1,vbyDnUDjDtHU4iAauqfqE5,0,0,0,0,5,Biratnagar,No,No,No,No,No,No,0,0,Answered,Missing: outside form routing,Answered,Answered,Missing: outside form routing,Missing: outside form routing,Answered,Missing: outside form routing,Answered,Missing: outside form routing,Answered,Missing: outside form routing,Missing: outside form routing,Answered,Missing: outside form routing,Missing: outside form routing,Answered,Missing: outside form routing,Missing: outside form routing,Missing: outside form routing,No
560,855618118,37b24e33-4770-443c-98be-172b9d4bd1c8,Bachelors 4th year,,1,vbyDnUDjDtHU4iAauqfqE5,0,0,0,0,5,Biratnagar,No,No,No,No,No,No,0,0,Answered,Missing: outside form routing,Answered,Answered,Missing: outside form routing,Missing: outside form routing,Answered,Answered,Missing: outside form routing,Missing: outside form routing,Answered,Missing: outside form routing,Missing: outside form routing,Answered,Missing: outside form routing,Missing: outside form routing,Answered,Missing: outside form routing,Missing: outside form routing,Missing: outside form routing,No
561,855640840,35299e0b-f9ac-4b2a-8261-087f77d47c57,Bachelors 2nd year,,1,vbyDnUDjDtHU4iAauqfqE5,0,0,0,0,11,Butwal sub metropolitan city ,No,No,No,No,No,No,0,0,Answered,Missing: outside form routing,Answered,Answered,Missing: outside form routing,Missing: outside form routing,Answered,Answered,Answered,Missing: outside form routing,Missing: outside form routing,Missing: outside form routing,Missing: outside form routing,Missing: outside form routing,Missing: outside form routing,Missing: outside form routing,Missing: outside form routing,Missing: outside form routing,Missing: outside form routing,Missing: outside form routing,No
562,855640855,241bc6fc-d750-4c3a-af4f-11d1a47280be,Bachelors 1st year,,1,vbyDnUDjDtHU4iAauqfqE5,0,0,0,3,,,No,No,No,No,No,No,0,0,Answered,Missing: outside form routing,Answered,Answered,Missing: outside form routing,Missing: outside form routing,Answered,Answered,Missing: outside form routing,Answered,Missing: outside form routing,Missing: outside form routing,Missing: outside form routing,Missing: outside form routing,Missing: outside form routing,Missing: outside form routing,Missing: outside form routing,Missing: outside form routing,Missing: outside form routing,Missing: outside form routing,No
563,855640860,6375ecf1-26e6-48d7-9aeb-49205b754658,Masters 2nd year,,1,vbyDnUDjDtHU4iAauqfqE5,0,0,0,1,11,Butwal sub metropolitan city ,No,No,No,No,No,Yes,0,0,Answered,Missing: outside form routing,Answered,Answered,Answered,Missing: outside form routing,Answered,Answered,Answered,Missing: outside form routing,Answered,Missing: outside form routing,Missing: outside form routing,Answered,Missing: outside form routing,Missing: outside form routing,Answered,Missing: outside form routing,Missing: outside form routing,Missing: outside form routing,Yes
564,855640881,b8a7b783-4954-4926-a491-4b7d1d2a9c2f,Bachelors 4th year,,41,vbyDnUDjDtHU4iAauqfqE5,0,0,0,0,11,Butwal sub metropolitan city ,No,No,No,No,No,No,0,0,Answered,Missing: outside form routing,Answered,Answered,Missing: outside form routing,Missing: outside form routing,Answered,Answered,Answered,Missing: outside form routing,Answered,Missing: outside form routing,Missing: outside form routing,Answered,Missing: outside form routing,Missing: outside form routing,Answered,Missing: outside form routing,Missing: outside form routing,Missing: outside form routing,No
565,855641459,719860b8-b4dc-45a2-b45c-80295f9c83a0,Bachelors 1st year,,1,vbyDnUDjDtHU4iAauqfqE5,0,0,0,0,11,Butwal sub metropolitan city,No,No,No,No,No,No,0,0,Answered,Missing: outside form routing,Answered,Answered,Missing: outside form routing,Missing: outside form routing,Answered,Answered,Missing: outside form routing,Answered,Missing: outside form routing,Missing: outside form routing,Missing: outside form routing,Missing: outside form routing,Missing: outside form routing,Missing: outside form routing,Missing: outside form routing,Missing: outside form routing,Missing: outside form routing,Missing: outside form routing,No
566,855641534,74339648-bc4f-40e6-94f9-026cfbee84fd,Bachelors 2nd year,,1,vbyDnUDjDtHU4iAauqfqE5,0,0,0,0,11,Tokha,No,No,No,No,No,No,0,0,Answered,Missing: outside form routing,Answered,Answered,Missing: outside form routing,Missing: outside form routing,Answered,Answered,Missing: outside form routing,Missing: outside form routing,Answered,Answered,Missing: outside form routing,Missing: outside form routing,Missing: outside form routing,Missing: outside form routing,Answered,Answered,Missing: outside form routing,Missing: outside form routing,No
567,855641549,48c65aa4-962c-4a3e-84fc-294da28a457c,Bachelors 4th year,,1,vbyDnUDjDtHU4iAauqfqE5,0,0,0,0,11,Tokha,No,No,No,No,No,No,0,0,Answered,Missing: outside form routing,Answered,Answered,Missing: outside form routing,Missing: outside form routing,Answered,Missing: outside form routing,Missing: outside form routing,Answered,Answered,Missing: outside form routing,Missing: outside form routing,Answered,Missing: outside form routing,Missing: outside form routing,Answered,Missing: outside form routing,Missing: outside form routing,Missing: outside form routing,No
568,855650570,142e6917-c99a-4704-a426-da5d6d85950d,Bachelors 1st year,,1,vbyDnUDjDtHU4iAauqfqE5,0,0,0,0,8,Janakpurdham,No,No,No,No,No,No,0,0,Answered,Missing: outside form routing,Answered,Answered,Missing: outside form routing,Missing: outside form routing,Answered,Missing: outside form routing,Missing: outside form routing,Answered,Missing: outside form routing,Missing: outside form routing,Missing: outside form routing,Missing: outside form routing,Missing: outside form routing,Missing: outside form routing,Missing: outside form routing,Missing: outside form routing,Missing: outside form routing,Missing: outside form routing,No
569,855650591,5c96ada4-f042-44c9-af22-3da917b424dd,Bachelors 1st year,,1,vbyDnUDjDtHU4iAauqfqE5,0,0,0,0,8,Janakpurdham,No,No,No,No,No,No,0,0,Answered,Missing: outside form routing,Answered,Answered,Missing: outside form routing,Missing: outside form routing,Answered,Answered,Answered,Missing: outside form routing,Answered,Missing: outside form routing,Missing: outside form routing,Answered,Missing: outside form routing,Missing: outside form routing,Answered,Missing: outside form routing,Missing: outside form routing,Missing: outside form routing,No
570,855650617,6d408c84-fc78-43ee-9745-c926bd1bd86b,Bachelors 1st year,,1,vbyDnUDjDtHU4iAauqfqE5,0,0,0,0,8,Janakpurdham ,No,No,No,No,No,No,0,0,Answered,Missing: outside form routing,Answered,Answered,Missing: outside form routing,Missing: outside form routing,Answered,Missing: outside form routing,Missing: outside form routing,Answered,Missing: outside form routing,Missing: outside form routing,Missing: outside form routing,Missing: outside form routing,Missing: outside form routing,Missing: outside form routing,Missing: outside form routing,Missing: outside form routing,Missing: outside form routing,Missing: outside form routing,No
571,855650646,ec1386ff-07e0-4692-a444-f466b96a7ee5,Bachelors 1st year,,1,vbyDnUDjDtHU4iAauqfqE5,0,0,0,0,8,Janakpurdham ,No,No,No,No,No,No,0,0,Answered,Missing: outside form routing,Answered,Answered,Missing: outside form routing,Missing: outside form routing,Answered,Missing: outside form routing,Missing: outside form routing,Answered,Missing: outside form routing,Missing: outside form routing,Missing: outside form routing,Missing: outside form routing,Missing: outside form routing,Missing: outside form routing,Missing: outside form routing,Missing: outside form routing,Missing: outside form routing,Missing: outside form routing,No
572,855650660,1085daf0-d545-43d8-a279-60157f344db9,Bachelors 1st year,,1,vbyDnUDjDtHU4iAauqfqE5,0,0,0,0,8,Janakpurdham ,No,No,No,No,No,No,0,0,Answered,Missing: outside form routing,Answered,Answered,Missing: outside form routing,Missing: outside form routing,Answered,Answered,Missing: outside form routing,Answered,Answered,Missing: outside form routing,Missing: outside form routing,Answered,Missing: outside form routing,Missing: outside form routing,Answered,Missing: outside form routing,Missing: outside form routing,Missing: outside form routing,No
573,855729029,caa9aac1-fc74-4ca2-951c-ffe57b06666b,Bachelors 5th year,,1,vbyDnUDjDtHU4iAauqfqE5,0,0,0,0,5,Biratnagar Mahanagar palika,No,No,No,No,No,No,0,0,Answered,Missing: outside form routing,Answered,Answered,Missing: outside form routing,Missing: outside form routing,Answered,Answered,Missing: outside form routing,Answered,Answered,Missing: outside form routing,Missing: outside form routing,Answered,Missing: outside form routing,Missing: outside form routing,Answered,Missing: outside form routing,Missing: outside form routing,Missing: outside form routing,No
574,855729056,6d81cd14-20e0-4a6f-b17d-5471413545d6,Masters 1st year,1,1,vbyDnUDjDtHU4iAauqfqE5,0,0,0,0,5,Biratnagar Mahanagar palika,No,No,No,No,No,No,0,0,Answered,Missing: outside form routing,Answered,Answered,Answered,Answered,Answered,Answered,Missing: outside form routing,Answered,Answered,Missing: outside form routing,Missing: outside form routing,Answered,Missing: outside form routing,Missing: outside form routing,Answered,Missing: outside form routing,Missing: outside form routing,Missing: outside form routing,No
575,855729095,552d7b84-fc05-4dc3-920f-63dfce098bb9,Bachelors 5th year,,1,vbyDnUDjDtHU4iAauqfqE5,0,0,0,0,5,Biratnagar Mahanagar palika,No,No,No,No,No,No,0,0,Answered,Missing: outside form routing,Answered,Answered,Missing: outside form routing,Missing: outside form routing,Answered,Answered,Answered,Missing: outside form routing,Answered,Missing: outside form routing,Missing: outside form routing,Answered,Missing: outside form routing,Missing: outside form routing,Answered,Missing: outside form routing,Missing: outside form routing,Missing: outside form routing,No
576,855729108,b1b59239-80b1-43a4-840c-62828e03adf5,Bachelors 4th year,,1,vbyDnUDjDtHU4iAauqfqE5,0,0,0,0,5,Biratnagar Mahanagar palika,No,No,No,No,No,No,0,0,Answered,Missing: outside form routing,Answered,Answered,Missing: outside form routing,Missing: outside form routing,Answered,Answered,Answered,Missing: outside form routing,Answered,Missing: outside form routing,Missing: outside form routing,Answered,Missing: outside form routing,Missing: outside form routing,Answered,Missing: outside form routing,Missing: outside form routing,Missing: outside form routing,No
577,855729119,164887f7-26d9-4776-956b-8409fa801f86,Bachelors 3rd year,,1,vbyDnUDjDtHU4iAauqfqE5,0,0,0,0,5,Biratnagar Mahanagar palika,No,No,No,No,No,No,0,0,Answered,Missing: outside form routing,Answered,Answered,Missing: outside form routing,Missing: outside form routing,Answered,Answered,Answered,Missing: outside form routing,Missing: outside form routing,Missing: outside form routing,Missing: outside form routing,Missing: outside form routing,Missing: outside form routing,Missing: outside form routing,Missing: outside form routing,Missing: outside form routing,Missing: outside form routing,Missing: outside form routing,No
578,855906906,77975a42-1ac1-466f-94c0-1c6857d19e46,Bachelors 4th year,,5,vbyDnUDjDtHU4iAauqfqE5,0,0,0,1,,tarkeshowar,No,No,No,No,No,No,0,0,Answered,Missing: outside form routing,Answered,Answered,Missing: outside form routing,Missing: outside form routing,Answered,Answered,Answered,Missing: outside form routing,Answered,Answered,Missing: outside form routing,Missing: outside form routing,Missing: outside form routing,Missing: outside form routing,Answered,Answered,Missing: outside form routing,Answered,No
579,855906968,d8617869-16c5-4e6b-8b34-d9cb2785866b,Bachelors 2nd year,,1,vbyDnUDjDtHU4iAauqfqE5,0,0,0,1,,tarkeahowar,No,No,No,No,No,No,0,0,Answered,Missing: outside form routing,Answered,Answered,Missing: outside form routing,Missing: outside form routing,Answered,Answered,Answered,Missing: outside form routing,Missing: outside form routing,Missing: outside form routing,Missing: outside form routing,Missing: outside form routing,Missing: outside form routing,Missing: outside form routing,Missing: outside form routing,Missing: outside form routing,Missing: outside form routing,Answered,No
580,855906977,54fb7b78-f76d-486a-b7c9-6e6bd5cfb939,Bachelors 3rd year,,1,vbyDnUDjDtHU4iAauqfqE5,0,0,0,1,,Tarkeshowar,No,No,No,No,No,No,0,0,Answered,Missing: outside form routing,Answered,Answered,Missing: outside form routing,Missing: outside form routing,Answered,Answered,Answered,Missing: outside form routing,Answered,Answered,Missing: outside form routing,Missing: outside form routing,Missing: outside form routing,Missing: outside form routing,Answered,Answered,Missing: outside form routing,Answered,No
581,855907002,6fce4826-bec8-47c7-b52e-ef5fac86ab71,Masters 2nd year,,1,vbyDnUDjDtHU4iAauqfqE5,0,0,0,0,7,Tarkeshwor,No,No,No,No,No,Yes,0,0,Answered,Missing: outside form routing,Answered,Answered,Answered,Missing: outside form routing,Answered,Missing: outside form routing,Missing: outside form routing,Answered,Answered,Missing: outside form routing,Missing: outside form routing,Answered,Missing: outside form routing,Missing: outside form routing,Answered,Missing: outside form routing,Missing: outside form routing,Missing: outside form routing,Yes
582,855907016,e560d40f-ec12-4e60-baed-d098885e2f64,Bachelors 2nd year,,1,vbyDnUDjDtHU4iAauqfqE5,0,0,0,0,4,Kathmandu Mahanagar,No,No,No,No,No,No,0,0,Answered,Missing: outside form routing,Answered,Answered,Missing: outside form routing,Missing: outside form routing,Answered,Answered,Missing: outside form routing,Missing: outside form routing,Answered,Answered,Missing: outside form routing,Missing: outside form routing,Missing: outside form routing,Missing: outside form routing,Answered,Answered,Missing: outside form routing,Missing: outside form routing,No
583,856559169,9f8c1533-1e9f-4c8a-aa65-a7deec24241f,Bachelors 2nd year,,1,vbyDnUDjDtHU4iAauqfqE5,0,0,0,0,8,Janakpurdham ,No,No,No,No,No,No,0,0,Answered,Missing: outside form routing,Answered,Answered,Missing: outside form routing,Missing: outside form routing,Answered,Answered,Answered,Missing: outside form routing,Answered,Missing: outside form routing,Missing: outside form routing,Answered,Missing: outside form routing,Missing: outside form routing,Answered,Missing: outside form routing,Missing: outside form routing,Missing: outside form routing,No
584,856559200,93f0373d-1bef-4202-80e3-73223a07a9d1,Bachelors 1st year,,1,vbyDnUDjDtHU4iAauqfqE5,0,0,0,0,8,Janakpurdham ,No,No,No,No,No,No,0,0,Answered,Missing: outside form routing,Answered,Answered,Missing: outside form routing,Missing: outside form routing,Answered,Answered,Answered,Missing: outside form routing,Missing: outside form routing,Missing: outside form routing,Missing: outside form routing,Missing: outside form routing,Missing: outside form routing,Missing: outside form routing,Missing: outside form routing,Missing: outside form routing,Missing: outside form routing,Missing: outside form routing,No
585,856559211,b19763ac-aeea-4c91-81a7-11f5722f9ed6,Bachelors 2nd year,,1,vbyDnUDjDtHU4iAauqfqE5,0,0,0,0,8,Janakpurdham ,No,No,No,No,No,No,0,0,Answered,Missing: outside form routing,Answered,Answered,Missing: outside form routing,Missing: outside form routing,Answered,Missing: outside form routing,Missing: outside form routing,Answered,Missing: outside form routing,Missing: outside form routing,Missing: outside form routing,Missing: outside form routing,Missing: outside form routing,Missing: outside form routing,Missing: outside form routing,Missing: outside form routing,Missing: outside form routing,Missing: outside form routing,No
586,856559221,91f1e74a-5e0a-4617-b998-e407490bacd8,Bachelors 1st year,,1,vbyDnUDjDtHU4iAauqfqE5,0,0,0,0,8,Janakpurdham ,No,No,No,No,No,No,0,0,Answered,Missing: outside form routing,Answered,Answered,Missing: outside form routing,Missing: outside form routing,Answered,Missing: outside form routing,Missing: outside form routing,Answered,Missing: outside form routing,Missing: outside form routing,Missing: outside form routing,Missing: outside form routing,Missing: outside form routing,Missing: outside form routing,Missing: outside form routing,Missing: outside form routing,Missing: outside form routing,Missing: outside form routing,No
587,856559236,f31669b7-8cb7-4c62-992d-98f7d4d59c1b,Bachelors 2nd year,,1,vbyDnUDjDtHU4iAauqfqE5,0,0,0,0,8,Janakpurdham ,No,No,No,No,No,No,0,0,Answered,Missing: outside form routing,Answered,Answered,Missing: outside form routing,Missing: outside form routing,Answered,Missing: outside form routing,Answered,Missing: outside form routing,Answered,Missing: outside form routing,Missing: outside form routing,Answered,Missing: outside form routing,Missing: outside form routing,Answered,Missing: outside form routing,Missing: outside form routing,Missing: outside form routing,No
588,856559248,aafeeae8-f340-4a17-94aa-05418779e84c,Bachelors 1st year,,1,vbyDnUDjDtHU4iAauqfqE5,0,0,0,0,8,Janakpurdham ,No,No,No,No,No,No,0,0,Answered,Missing: outside form routing,Answered,Answered,Missing: outside form routing,Missing: outside form routing,Answered,Answered,Answered,Missing: outside form routing,Missing: outside form routing,Missing: outside form routing,Missing: outside form routing,Missing: outside form routing,Missing: outside form routing,Missing: outside form routing,Missing: outside form routing,Missing: outside form routing,Missing: outside form routing,Missing: outside form routing,No
589,856561604,ed752f11-32ac-4318-9abd-a0ec590fbb0c,Bachelors 1st year,,1,vbyDnUDjDtHU4iAauqfqE5,0,0,0,0,8,Janakpurdham sub metropolitan,No,No,No,No,No,No,0,0,Answered,Missing: outside form routing,Answered,Answered,Missing: outside form routing,Missing: outside form routing,Answered,Answered,Answered,Missing: outside form routing,Answered,Answered,Missing: outside form routing,Missing: outside form routing,Missing: outside form routing,Missing: outside form routing,Answered,Answered,Missing: outside form routing,Missing: outside form routing,No
590,856561627,514655c0-52ad-4ec6-a018-a8ec670ef017,Masters 1st year,2,1,vbyDnUDjDtHU4iAauqfqE5,0,0,0,0,05,Dhangadi,No,No,No,No,No,No,0,0,Answered,Missing: outside form routing,Answered,Answered,Answered,Answered,Answered,Missing: outside form routing,Missing: outside form routing,Answered,Answered,Missing: outside form routing,Missing: outside form routing,Answered,Missing: outside form routing,Missing: outside form routing,Answered,Missing: outside form routing,Missing: outside form routing,Missing: outside form routing,No
591,856561636,7174c310-b06a-4fa2-a3a4-95622dfe4499,Masters 1st year,2,1,vbyDnUDjDtHU4iAauqfqE5,0,0,0,0,05,Dhangadi,No,No,No,No,No,No,0,0,Answered,Missing: outside form routing,Answered,Answered,Answered,Answered,Answered,Missing: outside form routing,Missing: outside form routing,Answered,Answered,Missing: outside form routing,Missing: outside form routing,Answered,Missing: outside form routing,Missing: outside form routing,Answered,Missing: outside form routing,Missing: outside form routing,Missing: outside form routing,No
592,856561643,20c46bf6-0707-420d-963e-138c73b43a29,Bachelors 1st year,,1,vbyDnUDjDtHU4iAauqfqE5,0,0,0,0,8,Janakpurdham sub metropolitan,No,No,No,No,No,No,0,0,Answered,Missing: outside form routing,Answered,Answered,Missing: outside form routing,Missing: outside form routing,Answered,Missing: outside form routing,Missing: outside form routing,Answered,Answered,Missing: outside form routing,Missing: outside form routing,Answered,Answered,Missing: outside form routing,Answered,Answered,Missing: outside form routing,Missing: outside form routing,No
593,856561647,71bb4f35-4285-4a7c-a555-fa33338db9f5,Masters 1st year,2,1,vbyDnUDjDtHU4iAauqfqE5,0,0,0,0,05,Dhangadi,No,No,No,No,No,No,0,0,Answered,Missing: outside form routing,Answered,Answered,Answered,Answered,Answered,Missing: outside form routing,Missing: outside form routing,Answered,Answered,Missing: outside form routing,Missing: outside form routing,Answered,Missing: outside form routing,Missing: outside form routing,Answered,Missing: outside form routing,Missing: outside form routing,Missing: outside form routing,No
594,856561653,3cd2e030-996e-4007-84e3-b078e8ddb146,Bachelors 1st year,,1,vbyDnUDjDtHU4iAauqfqE5,0,0,0,0,8,Janakpurdham sub metropolitan,No,No,No,No,No,No,0,0,Answered,Missing: outside form routing,Answered,Answered,Missing: outside form routing,Missing: outside form routing,Answered,Missing: outside form routing,Answered,Missing: outside form routing,Missing: outside form routing,Missing: outside form routing,Missing: outside form routing,Missing: outside form routing,Missing: outside form routing,Missing: outside form routing,Missing: outside form routing,Missing: outside form routing,Missing: outside form routing,Missing: outside form routing,No
595,856561659,5a1d668e-3785-4898-a215-ff2480779b28,Masters 1st year,2,1,vbyDnUDjDtHU4iAauqfqE5,0,0,0,0,05,Dhangadi,No,No,No,No,No,No,0,0,Answered,Missing: outside form routing,Answered,Answered,Answered,Answered,Answered,Answered,Missing: outside form routing,Missing: outside form routing,Answered,Answered,Missing: outside form routing,Missing: outside form routing,Missing: outside form routing,Missing: outside form routing,Answered,Missing: outside form routing,Missing: outside form routing,Missing: outside form routing,No
596,856561660,66bd37f9-787d-492c-b008-dd380b2a599a,Bachelors 1st year,,1,vbyDnUDjDtHU4iAauqfqE5,0,0,0,0,8,Janakpurdham sub metropolitan,No,No,No,No,No,No,0,0,Answered,Missing: outside form routing,Answered,Answered,Missing: outside form routing,Missing: outside form routing,Answered,Missing: outside form routing,Missing: outside form routing,Answered,Missing: outside form routing,Missing: outside form routing,Missing: outside form routing,Missing: outside form routing,Missing: outside form routing,Missing: outside form routing,Missing: outside form routing,Missing: outside form routing,Missing: outside form routing,Missing: outside form routing,No
597,856561671,3f85ac64-e305-48dc-96dd-cee5e2c5d7f1,Bachelors 4th year,,1,vbyDnUDjDtHU4iAauqfqE5,0,0,0,0,05,Dhangadi,No,No,No,No,No,No,0,0,Answered,Missing: outside form routing,Answered,Answered,Missing: outside form routing,Missing: outside form routing,Answered,Missing: outside form routing,Missing: outside form routing,Answered,Answered,Answered,Missing: outside form routing,Missing: outside form routing,Missing: outside form routing,Missing: outside form routing,Answered,Answered,Missing: outside form routing,Missing: outside form routing,No
598,856561687,432f9429-ac85-427b-8f74-0f6f0393a51c,Bachelors 3rd year,,1,vbyDnUDjDtHU4iAauqfqE5,0,0,0,0,05,Dhangadi,No,No,No,No,No,No,0,0,Answered,Missing: outside form routing,Answered,Answered,Missing: outside form routing,Missing: outside form routing,Answered,Missing: outside form routing,Missing: outside form routing,Answered,Answered,Answered,Missing: outside form routing,Missing: outside form routing,Missing: outside form routing,Missing: outside form routing,Answered,Answered,Missing: outside form routing,Missing: outside form routing,No
599,856564685,7c88f63f-f728-41e2-abc0-2484426718fd,Masters 1st year,2,1,vbyDnUDjDtHU4iAauqfqE5,0,0,0,0,5,Dhangadi,No,No,No,No,No,No,0,0,Answered,Missing: outside form routing,Answered,Answered,Answered,Answered,Answered,Missing: outside form routing,Answered,Missing: outside form routing,Answered,Missing: outside form routing,Missing: outside form routing,Answered,Missing: outside form routing,Missing: outside form routing,Answered,Missing: outside form routing,Missing: outside form routing,Missing: outside form routing,No
600,856564694,a975fb61-23ae-43c2-8d40-a85eeae2cc52,Masters 1st year,2,1,vbyDnUDjDtHU4iAauqfqE5,0,0,0,0,5,Dhangadi,No,No,No,No,No,No,0,0,Answered,Missing: outside form routing,Answered,Answered,Answered,Answered,Answered,Missing: outside form routing,Missing: outside form routing,Answered,Answered,Missing: outside form routing,Missing: outside form routing,Answered,Missing: outside form routing,Missing: outside form routing,Answered,Answered,Answered,Missing: outside form routing,No
601,856564710,0fac5a0e-70af-4760-8771-2b90230f7af7,Masters 1st year,2,1,vbyDnUDjDtHU4iAauqfqE5,0,0,0,0,5,Dhangadi,No,No,No,No,No,No,0,0,Answered,Missing: outside form routing,Answered,Answered,Answered,Answered,Answered,Missing: outside form routing,Missing: outside form routing,Answered,Answered,Missing: outside form routing,Missing: outside form routing,Answered,Missing: outside form routing,Missing: outside form routing,Answered,Missing: outside form routing,Missing: outside form routing,Missing: outside form routing,No
602,856564743,7d820253-96cf-4103-bb15-a26c0ef73c31,Masters 1st year,2,1,vbyDnUDjDtHU4iAauqfqE5,0,0,0,0,5,Dhangadi,No,No,No,No,No,No,0,0,Answered,Missing: outside form routing,Answered,Answered,Answered,Answered,Answered,Missing: outside form routing,Missing: outside form routing,Answered,Answered,Missing: outside form routing,Missing: outside form routing,Answered,Missing: outside form routing,Missing: outside form routing,Answered,Missing: outside form routing,Missing: outside form routing,Missing: outside form routing,No
603,856564766,ce4837e7-eaf5-445c-96a3-b0d118300e2b,Masters 1st year,2,1,vbyDnUDjDtHU4iAauqfqE5,0,0,0,0,5,Dhangadi,No,No,No,No,No,No,0,0,Answered,Missing: outside form routing,Answered,Answered,Answered,Answered,Answered,Missing: outside form routing,Missing: outside form routing,Answered,Answered,Answered,Missing: outside form routing,Missing: outside form routing,Missing: outside form routing,Missing: outside form routing,Answered,Answered,Missing: outside form routing,Missing: outside form routing,No
604,856564781,30fa2e65-67e2-4a46-aed1-c41ffc70ed27,Bachelors 4th year,,1,vbyDnUDjDtHU4iAauqfqE5,0,0,0,0,5,Dhangadi,No,No,No,No,No,No,0,0,Answered,Missing: outside form routing,Answered,Answered,Missing: outside form routing,Missing: outside form routing,Answered,Missing: outside form routing,Missing: outside form routing,Answered,Missing: outside form routing,Missing: outside form routing,Missing: outside form routing,Missing: outside form routing,Missing: outside form routing,Missing: outside form routing,Missing: outside form routing,Missing: outside form routing,Missing: outside form routing,Missing: outside form routing,No
605,856575733,bb06219d-8d27-4256-81fc-5bd4a1001386,Masters 1st year,2,1,vbyDnUDjDtHU4iAauqfqE5,0,0,0,0,5,Butwal sub metro politicity,No,No,No,No,No,No,0,0,Answered,Missing: outside form routing,Answered,Answered,Answered,Answered,Answered,Missing: outside form routing,Missing: outside form routing,Answered,Answered,Missing: outside form routing,Missing: outside form routing,Answered,Missing: outside form routing,Missing: outside form routing,Answered,Missing: outside form routing,Missing: outside form routing,Missing: outside form routing,No
606,856575758,45982435-5de1-4eb9-978b-95ef2fe6da01,Bachelors 3rd year,,1,vbyDnUDjDtHU4iAauqfqE5,0,0,0,0,5,Butwal sub metro politicity,No,No,No,No,No,No,0,0,Answered,Missing: outside form routing,Answered,Answered,Missing: outside form routing,Missing: outside form routing,Answered,Answered,Answered,Missing: outside form routing,Answered,Answered,Missing: outside form routing,Missing: outside form routing,Missing: outside form routing,Missing: outside form routing,Answered,Answered,Missing: outside form routing,Missing: outside form routing,No
607,856575774,edd1f57a-e045-441f-be2a-8289ae2315c6,Bachelors 3rd year,,1,vbyDnUDjDtHU4iAauqfqE5,0,0,0,0,5,Butwal sub metro politicity,No,No,No,No,No,No,0,0,Answered,Missing: outside form routing,Answered,Answered,Missing: outside form routing,Missing: outside form routing,Answered,Missing: outside form routing,Missing: outside form routing,Answered,Answered,Answered,Missing: outside form routing,Missing: outside form routing,Missing: outside form routing,Missing: outside form routing,Answered,Answered,Missing: outside form routing,Missing: outside form routing,No
608,856575791,8e82a828-a0f6-4948-852b-da700c3bab7e,Masters 1st year,2,1,vbyDnUDjDtHU4iAauqfqE5,0,0,0,0,5,Butwal sub metro politicity,No,No,No,No,No,No,0,0,Answered,Missing: outside form routing,Answered,Answered,Answered,Answered,Answered,Missing: outside form routing,Missing: outside form routing,Answered,Answered,Missing: outside form routing,Missing: outside form routing,Answered,Missing: outside form routing,Missing: outside form routing,Answered,Missing: outside form routing,Missing: outside form routing,Missing: outside form routing,No
609,856575823,607f50b6-ec8c-43f5-9982-3557668b0915,Bachelors 4th year,,1,vbyDnUDjDtHU4iAauqfqE5,0,0,0,0,5,Butwal sub metro politicity,No,No,No,No,No,No,0,0,Answered,Missing: outside form routing,Answered,Answered,Missing: outside form routing,Missing: outside form routing,Answered,Answered,Missing: outside form routing,Answered,Answered,Missing: outside form routing,Missing: outside form routing,Answered,Missing: outside form routing,Missing: outside form routing,Answered,Missing: outside form routing,Missing: outside form routing,Missing: outside form routing,No
610,856597198,3f096ada-9631-4be3-923d-1712d78712fa,Bachelors 3rd year,,1,vbyDnUDjDtHU4iAauqfqE5,0,0,0,0,5,Biratnagar,No,No,No,No,No,No,0,0,Answered,Missing: outside form routing,Answered,Answered,Missing: outside form routing,Missing: outside form routing,Answered,Answered,Missing: outside form routing,Missing: outside form routing,Answered,Answered,Missing: outside form routing,Missing: outside form routing,Missing: outside form routing,Missing: outside form routing,Answered,Answered,Missing: outside form routing,Missing: outside form routing,No
611,856597217,425374ed-e55b-4e44-a83a-adf8e04344e9,Bachelors 3rd year,,1,vbyDnUDjDtHU4iAauqfqE5,0,0,0,0,5,Biratnagar,No,No,No,No,No,No,0,0,Answered,Missing: outside form routing,Answered,Answered,Missing: outside form routing,Missing: outside form routing,Answered,Answered,Missing: outside form routing,Answered,Answered,Answered,Missing: outside form routing,Missing: outside form routing,Missing: outside form routing,Missing: outside form routing,Answered,Answered,Missing: outside form routing,Answered,No
612,856597241,6674b23e-9c6d-40ab-be41-9cfad66a1e40,Bachelors 1st year,,1,vbyDnUDjDtHU4iAauqfqE5,0,0,0,0,5,Biratnagar,No,No,No,No,No,No,0,0,Answered,Missing: outside form routing,Answered,Answered,Missing: outside form routing,Missing: outside form routing,Answered,Answered,Answered,Missing: outside form routing,Missing: outside form routing,Missing: outside form routing,Missing: outside form routing,Missing: outside form routing,Missing: outside form routing,Missing: outside form routing,Missing: outside form routing,Missing: outside form routing,Missing: outside form routing,Missing: outside form routing,No
613,856597259,e3213ff6-2a57-464a-8075-1f6752739ad7,Bachelors 4th year,,1,vbyDnUDjDtHU4iAauqfqE5,0,0,0,0,5,Biratnagar,No,No,No,No,No,No,0,0,Answered,Missing: outside form routing,Answered,Answered,Missing: outside form routing,Missing: outside form routing,Answered,Missing: outside form routing,Missing: outside form routing,Answered,Missing: outside form routing,Missing: outside form routing,Missing: outside form routing,Missing: outside form routing,Missing: outside form routing,Missing: outside form routing,Missing: outside form routing,Missing: outside form routing,Missing: outside form routing,Missing: outside form routing,No
614,856597275,29f5f5da-3aa9-4b25-a8d2-5fa060b7fe44,Bachelors 2nd year,,1,vbyDnUDjDtHU4iAauqfqE5,0,0,0,0,5,Biratnagar,No,No,No,No,No,No,0,0,Answered,Missing: outside form routing,Answered,Answered,Missing: outside form routing,Missing: outside form routing,Answered,Missing: outside form routing,Missing: outside form routing,Missing: outside form routing,Missing: outside form routing,Missing: outside form routing,Missing: outside form routing,Missing: outside form routing,Missing: outside form routing,Missing: outside form routing,Missing: outside form routing,Missing: outside form routing,Missing: outside form routing,Missing: outside form routing,No
615,856608695,6242a940-6164-46d9-bde4-e9d14f5c4805,Bachelors 1st year,,3,vbyDnUDjDtHU4iAauqfqE5,0,0,0,0,11,Butwal sub metropolitan city ,No,No,No,No,No,No,0,0,Answered,Missing: outside form routing,Answered,Answered,Missing: outside form routing,Missing: outside form routing,Answered,Answered,Missing: outside form routing,Answered,Missing: outside form routing,Missing: outside form routing,Missing: outside form routing,Missing: outside form routing,Missing: outside form routing,Missing: outside form routing,Missing: outside form routing,Missing: outside form routing,Missing: outside form routing,Missing: outside form routing,No
616,856608712,69e7de01-82d4-4516-bcb4-8c19cac2837e,Masters 1st year,2,1,vbyDnUDjDtHU4iAauqfqE5,0,0,0,0,11,Butwal sub metropolitan city ,No,No,No,No,No,No,0,0,Answered,Missing: outside form routing,Answered,Answered,Answered,Answered,Answered,Missing: outside form routing,Answered,Missing: outside form routing,Answered,Missing: outside form routing,Missing: outside form routing,Answered,Missing: outside form routing,Missing: outside form routing,Answered,Missing: outside form routing,Missing: outside form routing,Missing: outside form routing,No
617,856608737,c14beb3c-5cb6-4a2b-9e1d-40346e70057a,Masters 1st year,2,1,vbyDnUDjDtHU4iAauqfqE5,0,0,0,0,11,Butwal sub metropolitan city ,No,No,No,No,No,No,0,0,Answered,Missing: outside form routing,Answered,Answered,Answered,Answered,Answered,Answered,Answered,Missing: outside form routing,Answered,Missing: outside form routing,Missing: outside form routing,Answered,Missing: outside form routing,Missing: outside form routing,Answered,Missing: outside form routing,Missing: outside form routing,Missing: outside form routing,No
618,856608764,1aa4a3f3-118e-4f1a-82ad-b166a42bebd9,Bachelors 3rd year,,1,vbyDnUDjDtHU4iAauqfqE5,0,0,0,0,11,Butwal sub metropolitan city ,No,No,No,No,No,No,0,0,Answered,Missing: outside form routing,Answered,Answered,Missing: outside form routing,Missing: outside form routing,Answered,Missing: outside form routing,Missing: outside form routing,Answered,Answered,Answered,Missing: outside form routing,Missing: outside form routing,Missing: outside form routing,Missing: outside form routing,Answered,Answered,Missing: outside form routing,Missing: outside form routing,No
619,856608780,25a742bd-335f-45ad-b2b8-b408eef305c4,Bachelors 3rd year,,41,vbyDnUDjDtHU4iAauqfqE5,0,0,0,0,11,Butwal sub metropolitan city ,No,No,No,No,No,No,0,0,Answered,Missing: outside form routing,Answered,Answered,Missing: outside form routing,Missing: outside form routing,Answered,Answered,Answered,Missing: outside form routing,Answered,Answered,Missing: outside form routing,Missing: outside form routing,Missing: outside form routing,Missing: outside form routing,Answered,Answered,Missing: outside form routing,Missing: outside form routing,No
620,856649351,454398f7-442d-4374-89a6-8fd157f9669b,Bachelors 5th year,,1,vbyDnUDjDtHU4iAauqfqE5,0,0,0,0,5,Biratnagar Mahanagar palika,No,No,No,No,No,No,0,0,Answered,Missing: outside form routing,Answered,Answered,Missing: outside form routing,Missing: outside form routing,Answered,Answered,Answered,Missing: outside form routing,Answered,Answered,Missing: outside form routing,Missing: outside form routing,Missing: outside form routing,Missing: outside form routing,Answered,Answered,Missing: outside form routing,Missing: outside form routing,No
621,856649369,c348cfff-78be-441e-965d-65764d90c98a,Bachelors 3rd year,,2,vbyDnUDjDtHU4iAauqfqE5,0,0,0,0,5,Biratnagar Mahanagar palika,No,No,No,No,No,No,0,0,Answered,Missing: outside form routing,Answered,Answered,Missing: outside form routing,Missing: outside form routing,Answered,Answered,Missing: outside form routing,Answered,Missing: outside form routing,Missing: outside form routing,Missing: outside form routing,Missing: outside form routing,Missing: outside form routing,Missing: outside form routing,Missing: outside form routing,Missing: outside form routing,Missing: outside form routing,Missing: outside form routing,No
622,856649386,593612f6-78a3-4c2e-94e1-7e83c0b44b06,Bachelors 2nd year,,1,vbyDnUDjDtHU4iAauqfqE5,0,0,0,0,5,Biratnagar Mahanagar palika,No,No,No,No,No,No,0,0,Answered,Missing: outside form routing,Answered,Answered,Missing: outside form routing,Missing: outside form routing,Answered,Missing: outside form routing,Missing: outside form routing,Answered,Missing: outside form routing,Missing: outside form routing,Missing: outside form routing,Missing: outside form routing,Missing: outside form routing,Missing: outside form routing,Missing: outside form routing,Missing: outside form routing,Missing: outside form routing,Missing: outside form routing,No
623,856649398,380aec12-bdd1-4e3f-a857-91181d9f8848,Bachelors 2nd year,,1,vbyDnUDjDtHU4iAauqfqE5,0,0,0,0,5,Biratnagar Mahanagar palika,No,No,No,No,No,No,0,0,Answered,Missing: outside form routing,Answered,Answered,Missing: outside form routing,Missing: outside form routing,Answered,Missing: outside form routing,Missing: outside form routing,Answered,Missing: outside form routing,Missing: outside form routing,Missing: outside form routing,Missing: outside form routing,Missing: outside form routing,Missing: outside form routing,Missing: outside form routing,Missing: outside form routing,Missing: outside form routing,Missing: outside form routing,No
624,856649417,4f744aef-7f8a-467b-84e6-e9eb396056c5,Bachelors 1st year,,1,vbyDnUDjDtHU4iAauqfqE5,0,0,0,0,5,Biratnagar Mahanagar palika,No,No,No,No,No,No,0,0,Answered,Missing: outside form routing,Answered,Answered,Missing: outside form routing,Missing: outside form routing,Answered,Answered,Missing: outside form routing,Answered,Missing: outside form routing,Missing: outside form routing,Missing: outside form routing,Missing: outside form routing,Missing: outside form routing,Missing: outside form routing,Missing: outside form routing,Missing: outside form routing,Missing: outside form routing,Missing: outside form routing,No
625,856664181,ce25a1b9-c892-4b4d-b8cf-d476ce3c3588,Masters 2nd year,,1,vbyDnUDjDtHU4iAauqfqE5,0,0,0,0,5,Butawal up na pa,No,No,No,No,No,Yes,0,0,Answered,Missing: outside form routing,Answered,Answered,Answered,Missing: outside form routing,Answered,Missing: outside form routing,Missing: outside form routing,Answered,Answered,Missing: outside form routing,Missing: outside form routing,Answered,Missing: outside form routing,Missing: outside form routing,Answered,Missing: outside form routing,Missing: outside form routing,Missing: outside form routing,Yes
626,856664193,58db631e-54fc-4af0-b1b5-b7e12d280c44,Masters 2nd year,,1,vbyDnUDjDtHU4iAauqfqE5,0,0,0,0,5,Butawal up na pa,No,No,No,No,No,Yes,0,0,Answered,Missing: outside form routing,Answered,Answered,Answered,Missing: outside form routing,Answered,Answered,Missing: outside form routing,Answered,Answered,Missing: outside form routing,Missing: outside form routing,Answered,Missing: outside form routing,Missing: outside form routing,Answered,Missing: outside form routing,Missing: outside form routing,Missing: outside form routing,Yes
627,856664201,2b365b2d-4585-4bf6-9387-2b2d38121500,Bachelors 3rd year,,1,vbyDnUDjDtHU4iAauqfqE5,0,0,0,0,5,Butawal up na pa,No,No,No,No,No,No,0,0,Answered,Missing: outside form routing,Answered,Answered,Missing: outside form routing,Missing: outside form routing,Answered,Missing: outside form routing,Answered,Missing: outside form routing,Missing: outside form routing,Missing: outside form routing,Missing: outside form routing,Missing: outside form routing,Missing: outside form routing,Missing: outside form routing,Missing: outside form routing,Missing: outside form routing,Missing: outside form routing,Missing: outside form routing,No
628,856664217,aa8faccd-294a-4e14-a20a-447bedc5496d,Bachelors 2nd year,,2,vbyDnUDjDtHU4iAauqfqE5,0,0,0,0,5,Butawal up na pa,No,No,No,No,No,No,0,0,Answered,Missing: outside form routing,Answered,Answered,Missing: outside form routing,Missing: outside form routing,Answered,Missing: outside form routing,Missing: outside form routing,Answered,Missing: outside form routing,Missing: outside form routing,Missing: outside form routing,Missing: outside form routing,Missing: outside form routing,Missing: outside form routing,Missing: outside form routing,Missing: outside form routing,Missing: outside form routing,Missing: outside form routing,No
629,856664231,8f2ee45a-931c-4447-95c1-77774308d595,Bachelors 2nd year,,1,vbyDnUDjDtHU4iAauqfqE5,0,0,0,0,5,Butawal up na pa,No,No,No,No,No,No,0,0,Answered,Missing: outside form routing,Answered,Answered,Missing: outside form routing,Missing: outside form routing,Answered,Missing: outside form routing,Missing: outside form routing,Answered,Missing: outside form routing,Missing: outside form routing,Missing: outside form routing,Missing: outside form routing,Missing: outside form routing,Missing: outside form routing,Missing: outside form routing,Missing: outside form routing,Missing: outside form routing,Missing: outside form routing,No
630,857541864,2fd05f65-0d78-44d2-ba47-42b526c2affc,Bachelors 3rd year,,1,vbyDnUDjDtHU4iAauqfqE5,0,0,0,0,13,Siddharthanagar nagarpalika,No,No,No,No,No,No,0,0,Answered,Missing: outside form routing,Answered,Answered,Missing: outside form routing,Missing: outside form routing,Answered,Missing: outside form routing,Missing: outside form routing,Answered,Answered,Missing: outside form routing,Missing: outside form routing,Answered,Missing: outside form routing,Missing: outside form routing,Answered,Missing: outside form routing,Missing: outside form routing,Missing: outside form routing,No
631,857541876,a427dc96-618f-412d-886a-8d247dc1fde9,Bachelors 2nd year,,1,vbyDnUDjDtHU4iAauqfqE5,0,0,0,0,13,Siddhartha nagar nagarpalika,No,No,No,No,No,No,0,0,Answered,Missing: outside form routing,Answered,Answered,Missing: outside form routing,Missing: outside form routing,Answered,Missing: outside form routing,Missing: outside form routing,Answered,Missing: outside form routing,Missing: outside form routing,Missing: outside form routing,Missing: outside form routing,Missing: outside form routing,Missing: outside form routing,Missing: outside form routing,Missing: outside form routing,Missing: outside form routing,Missing: outside form routing,No
632,857541885,cbe4ef82-0b67-4145-81fa-8ee65d466ed2,Bachelors 4th year,,2,vbyDnUDjDtHU4iAauqfqE5,0,0,0,0,13,Siddharthanagar nagarpalika,No,No,No,No,No,No,0,0,Answered,Missing: outside form routing,Answered,Answered,Missing: outside form routing,Missing: outside form routing,Answered,Answered,Missing: outside form routing,Answered,Answered,Missing: outside form routing,Missing: outside form routing,Answered,Missing: outside form routing,Missing: outside form routing,Answered,Missing: outside form routing,Missing: outside form routing,Missing: outside form routing,No
633,857541896,fecaeed2-f020-414f-8145-0d0e5d9d2d02,Bachelors 4th year,,1,vbyDnUDjDtHU4iAauqfqE5,0,0,0,0,13,Siddhartthanagar nagarpalika,No,No,No,No,No,No,0,0,Answered,Missing: outside form routing,Answered,Answered,Missing: outside form routing,Missing: outside form routing,Answered,Missing: outside form routing,Answered,Missing: outside form routing,Answered,Missing: outside form routing,Missing: outside form routing,Answered,Missing: outside form routing,Missing: outside form routing,Answered,Missing: outside form routing,Missing: outside form routing,Missing: outside form routing,No
634,857546625,d188a4b8-95c1-4d66-91ee-a9f1f71a6524,Bachelors 4th year,,1,vbyDnUDjDtHU4iAauqfqE5,0,0,0,0,1,Dhangadi,No,No,No,No,No,No,0,0,Answered,Missing: outside form routing,Answered,Answered,Missing: outside form routing,Missing: outside form routing,Answered,Missing: outside form routing,Missing: outside form routing,Answered,Missing: outside form routing,Missing: outside form routing,Missing: outside form routing,Missing: outside form routing,Missing: outside form routing,Missing: outside form routing,Missing: outside form routing,Missing: outside form routing,Missing: outside form routing,Missing: outside form routing,No
635,857546632,832d0bad-0745-4dbb-a1c0-2656b867dd1c,Masters 1st year,2,1,vbyDnUDjDtHU4iAauqfqE5,0,0,0,0,5,Dhangadi,No,No,No,No,No,No,0,0,Answered,Missing: outside form routing,Answered,Answered,Answered,Answered,Answered,Answered,Missing: outside form routing,Answered,Answered,Missing: outside form routing,Missing: outside form routing,Answered,Missing: outside form routing,Missing: outside form routing,Answered,Missing: outside form routing,Missing: outside form routing,Missing: outside form routing,No
636,857546641,1fe85a76-ba86-443d-9cad-d590f90e158d,Bachelors 4th year,,1,vbyDnUDjDtHU4iAauqfqE5,0,0,0,0,5,Dhangadi,No,No,No,No,No,No,0,0,Answered,Missing: outside form routing,Answered,Answered,Missing: outside form routing,Missing: outside form routing,Answered,Missing: outside form routing,Missing: outside form routing,Answered,Answered,Answered,Missing: outside form routing,Missing: outside form routing,Missing: outside form routing,Missing: outside form routing,Answered,Answered,Missing: outside form routing,Missing: outside form routing,No
637,857546658,98bd2299-0358-4129-ab13-7de6c03e8193,Masters 1st year,2,1,vbyDnUDjDtHU4iAauqfqE5,0,0,0,0,5,Dhangadi,No,No,No,No,No,No,0,0,Answered,Missing: outside form routing,Answered,Answered,Answered,Answered,Answered,Answered,Answered,Missing: outside form routing,Answered,Missing: outside form routing,Missing: outside form routing,Answered,Missing: outside form routing,Missing: outside form routing,Answered,Missing: outside form routing,Missing: outside form routing,Missing: outside form routing,No
638,857546668,f636da74-8281-473b-b28a-8e122e73dba0,Masters 1st year,2,1,vbyDnUDjDtHU4iAauqfqE5,0,0,0,0,5,Dhangadi,No,No,No,No,No,No,0,0,Answered,Missing: outside form routing,Answered,Answered,Answered,Answered,Answered,Missing: outside form routing,Answered,Missing: outside form routing,Answered,Missing: outside form routing,Missing: outside form routing,Answered,Missing: outside form routing,Missing: outside form routing,Answered,Missing: outside form routing,Missing: outside form routing,Missing: outside form routing,No
639,857548100,6bcdff22-ef92-4432-8192-4c93fe1429e3,Bachelors 2nd year,,1,vbyDnUDjDtHU4iAauqfqE5,0,0,0,0,05,Dhangadi,No,No,No,No,No,No,0,0,Answered,Missing: outside form routing,Answered,Answered,Missing: outside form routing,Missing: outside form routing,Answered,Answered,Missing: outside form routing,Missing: outside form routing,Missing: outside form routing,Missing: outside form routing,Missing: outside form routing,Missing: outside form routing,Missing: outside form routing,Missing: outside form routing,Missing: outside form routing,Missing: outside form routing,Missing: outside form routing,Missing: outside form routing,No
640,857548112,6211286f-5419-4fac-8244-5743aaaf9a97,Bachelors 2nd year,,1,vbyDnUDjDtHU4iAauqfqE5,0,0,0,0,05,Dhangadi,No,No,No,No,No,No,0,0,Answered,Missing: outside form routing,Answered,Answered,Missing: outside form routing,Missing: outside form routing,Answered,Missing: outside form routing,Missing: outside form routing,Answered,Missing: outside form routing,Missing: outside form routing,Missing: outside form routing,Missing: outside form routing,Missing: outside form routing,Missing: outside form routing,Missing: outside form routing,Missing: outside form routing,Missing: outside form routing,Missing: outside form routing,No
641,857548127,6ee387d1-e12c-4915-a3f3-f9b1a9001c98,Bachelors 2nd year,,1,vbyDnUDjDtHU4iAauqfqE5,0,0,0,0,05,Dhangadi,No,No,No,No,No,No,0,0,Answered,Missing: outside form routing,Answered,Answered,Missing: outside form routing,Missing: outside form routing,Answered,Missing: outside form routing,Answered,Missing: outside form routing,Answered,Answered,Missing: outside form routing,Missing: outside form routing,Missing: outside form routing,Missing: outside form routing,Answered,Answered,Missing: outside form routing,Missing: outside form routing,No
642,857548142,076c6579-9090-4d6e-bec1-b5b59b1340ca,Bachelors 4th year,,1,vbyDnUDjDtHU4iAauqfqE5,0,0,0,0,05,Dhangadi,No,No,No,No,No,No,0,0,Answered,Missing: outside form routing,Answered,Answered,Missing: outside form routing,Missing: outside form routing,Answered,Missing: outside form routing,Missing: outside form routing,Answered,Missing: outside form routing,Missing: outside form routing,Missing: outside form routing,Missing: outside form routing,Missing: outside form routing,Missing: outside form routing,Missing: outside form routing,Missing: outside form routing,Missing: outside form routing,Missing: outside form routing,No
643,857548151,d687f82e-0b35-4970-95be-ecf887f27a87,Bachelors 4th year,,1,vbyDnUDjDtHU4iAauqfqE5,0,0,0,0,05,Dhangadi,No,No,No,No,No,No,0,0,Answered,Missing: outside form routing,Answered,Answered,Missing: outside form routing,Missing: outside form routing,Answered,Answered,Missing: outside form routing,Missing: outside form routing,Answered,Answered,Missing: outside form routing,Missing: outside form routing,Missing: outside form routing,Missing: outside form routing,Answered,Answered,Missing: outside form routing,Missing: outside form routing,No
644,857727955,3b2a7eef-7816-4769-8cc8-d0ab3cba7c1f,Bachelors 5th year,,1,vbyDnUDjDtHU4iAauqfqE5,0,0,0,0,9,Biratnagar Mahanagar palika,No,No,No,No,No,No,0,0,Answered,Missing: outside form routing,Answered,Answered,Missing: outside form routing,Missing: outside form routing,Answered,Answered,Answered,Missing: outside form routing,Answered,Missing: outside form routing,Missing: outside form routing,Answered,Missing: outside form routing,Missing: outside form routing,Answered,Missing: outside form routing,Missing: outside form routing,Missing: outside form routing,No
645,857727982,511b1bcb-012b-49b6-ab70-c8b75de4618d,Bachelors 5th year,,1,vbyDnUDjDtHU4iAauqfqE5,0,0,0,0,9,Biratnagar Mahanagar palika,No,No,No,No,No,No,0,0,Answered,Missing: outside form routing,Answered,Answered,Missing: outside form routing,Missing: outside form routing,Answered,Answered,Answered,Missing: outside form routing,Answered,Missing: outside form routing,Missing: outside form routing,Answered,Missing: outside form routing,Missing: outside form routing,Answered,Missing: outside form routing,Missing: outside form routing,Missing: outside form routing,No
646,857728006,0736edef-4f0b-4073-8c74-989fde6f2121,Bachelors 2nd year,,1,vbyDnUDjDtHU4iAauqfqE5,0,0,0,0,9,Biratnagar Mahanagar palika,No,No,No,No,No,No,0,0,Answered,Missing: outside form routing,Answered,Answered,Missing: outside form routing,Missing: outside form routing,Answered,Answered,Answered,Missing: outside form routing,Missing: outside form routing,Missing: outside form routing,Missing: outside form routing,Missing: outside form routing,Missing: outside form routing,Missing: outside form routing,Missing: outside form routing,Missing: outside form routing,Missing: outside form routing,Missing: outside form routing,No
647,857728028,fa90b3c2-bed1-4ec5-ba06-6d5e5415886c,Bachelors 1st year,,1,vbyDnUDjDtHU4iAauqfqE5,0,0,0,0,9,Biratnagar Mahanagar palika,No,No,No,No,No,No,0,0,Answered,Missing: outside form routing,Answered,Answered,Missing: outside form routing,Missing: outside form routing,Answered,Missing: outside form routing,Missing: outside form routing,Answered,Missing: outside form routing,Missing: outside form routing,Missing: outside form routing,Missing: outside form routing,Missing: outside form routing,Missing: outside form routing,Missing: outside form routing,Missing: outside form routing,Missing: outside form routing,Missing: outside form routing,No
648,857728042,68a8d64a-be4f-4c99-938a-0c1087bff74b,Bachelors 1st year,,1,vbyDnUDjDtHU4iAauqfqE5,0,0,0,0,9,Biratnagar Mahanagar palika,No,No,No,No,No,No,0,0,Answered,Missing: outside form routing,Answered,Answered,Missing: outside form routing,Missing: outside form routing,Answered,Missing: outside form routing,Missing: outside form routing,Answered,Missing: outside form routing,Missing: outside form routing,Missing: outside form routing,Missing: outside form routing,Missing: outside form routing,Missing: outside form routing,Missing: outside form routing,Missing: outside form routing,Missing: outside form routing,Missing: outside form routing,No
649,857740801,c29988ad-2eb5-49ae-888c-9be541efd320,Bachelors 2nd year,,2,vbyDnUDjDtHU4iAauqfqE5,0,0,0,0,13,Siddharth Nagar nagarpalika,No,No,No,No,No,No,0,0,Answered,Missing: outside form routing,Answered,Answered,Missing: outside form routing,Missing: outside form routing,Answered,Answered,Answered,Missing: outside form routing,Missing: outside form routing,Missing: outside form routing,Missing: outside form routing,Missing: outside form routing,Missing: outside form routing,Missing: outside form routing,Missing: outside form routing,Missing: outside form routing,Missing: outside form routing,Missing: outside form routing,No
650,857740816,2a50e52c-387e-467a-8151-8d589671b195,Bachelors 3rd year,,2,vbyDnUDjDtHU4iAauqfqE5,0,0,0,0,13,Siddharth Nagar nagarpalika,No,No,No,No,No,No,0,0,Answered,Missing: outside form routing,Answered,Answered,Missing: outside form routing,Missing: outside form routing,Answered,Answered,Answered,Missing: outside form routing,Answered,Answered,Missing: outside form routing,Missing: outside form routing,Missing: outside form routing,Missing: outside form routing,Answered,Answered,Missing: outside form routing,Missing: outside form routing,No
651,857740835,75e4373b-363e-4df1-bc6e-f506d6cbb433,Bachelors 2nd year,,1,vbyDnUDjDtHU4iAauqfqE5,0,0,0,0,13,Siddharth Nagar nagarpalika,No,No,No,No,No,No,0,0,Answered,Missing: outside form routing,Answered,Answered,Missing: outside form routing,Missing: outside form routing,Answered,Answered,Missing: outside form routing,Answered,Missing: outside form routing,Missing: outside form routing,Missing: outside form routing,Missing: outside form routing,Missing: outside form routing,Missing: outside form routing,Missing: outside form routing,Missing: outside form routing,Missing: outside form routing,Missing: outside form routing,No
652,857740858,d81b1ae4-0ca3-497e-924d-d00d6d58e5b1,Bachelors 2nd year,,1,vbyDnUDjDtHU4iAauqfqE5,0,0,0,0,13,Siddharth Nagar nagarpalika,No,No,No,No,No,No,0,0,Answered,Missing: outside form routing,Answered,Answered,Missing: outside form routing,Missing: outside form routing,Answered,Missing: outside form routing,Missing: outside form routing,Answered,Answered,Answered,Missing: outside form routing,Missing: outside form routing,Missing: outside form routing,Missing: outside form routing,Answered,Answered,Missing: outside form routing,Missing: outside form routing,No
653,857752747,6a8c304b-fbf0-4d95-b199-6ae19cbc1781,Bachelors 3rd year,,1,vbyDnUDjDtHU4iAauqfqE5,0,0,0,0,13,Siddhartha na pa,No,No,No,No,No,No,0,0,Answered,Missing: outside form routing,Answered,Answered,Missing: outside form routing,Missing: outside form routing,Answered,Missing: outside form routing,Answered,Missing: outside form routing,Answered,Answered,Missing: outside form routing,Missing: outside form routing,Missing: outside form routing,Missing: outside form routing,Answered,Answered,Missing: outside form routing,Missing: outside form routing,No
654,857752780,e46e083c-e256-4367-bcaa-6bea33b3ee68,Bachelors 3rd year,,1,vbyDnUDjDtHU4iAauqfqE5,0,0,0,0,13,Siddhartha na pa,No,No,No,No,No,No,0,0,Answered,Missing: outside form routing,Answered,Answered,Missing: outside form routing,Missing: outside form routing,Answered,Missing: outside form routing,Missing: outside form routing,Answered,Missing: outside form routing,Missing: outside form routing,Missing: outside form routing,Missing: outside form routing,Missing: outside form routing,Missing: outside form routing,Missing: outside form routing,Missing: outside form routing,Missing: outside form routing,Missing: outside form routing,No
655,857752812,1dd198ad-bb6a-48f7-ae77-66304143e6e3,Bachelors 3rd year,,1,vbyDnUDjDtHU4iAauqfqE5,0,0,0,0,13,Siddhartha na pa,No,No,No,No,No,No,0,0,Answered,Missing: outside form routing,Answered,Answered,Missing: outside form routing,Missing: outside form routing,Answered,Answered,Missing: outside form routing,Answered,Answered,Missing: outside form routing,Missing: outside form routing,Answered,Missing: outside form routing,Missing: outside form routing,Answered,Missing: outside form routing,Missing: outside form routing,Missing: outside form routing,No
656,857752827,e5c6e1a6-2d12-4d4e-9a6e-fdf70fe8dc03,Bachelors 3rd year,,1,vbyDnUDjDtHU4iAauqfqE5,0,0,0,0,13,Siddhartha na pa,No,No,No,No,No,No,0,0,Answered,Missing: outside form routing,Answered,Answered,Missing: outside form routing,Missing: outside form routing,Answered,Missing: outside form routing,Answered,Missing: outside form routing,Answered,Answered,Missing: outside form routing,Missing: outside form routing,Missing: outside form routing,Missing: outside form routing,Answered,Answered,Missing: outside form routing,Missing: outside form routing,No
657,857796210,f0100046-b4cb-4990-8cbc-956163bc3d00,Bachelors 4th year,,1,vbyDnUDjDtHU4iAauqfqE5,0,0,0,1,,Kathmandu mahanagar,No,No,No,No,No,No,0,0,Answered,Missing: outside form routing,Answered,Answered,Missing: outside form routing,Missing: outside form routing,Answered,Answered,Answered,Missing: outside form routing,Answered,Answered,Missing: outside form routing,Missing: outside form routing,Missing: outside form routing,Missing: outside form routing,Answered,Answered,Missing: outside form routing,Answered,No
658,857796226,90dfa261-67b6-4358-a1f1-1b9b6c5f3fb9,Bachelors 2nd year,,1,vbyDnUDjDtHU4iAauqfqE5,0,0,0,1,,Kathmandu mahanagar,No,No,No,No,No,No,0,0,Answered,Missing: outside form routing,Answered,Answered,Missing: outside form routing,Missing: outside form routing,Answered,Answered,Answered,Missing: outside form routing,Missing: outside form routing,Missing: outside form routing,Missing: outside form routing,Missing: outside form routing,Missing: outside form routing,Missing: outside form routing,Missing: outside form routing,Missing: outside form routing,Missing: outside form routing,Answered,No
659,857796238,6bdc35f0-a87a-43ba-900d-b74a9e11de47,Bachelors 4th year,,41,vbyDnUDjDtHU4iAauqfqE5,0,0,0,1,,Kathmandu mahanagar,No,No,No,No,No,No,0,0,Answered,Missing: outside form routing,Answered,Answered,Missing: outside form routing,Missing: outside form routing,Answered,Missing: outside form routing,Missing: outside form routing,Answered,Answered,Missing: outside form routing,Missing: outside form routing,Missing: outside form routing,Missing: outside form routing,Missing: outside form routing,Answered,Missing: outside form routing,Missing: outside form routing,Missing: outside form routing,No
660,857796257,20acb849-3304-4b19-ae2d-23e13e3f348c,Masters 1st year,2,,vbyDnUDjDtHU4iAauqfqE5,0,0,0,1,,Kathmandu Mahanagar,No,No,No,No,No,No,0,0,Answered,Missing: outside form routing,Answered,Answered,Answered,Answered,Missing: outside form routing,Answered,Missing: outside form routing,Answered,Answered,Missing: outside form routing,Missing: outside form routing,Answered,Missing: outside form routing,Missing: outside form routing,Answered,Missing: outside form routing,Missing: outside form routing,Missing: outside form routing,No
661,857796266,81dc68dc-b6fa-4633-af18-ec4eec29e390,Bachelors 2nd year,,3,vbyDnUDjDtHU4iAauqfqE5,0,0,0,1,,Kathmandu metropolitan,No,No,No,No,No,No,0,0,Answered,Missing: outside form routing,Answered,Answered,Missing: outside form routing,Missing: outside form routing,Answered,Answered,Answered,Missing: outside form routing,Answered,Answered,Missing: outside form routing,Missing: outside form routing,Missing: outside form routing,Missing: outside form routing,Answered,Answered,Missing: outside form routing,Missing: outside form routing,No
662,857880418,a6cee6d4-2268-4de1-8e23-9aae31463bca,Bachelors 1st year,,41,vbyDnUDjDtHU4iAauqfqE5,0,0,0,1,,Kathmandu Mahanagar,No,No,No,No,No,No,0,0,Answered,Missing: outside form routing,Answered,Answered,Missing: outside form routing,Missing: outside form routing,Answered,Missing: outside form routing,Answered,Missing: outside form routing,Missing: outside form routing,Missing: outside form routing,Missing: outside form routing,Missing: outside form routing,Missing: outside form routing,Missing: outside form routing,Missing: outside form routing,Missing: outside form routing,Missing: outside form routing,Missing: outside form routing,No
663,857880433,9141abf2-23cd-4171-a17c-5849675aeab0,Bachelors 4th year,,1,vbyDnUDjDtHU4iAauqfqE5,0,0,0,1,,Kathmandu Mahanagar,No,No,No,No,No,No,0,0,Answered,Missing: outside form routing,Answered,Answered,Missing: outside form routing,Missing: outside form routing,Answered,Missing: outside form routing,Answered,Missing: outside form routing,Answered,Missing: outside form routing,Missing: outside form routing,Answered,Missing: outside form routing,Missing: outside form routing,Answered,Missing: outside form routing,Missing: outside form routing,Missing: outside form routing,No
664,857880588,06d3eaef-2505-4e9f-a06f-dc3b83346240,Bachelors 1st year,,1,vbyDnUDjDtHU4iAauqfqE5,0,0,0,1,,Kathmandu Mahanagar,No,No,No,No,No,No,0,0,Answered,Missing: outside form routing,Answered,Answered,Missing: outside form routing,Missing: outside form routing,Answered,Missing: outside form routing,Missing: outside form routing,Answered,Missing: outside form routing,Missing: outside form routing,Missing: outside form routing,Missing: outside form routing,Missing: outside form routing,Missing: outside form routing,Missing: outside form routing,Missing: outside form routing,Missing: outside form routing,Missing: outside form routing,No
665,857880598,8b981665-efa6-4aaf-9c61-4be4328096d1,Masters 1st year,2,1,vbyDnUDjDtHU4iAauqfqE5,0,0,0,1,,Kathmandu Mahanagar,No,No,No,No,No,No,0,0,Answered,Missing: outside form routing,Answered,Answered,Answered,Answered,Answered,Missing: outside form routing,Missing: outside form routing,Answered,Answered,Missing: outside form routing,Missing: outside form routing,Answered,Missing: outside form routing,Missing: outside form routing,Answered,Missing: outside form routing,Missing: outside form routing,Missing: outside form routing,No
666,857880609,5cd3e7c3-281e-4946-8a9e-48c14e5738b3,Bachelors 2nd year,,1,vbyDnUDjDtHU4iAauqfqE5,0,0,0,1,,Kathmandu Metropolitan,No,No,No,No,No,No,0,0,Answered,Missing: outside form routing,Answered,Answered,Missing: outside form routing,Missing: outside form routing,Answered,Answered,Missing: outside form routing,Missing: outside form routing,Answered,Answered,Missing: outside form routing,Missing: outside form routing,Missing: outside form routing,Missing: outside form routing,Answered,Answered,Missing: outside form routing,Missing: outside form routing,No
667,857880621,3f725eed-48d4-47e7-8ad2-01dbc5265b6d,Bachelors 2nd year,,1,vbyDnUDjDtHU4iAauqfqE5,0,0,0,1,,Kathmandu Mahanagar,No,No,No,No,No,No,0,0,Answered,Missing: outside form routing,Answered,Answered,Missing: outside form routing,Missing: outside form routing,Answered,Answered,Missing: outside form routing,Answered,Answered,Answered,Missing: outside form routing,Missing: outside form routing,Missing: outside form routing,Missing: outside form routing,Answered,Answered,Missing: outside form routing,Missing: outside form routing,No
668,857881828,d23ca883-a227-44c6-bca0-f68c744a393a,Bachelors 4th year,,1,vbyDnUDjDtHU4iAauqfqE5,0,0,0,1,,Kathmandu Mahangar,No,No,No,No,No,No,0,0,Answered,Missing: outside form routing,Answered,Answered,Missing: outside form routing,Missing: outside form routing,Answered,Missing: outside form routing,Answered,Missing: outside form routing,Answered,Missing: outside form routing,Missing: outside form routing,Answered,Missing: outside form routing,Missing: outside form routing,Answered,Missing: outside form routing,Missing: outside form routing,Missing: outside form routing,No
669,857881840,14e629f8-2572-4a29-8329-5ba44a98c6d4,Bachelors 1st year,,1,vbyDnUDjDtHU4iAauqfqE5,0,0,0,1,,Kathmandu Mahanagar,No,No,No,No,No,No,0,0,Answered,Missing: outside form routing,Answered,Answered,Missing: outside form routing,Missing: outside form routing,Answered,Missing: outside form routing,Missing: outside form routing,Missing: outside form routing,Missing: outside form routing,Missing: outside form routing,Missing: outside form routing,Missing: outside form routing,Missing: outside form routing,Missing: outside form routing,Missing: outside form routing,Missing: outside form routing,Missing: outside form routing,Answered,No
670,857881856,54977344-1313-41d0-acb9-0da673b4ad41,Bachelors 2nd year,,1,vbyDnUDjDtHU4iAauqfqE5,0,0,0,1,,Kathmandu Mahanagar,No,No,No,No,No,No,0,0,Answered,Missing: outside form routing,Answered,Answered,Missing: outside form routing,Missing: outside form routing,Answered,Missing: outside form routing,Answered,Missing: outside form routing,Answered,Answered,Missing: outside form routing,Missing: outside form routing,Missing: outside form routing,Missing: outside form routing,Answered,Answered,Missing: outside form routing,Missing: outside form routing,No
671,857881883,606d780b-d6e9-47a0-9116-c9bcdfa0060d,Bachelors 1st year,,41,vbyDnUDjDtHU4iAauqfqE5,0,0,0,1,,Kathmandu Mahanagar,No,No,No,No,No,No,0,0,Answered,Missing: outside form routing,Answered,Answered,Missing: outside form routing,Missing: outside form routing,Answered,Missing: outside form routing,Answered,Missing: outside form routing,Missing: outside form routing,Missing: outside form routing,Missing: outside form routing,Missing: outside form routing,Missing: outside form routing,Missing: outside form routing,Missing: outside form routing,Missing: outside form routing,Missing: outside form routing,Missing: outside form routing,No
672,857881911,efe22e45-6eb6-4f5d-b2b0-1f1deb0c1192,Bachelors 3rd year,,1,vbyDnUDjDtHU4iAauqfqE5,0,0,0,1,,Kathmandu,No,No,No,No,No,No,0,0,Answered,Missing: outside form routing,Answered,Answered,Missing: outside form routing,Missing: outside form routing,Answered,Missing: outside form routing,Missing: outside form routing,Answered,Answered,Missing: outside form routing,Missing: outside form routing,Answered,Missing: outside form routing,Missing: outside form routing,Answered,Missing: outside form routing,Missing: outside form routing,Missing: outside form routing,No
673,857882682,be00e9e8-03f5-4f20-9ef4-81414bf4de47,Bachelors 4th year,,1,vbyDnUDjDtHU4iAauqfqE5,0,0,0,1,,Kathmandu mahanagar,No,No,No,No,No,No,0,0,Answered,Missing: outside form routing,Answered,Answered,Missing: outside form routing,Missing: outside form routing,Answered,Missing: outside form routing,Answered,Missing: outside form routing,Answered,Answered,Missing: outside form routing,Missing: outside form routing,Missing: outside form routing,Missing: outside form routing,Answered,Answered,Missing: outside form routing,Missing: outside form routing,No
674,857882705,f820adaf-d9fc-42f7-a012-7c758f9ab72d,Bachelors 2nd year,,3,vbyDnUDjDtHU4iAauqfqE5,0,0,0,1,,Kathmandu mahanagar,No,No,No,No,No,No,0,0,Answered,Missing: outside form routing,Answered,Answered,Missing: outside form routing,Missing: outside form routing,Answered,Missing: outside form routing,Missing: outside form routing,Missing: outside form routing,Missing: outside form routing,Missing: outside form routing,Missing: outside form routing,Missing: outside form routing,Missing: outside form routing,Missing: outside form routing,Missing: outside form routing,Missing: outside form routing,Missing: outside form routing,Missing: outside form routing,No
675,857882761,b9fb35ad-3655-43bc-a024-413ae37bb4c2,Bachelors 4th year,,3,vbyDnUDjDtHU4iAauqfqE5,0,0,0,1,,Kathmandu mahanagar,No,No,No,No,No,No,0,0,Answered,Missing: outside form routing,Answered,Answered,Missing: outside form routing,Missing: outside form routing,Answered,Answered,Answered,Missing: outside form routing,Answered,Answered,Missing: outside form routing,Missing: outside form routing,Missing: outside form routing,Missing: outside form routing,Answered,Answered,Missing: outside form routing,Answered,No
676,857882776,2ad5f3d9-79a5-4c7c-825e-f11ce921a090,Bachelors 4th year,,1,vbyDnUDjDtHU4iAauqfqE5,0,0,0,1,,Kathmandu mahanagar,No,No,No,No,No,No,0,0,Answered,Missing: outside form routing,Answered,Answered,Missing: outside form routing,Missing: outside form routing,Answered,Answered,Answered,Missing: outside form routing,Answered,Answered,Missing: outside form routing,Missing: outside form routing,Missing: outside form routing,Missing: outside form routing,Answered,Answered,Missing: outside form routing,Answered,No
677,857882790,f3ab3c91-45c5-4a1d-aac4-456f46832bce,Masters 2nd year,,5,vbyDnUDjDtHU4iAauqfqE5,0,0,0,1,,Kathmandu mahanagar,No,No,No,No,No,Yes,0,0,Answered,Missing: outside form routing,Answered,Answered,Answered,Missing: outside form routing,Answered,Answered,Answered,Missing: outside form routing,Answered,Missing: outside form routing,Missing: outside form routing,Answered,Missing: outside form routing,Missing: outside form routing,Answered,Missing: outside form routing,Missing: outside form routing,Missing: outside form routing,Yes
678,857882805,42c028ba-04eb-4535-a398-227456518eae,Bachelors 1st year,,1,vbyDnUDjDtHU4iAauqfqE5,0,0,0,1,,Kathmandu mahanagar,No,No,No,No,No,No,0,0,Answered,Missing: outside form routing,Answered,Answered,Missing: outside form routing,Missing: outside form routing,Answered,Answered,Answered,Missing: outside form routing,Missing: outside form routing,Missing: outside form routing,Missing: outside form routing,Missing: outside form routing,Missing: outside form routing,Missing: outside form routing,Missing: outside form routing,Missing: outside form routing,Missing: outside form routing,Missing: outside form routing,No
679,858750067,71a92650-66be-45ac-8f4e-3b23f8096992,Bachelors 3rd year,,1,vbyDnUDjDtHU4iAauqfqE5,0,0,0,0,13,Siddhartha nagar nagarpalika.,No,No,No,No,No,No,0,0,Answered,Missing: outside form routing,Answered,Answered,Missing: outside form routing,Missing: outside form routing,Answered,Missing: outside form routing,Missing: outside form routing,Answered,Answered,Missing: outside form routing,Missing: outside form routing,Answered,Missing: outside form routing,Missing: outside form routing,Answered,Missing: outside form routing,Missing: outside form routing,Missing: outside form routing,No
680,858750077,ee05af1f-7dc0-4fb8-87f0-4b4181596823,Bachelors 3rd year,,1,vbyDnUDjDtHU4iAauqfqE5,0,0,0,0,13,Siddhartha nagar nagarpalika,No,No,No,No,No,No,0,0,Answered,Missing: outside form routing,Answered,Answered,Missing: outside form routing,Missing: outside form routing,Answered,Answered,Answered,Missing: outside form routing,Missing: outside form routing,Missing: outside form routing,Missing: outside form routing,Missing: outside form routing,Missing: outside form routing,Missing: outside form routing,Missing: outside form routing,Missing: outside form routing,Missing: outside form routing,Missing: outside form routing,No
681,858750093,48d17c00-a297-4997-b51c-ac4476839d13,Bachelors 3rd year,,1,vbyDnUDjDtHU4iAauqfqE5,0,0,0,0,13,Siddhartha nagar nagarpalika.,No,No,No,No,No,No,0,0,Answered,Missing: outside form routing,Answered,Answered,Missing: outside form routing,Missing: outside form routing,Answered,Answered,Missing: outside form routing,Answered,Answered,Answered,Missing: outside form routing,Missing: outside form routing,Missing: outside form routing,Missing: outside form routing,Answered,Answered,Missing: outside form routing,Missing: outside form routing,No
682,858750108,912fd34a-a37a-4722-9781-f7944bfa6915,Bachelors 3rd year,,1,vbyDnUDjDtHU4iAauqfqE5,0,0,0,0,13,Siddharthanagar nagarpalika,No,No,No,No,No,No,0,0,Answered,Missing: outside form routing,Answered,Answered,Missing: outside form routing,Missing: outside form routing,Answered,Answered,Missing: outside form routing,Answered,Answered,Missing: outside form routing,Missing: outside form routing,Answered,Missing: outside form routing,Missing: outside form routing,Answered,Missing: outside form routing,Missing: outside form routing,Missing: outside form routing,No
683,858761807,f6ffb804-2fb1-421c-aa8b-aa339fb3f52c,Bachelors 4th year,,1,vbyDnUDjDtHU4iAauqfqE5,0,0,0,0,5,Dhangadi,No,No,No,No,No,No,0,0,Answered,Missing: outside form routing,Answered,Answered,Missing: outside form routing,Missing: outside form routing,Answered,Missing: outside form routing,Missing: outside form routing,Answered,Missing: outside form routing,Missing: outside form routing,Missing: outside form routing,Missing: outside form routing,Missing: outside form routing,Missing: outside form routing,Missing: outside form routing,Missing: outside form routing,Missing: outside form routing,Missing: outside form routing,No
684,858761814,8d34c96a-8b43-4909-8415-4546423a8c21,Bachelors 2nd year,,1,vbyDnUDjDtHU4iAauqfqE5,0,0,0,0,5,28,No,No,No,Yes,No,No,0,0,Answered,Missing: outside form routing,Answered,Answered,Missing: outside form routing,Missing: outside form routing,Answered,Missing: outside form routing,Missing: outside form routing,Answered,Missing: outside form routing,Missing: outside form routing,Missing: outside form routing,Missing: outside form routing,Missing: outside form routing,Missing: outside form routing,Missing: outside form routing,Missing: outside form routing,Missing: outside form routing,Missing: outside form routing,Yes
685,858763403,e393ce7b-34df-42fb-b923-88060b61a6eb,Bachelors 1st year,,1,vbyDnUDjDtHU4iAauqfqE5,0,0,0,0,05,Dhangadi,No,No,No,No,No,No,0,0,Answered,Missing: outside form routing,Answered,Answered,Missing: outside form routing,Missing: outside form routing,Answered,Answered,Missing: outside form routing,Answered,Missing: outside form routing,Missing: outside form routing,Missing: outside form routing,Missing: outside form routing,Missing: outside form routing,Missing: outside form routing,Missing: outside form routing,Missing: outside form routing,Missing: outside form routing,Missing: outside form routing,No
686,858763414,5b4c651b-4095-4345-8f45-a595c76a2b85,Bachelors 1st year,,1,vbyDnUDjDtHU4iAauqfqE5,0,0,0,0,05,Dhangadi,No,No,No,No,No,No,0,0,Answered,Missing: outside form routing,Answered,Answered,Missing: outside form routing,Missing: outside form routing,Answered,Missing: outside form routing,Missing: outside form routing,Missing: outside form routing,Missing: outside form routing,Missing: outside form routing,Missing: outside form routing,Missing: outside form routing,Missing: outside form routing,Missing: outside form routing,Missing: outside form routing,Missing: outside form routing,Missing: outside form routing,Missing: outside form routing,No
687,858773665,3af6c2e1-eea2-49b3-b36c-e0931c18f04b,Bachelors 2nd year,,1,vbyDnUDjDtHU4iAauqfqE5,0,0,0,0,9,Janakpurdham sub metropolitan,No,No,No,No,No,No,0,0,Answered,Missing: outside form routing,Answered,Answered,Missing: outside form routing,Missing: outside form routing,Answered,Missing: outside form routing,Missing: outside form routing,Missing: outside form routing,Missing: outside form routing,Missing: outside form routing,Missing: outside form routing,Missing: outside form routing,Missing: outside form routing,Missing: outside form routing,Missing: outside form routing,Missing: outside form routing,Missing: outside form routing,Missing: outside form routing,No
688,858773685,a7c9b34d-b6cc-46d4-844b-649a38c2cf76,Bachelors 2nd year,,1,vbyDnUDjDtHU4iAauqfqE5,0,0,0,0,9,Janakpurdham sub metropolitan,No,No,No,No,No,No,0,0,Answered,Missing: outside form routing,Answered,Answered,Missing: outside form routing,Missing: outside form routing,Answered,Answered,Answered,Missing: outside form routing,Missing: outside form routing,Missing: outside form routing,Missing: outside form routing,Missing: outside form routing,Missing: outside form routing,Missing: outside form routing,Missing: outside form routing,Missing: outside form routing,Missing: outside form routing,Missing: outside form routing,No
689,858773695,c4409003-603f-46c3-9515-8b608d452287,Bachelors 3rd year,,1,vbyDnUDjDtHU4iAauqfqE5,0,0,0,0,9,Janakpurdham sub metropolitan,No,No,No,No,No,No,0,0,Answered,Missing: outside form routing,Answered,Answered,Missing: outside form routing,Missing: outside form routing,Answered,Answered,Missing: outside form routing,Answered,Answered,Answered,Missing: outside form routing,Missing: outside form routing,Missing: outside form routing,Missing: outside form routing,Answered,Answered,Missing: outside form routing,Missing: outside form routing,No
690,858773706,3cb5e7cb-2a59-4d64-8d91-eb890d85d7e0,Bachelors 2nd year,,1,vbyDnUDjDtHU4iAauqfqE5,0,0,0,0,9,Janakpurdham sub metropolitan,No,No,No,No,No,No,0,0,Answered,Missing: outside form routing,Answered,Answered,Missing: outside form routing,Missing: outside form routing,Answered,Missing: outside form routing,Missing: outside form routing,Answered,Missing: outside form routing,Missing: outside form routing,Missing: outside form routing,Missing: outside form routing,Missing: outside form routing,Missing: outside form routing,Missing: outside form routing,Missing: outside form routing,Missing: outside form routing,Missing: outside form routing,No
691,858773721,ebd24d4b-4d13-4d11-8b06-1b73e28535c9,Bachelors 2nd year,,1,vbyDnUDjDtHU4iAauqfqE5,0,0,0,0,9,Janakpurdham sub metropolitan,No,No,No,No,No,No,0,0,Answered,Missing: outside form routing,Answered,Answered,Missing: outside form routing,Missing: outside form routing,Answered,Answered,Missing: outside form routing,Answered,Missing: outside form routing,Missing: outside form routing,Missing: outside form routing,Missing: outside form routing,Missing: outside form routing,Missing: outside form routing,Missing: outside form routing,Missing: outside form routing,Missing: outside form routing,Missing: outside form routing,No
692,858773730,658fb1da-a8cb-4309-895e-d7b72412e25d,Bachelors 2nd year,,1,vbyDnUDjDtHU4iAauqfqE5,0,0,0,0,9,Janakpurdham sub metropolitan,No,No,No,No,No,No,0,0,Answered,Missing: outside form routing,Answered,Answered,Missing: outside form routing,Missing: outside form routing,Answered,Missing: outside form routing,Missing: outside form routing,Missing: outside form routing,Missing: outside form routing,Missing: outside form routing,Missing: outside form routing,Missing: outside form routing,Missing: outside form routing,Missing: outside form routing,Missing: outside form routing,Missing: outside form routing,Missing: outside form routing,Missing: outside form routing,No
693,858773738,3d980a89-6bb8-45de-8e71-a7604a677a79,Bachelors 2nd year,,1,vbyDnUDjDtHU4iAauqfqE5,0,0,0,0,9,Janakpurdham sub metropolitan,No,No,No,No,No,No,0,0,Answered,Missing: outside form routing,Answered,Answered,Missing: outside form routing,Missing: outside form routing,Answered,Missing: outside form routing,Missing: outside form routing,Answered,Answered,Answered,Missing: outside form routing,Missing: outside form routing,Missing: outside form routing,Missing: outside form routing,Answered,Answered,Missing: outside form routing,Missing: outside form routing,No
694,858773749,d79b6820-fbbc-4dac-b8d7-74111249e0b2,Bachelors 4th year,,1,vbyDnUDjDtHU4iAauqfqE5,0,0,0,0,9,Janakpurdham sub metropolitan,No,No,No,No,No,No,0,0,Answered,Missing: outside form routing,Answered,Answered,Missing: outside form routing,Missing: outside form routing,Answered,Missing: outside form routing,Missing: outside form routing,Answered,Answered,Missing: outside form routing,Missing: outside form routing,Answered,Missing: outside form routing,Missing: outside form routing,Answered,Missing: outside form routing,Missing: outside form routing,Missing: outside form routing,No
695,858773757,a69ba4da-ee9c-4b01-bb12-accf30c62a7e,Bachelors 4th year,,1,vbyDnUDjDtHU4iAauqfqE5,0,0,0,0,9,Janakpurdham sub metropolitan,No,No,No,No,No,No,0,0,Answered,Missing: outside form routing,Answered,Answered,Missing: outside form routing,Missing: outside form routing,Answered,Missing: outside form routing,Missing: outside form routing,Answered,Answered,Answered,Missing: outside form routing,Missing: outside form routing,Missing: outside form routing,Missing: outside form routing,Answered,Answered,Missing: outside form routing,Missing: outside form routing,No
696,858773768,b105ab74-5fda-4899-a9ed-af8d7c6bbd63,Bachelors 3rd year,,1,vbyDnUDjDtHU4iAauqfqE5,0,0,0,0,9,Janakpurdham sub metropolitan,No,No,No,No,No,No,0,0,Answered,Missing: outside form routing,Answered,Answered,Missing: outside form routing,Missing: outside form routing,Answered,Answered,Missing: outside form routing,Missing: outside form routing,Answered,Answered,Missing: outside form routing,Missing: outside form routing,Missing: outside form routing,Missing: outside form routing,Answered,Answered,Missing: outside form routing,Missing: outside form routing,No
697,858774215,24c8591b-c7fd-4b84-9e99-ce931f000150,Bachelors 1st year,,1,vbyDnUDjDtHU4iAauqfqE5,0,0,0,0,9,Biratnagar Mahanagar palika,No,No,No,No,No,No,0,0,Answered,Missing: outside form routing,Answered,Answered,Missing: outside form routing,Missing: outside form routing,Answered,Missing: outside form routing,Missing: outside form routing,Answered,Missing: outside form routing,Missing: outside form routing,Missing: outside form routing,Missing: outside form routing,Missing: outside form routing,Missing: outside form routing,Missing: outside form routing,Missing: outside form routing,Missing: outside form routing,Missing: outside form routing,No
698,858774223,943a2395-ab26-458c-ac21-1b630818801f,Bachelors 1st year,,1,vbyDnUDjDtHU4iAauqfqE5,0,0,0,0,9,Biratnagar Mahanagar palika,No,No,No,No,No,No,0,0,Answered,Missing: outside form routing,Answered,Answered,Missing: outside form routing,Missing: outside form routing,Answered,Answered,Missing: outside form routing,Answered,Missing: outside form routing,Missing: outside form routing,Missing: outside form routing,Missing: outside form routing,Missing: outside form routing,Missing: outside form routing,Missing: outside form routing,Missing: outside form routing,Missing: outside form routing,Missing: outside form routing,No
699,858774238,9c607579-162c-4196-b80f-ea1e997c3a98,Bachelors 1st year,,1,vbyDnUDjDtHU4iAauqfqE5,0,0,0,0,9,Biratnagar Mahanagar palika,No,No,No,No,No,No,0,0,Answered,Missing: outside form routing,Answered,Answered,Missing: outside form routing,Missing: outside form routing,Answered,Answered,Missing: outside form routing,Answered,Missing: outside form routing,Missing: outside form routing,Missing: outside form routing,Missing: outside form routing,Missing: outside form routing,Missing: outside form routing,Missing: outside form routing,Missing: outside form routing,Missing: outside form routing,Answered,No
700,858774257,d9cccdc8-4bb3-4cee-8c51-fecb759a3e9c,Bachelors 1st year,,1,vbyDnUDjDtHU4iAauqfqE5,0,0,0,0,9,Biratnagar Mahanagar palika,No,No,No,No,No,No,0,0,Answered,Missing: outside form routing,Answered,Answered,Missing: outside form routing,Missing: outside form routing,Answered,Missing: outside form routing,Missing: outside form routing,Answered,Missing: outside form routing,Missing: outside form routing,Missing: outside form routing,Missing: outside form routing,Missing: outside form routing,Missing: outside form routing,Missing: outside form routing,Missing: outside form routing,Missing: outside form routing,Missing: outside form routing,No
701,858778881,576cf851-fdae-4797-865c-0c40a48190b4,Bachelors 3rd year,,2,vbyDnUDjDtHU4iAauqfqE5,0,0,0,0,9,Janakpurdham sub metropolitan,No,No,No,No,No,No,0,0,Answered,Missing: outside form routing,Answered,Answered,Missing: outside form routing,Missing: outside form routing,Answered,Missing: outside form routing,Missing: outside form routing,Answered,Answered,Missing: outside form routing,Missing: outside form routing,Answered,Missing: outside form routing,Missing: outside form routing,Answered,Missing: outside form routing,Missing: outside form routing,Missing: outside form routing,No
702,858778895,ea5846a5-4745-4321-8609-65829c4db04c,Bachelors 3rd year,,1,vbyDnUDjDtHU4iAauqfqE5,0,0,0,0,9,Janakpurdham sub metropolitan,No,No,No,No,No,No,0,0,Answered,Missing: outside form routing,Answered,Answered,Missing: outside form routing,Missing: outside form routing,Answered,Missing: outside form routing,Missing: outside form routing,Missing: outside form routing,Answered,Answered,Missing: outside form routing,Missing: outside form routing,Missing: outside form routing,Missing: outside form routing,Answered,Answered,Missing: outside form routing,Missing: outside form routing,No
703,858778907,e0cdb0dc-39a1-45c2-8b15-83f633e5540a,Bachelors 3rd year,,1,vbyDnUDjDtHU4iAauqfqE5,0,0,0,0,9,Janakpurdham sub metropolitan,No,No,No,No,No,No,0,0,Answered,Missing: outside form routing,Answered,Answered,Missing: outside form routing,Missing: outside form routing,Answered,Answered,Answered,Missing: outside form routing,Answered,Answered,Missing: outside form routing,Missing: outside form routing,Missing: outside form routing,Missing: outside form routing,Answered,Answered,Missing: outside form routing,Missing: outside form routing,No
704,858778916,89997c35-483d-4be8-9404-8baba20b1ddd,Bachelors 4th year,,1,vbyDnUDjDtHU4iAauqfqE5,0,0,0,0,9,Janakpurdham sub metropolitan,No,No,No,No,No,No,0,0,Answered,Missing: outside form routing,Answered,Answered,Missing: outside form routing,Missing: outside form routing,Answered,Missing: outside form routing,Missing: outside form routing,Answered,Answered,Missing: outside form routing,Missing: outside form routing,Answered,Missing: outside form routing,Missing: outside form routing,Answered,Missing: outside form routing,Missing: outside form routing,Missing: outside form routing,No
705,858778924,94c8c3a2-4a97-446d-8c55-157c56418313,Bachelors 2nd year,,1,vbyDnUDjDtHU4iAauqfqE5,0,0,0,0,9,Janakpurdham sub metropolitan,No,No,No,No,No,No,0,0,Answered,Missing: outside form routing,Answered,Answered,Missing: outside form routing,Missing: outside form routing,Answered,Answered,Missing: outside form routing,Answered,Missing: outside form routing,Missing: outside form routing,Missing: outside form routing,Missing: outside form routing,Missing: outside form routing,Missing: outside form routing,Missing: outside form routing,Missing: outside form routing,Missing: outside form routing,Missing: outside form routing,No
706,858778937,6b0a5622-5a2d-4ff8-881c-5b9ed721430b,Bachelors 2nd year,,41,vbyDnUDjDtHU4iAauqfqE5,0,0,0,0,9,Janakpurdham sub metropolitan,No,No,No,No,No,No,0,0,Answered,Missing: outside form routing,Answered,Answered,Missing: outside form routing,Missing: outside form routing,Answered,Missing: outside form routing,Answered,Missing: outside form routing,Answered,Missing: outside form routing,Missing: outside form routing,Answered,Missing: outside form routing,Missing: outside form routing,Answered,Missing: outside form routing,Missing: outside form routing,Missing: outside form routing,No
707,858778943,a810ad24-bde3-41a2-9c05-3bf456fa6e5b,Bachelors 2nd year,,1,vbyDnUDjDtHU4iAauqfqE5,0,0,0,0,9,Janakpurdham sub metropolitan,No,No,No,No,No,No,0,0,Answered,Missing: outside form routing,Answered,Answered,Missing: outside form routing,Missing: outside form routing,Answered,Missing: outside form routing,Missing: outside form routing,Answered,Answered,Answered,Missing: outside form routing,Missing: outside form routing,Missing: outside form routing,Missing: outside form routing,Answered,Answered,Missing: outside form routing,Missing: outside form routing,No
708,858778955,2549730b-e9b9-4253-8918-962e8a022663,Bachelors 3rd year,,1,vbyDnUDjDtHU4iAauqfqE5,0,0,0,0,9,Janakpurdham sub metropolitan,No,No,No,No,No,No,0,0,Answered,Missing: outside form routing,Answered,Answered,Missing: outside form routing,Missing: outside form routing,Answered,Missing: outside form routing,Missing: outside form routing,Answered,Answered,Missing: outside form routing,Missing: outside form routing,Answered,Answered,Missing: outside form routing,Answered,Answered,Missing: outside form routing,Missing: outside form routing,No
709,858778963,bf645745-c3bc-49c3-9358-8882213af502,Bachelors 3rd year,,1,vbyDnUDjDtHU4iAauqfqE5,0,0,0,0,9,Janakpurdham sub metropolitan,No,No,No,No,No,No,0,0,Answered,Missing: outside form routing,Answered,Answered,Missing: outside form routing,Missing: outside form routing,Answered,Missing: outside form routing,Missing: outside form routing,Answered,Answered,Answered,Missing: outside form routing,Missing: outside form routing,Missing: outside form routing,Missing: outside form routing,Answered,Answered,Missing: outside form routing,Missing: outside form routing,No
710,858778971,d5d7bfe6-d00d-40c9-960a-1de560f7ba64,Bachelors 4th year,,1,vbyDnUDjDtHU4iAauqfqE5,0,0,0,0,9,Janakpurdham sub metropolitan,No,No,No,No,No,No,0,0,Answered,Missing: outside form routing,Answered,Answered,Missing: outside form routing,Missing: outside form routing,Answered,Missing: outside form routing,Missing: outside form routing,Answered,Answered,Answered,Missing: outside form routing,Missing: outside form routing,Missing: outside form routing,Missing: outside form routing,Answered,Answered,Missing: outside form routing,Missing: outside form routing,No
711,858778978,19779aa8-05c2-4dd6-9c6b-4c32201f337d,Bachelors 3rd year,,1,vbyDnUDjDtHU4iAauqfqE5,0,0,0,0,9,Janakpurdham sub metropolitan,No,No,No,No,No,No,0,0,Answered,Missing: outside form routing,Answered,Answered,Missing: outside form routing,Missing: outside form routing,Answered,Answered,Missing: outside form routing,Answered,Missing: outside form routing,Missing: outside form routing,Missing: outside form routing,Missing: outside form routing,Missing: outside form routing,Missing: outside form routing,Missing: outside form routing,Missing: outside form routing,Missing: outside form routing,Missing: outside form routing,No
712,858778985,cfe5e8a8-d73d-4a2b-8d5c-ae2d80e6900d,Bachelors 4th year,,,vbyDnUDjDtHU4iAauqfqE5,0,0,0,1,9,Janakpurdham sub metropolitan,No,No,No,No,No,No,0,0,Answered,Missing: outside form routing,Answered,Answered,Missing: outside form routing,Missing: outside form routing,Missing: expected by form routing,Missing: outside form routing,Missing: outside form routing,Answered,Missing: outside form routing,Missing: outside form routing,Missing: outside form routing,Missing: outside form routing,Missing: outside form routing,Missing: outside form routing,Missing: outside form routing,Missing: outside form routing,Missing: outside form routing,Missing: outside form routing,No
713,858778995,0d6d3934-c792-48ae-a4d1-2fbe338c072d,Bachelors 4th year,,1,vbyDnUDjDtHU4iAauqfqE5,0,0,0,0,9,Janakpurdham sub metropolitan,No,No,No,No,No,No,0,0,Answered,Missing: outside form routing,Answered,Answered,Missing: outside form routing,Missing: outside form routing,Answered,Answered,Answered,Missing: outside form routing,Answered,Missing: outside form routing,Missing: outside form routing,Answered,Missing: outside form routing,Missing: outside form routing,Answered,Missing: outside form routing,Missing: outside form routing,Missing: outside form routing,No
714,858779001,6f33cb62-7964-4c5c-bb1b-2078934c7186,Bachelors 4th year,,1,vbyDnUDjDtHU4iAauqfqE5,0,0,0,0,9,Janakpurdham sub metropolitan,No,No,No,No,No,No,0,0,Answered,Missing: outside form routing,Answered,Answered,Missing: outside form routing,Missing: outside form routing,Answered,Missing: outside form routing,Missing: outside form routing,Answered,Answered,Answered,Missing: outside form routing,Missing: outside form routing,Missing: outside form routing,Missing: outside form routing,Answered,Answered,Missing: outside form routing,Missing: outside form routing,No
715,858779008,54d1948c-e338-4249-adb0-d5c9ab52d68c,Bachelors 4th year,,1,vbyDnUDjDtHU4iAauqfqE5,0,0,0,0,9,Janakpurdham sub metropolitan,No,No,No,No,No,No,0,0,Answered,Missing: outside form routing,Answered,Answered,Missing: outside form routing,Missing: outside form routing,Answered,Missing: outside form routing,Missing: outside form routing,Missing: outside form routing,Answered,Missing: outside form routing,Missing: outside form routing,Answered,Missing: outside form routing,Missing: outside form routing,Answered,Missing: outside form routing,Missing: outside form routing,Missing: outside form routing,No
716,858796310,b7c62fac-a173-4b2d-913c-bdcda7d54a64,Bachelors 1st year,,1,vbyDnUDjDtHU4iAauqfqE5,0,0,0,0,9,Biratnagar,No,No,No,No,No,No,0,0,Answered,Missing: outside form routing,Answered,Answered,Missing: outside form routing,Missing: outside form routing,Answered,Answered,Missing: outside form routing,Answered,Missing: outside form routing,Missing: outside form routing,Missing: outside form routing,Missing: outside form routing,Missing: outside form routing,Missing: outside form routing,Missing: outside form routing,Missing: outside form routing,Missing: outside form routing,Missing: outside form routing,No
717,858796313,04744531-e349-4cb1-8f0b-dcf011eb3547,Bachelors 1st year,,1,vbyDnUDjDtHU4iAauqfqE5,0,0,0,0,9,Biratnagar,No,No,No,No,No,No,0,0,Answered,Missing: outside form routing,Answered,Answered,Missing: outside form routing,Missing: outside form routing,Answered,Missing: outside form routing,Missing: outside form routing,Answered,Missing: outside form routing,Missing: outside form routing,Missing: outside form routing,Missing: outside form routing,Missing: outside form routing,Missing: outside form routing,Missing: outside form routing,Missing: outside form routing,Missing: outside form routing,Missing: outside form routing,No
718,858796316,7fd6f3cf-1881-4dfd-b4f4-66c2937e2cb7,Bachelors 1st year,,1,vbyDnUDjDtHU4iAauqfqE5,0,0,0,0,9,Biratnagar,No,No,No,No,No,No,0,0,Answered,Missing: outside form routing,Answered,Answered,Missing: outside form routing,Missing: outside form routing,Answered,Answered,Answered,Missing: outside form routing,Missing: outside form routing,Missing: outside form routing,Missing: outside form routing,Missing: outside form routing,Missing: outside form routing,Missing: outside form routing,Missing: outside form routing,Missing: outside form routing,Missing: outside form routing,Missing: outside form routing,No
719,858796323,7d195742-debe-4f66-9cce-91140a941d4e,Bachelors 1st year,,1,vbyDnUDjDtHU4iAauqfqE5,0,0,0,0,9,Biratnagar,No,No,No,No,No,No,0,0,Answered,Missing: outside form routing,Answered,Answered,Missing: outside form routing,Missing: outside form routing,Answered,Answered,Answered,Missing: outside form routing,Missing: outside form routing,Missing: outside form routing,Missing: outside form routing,Missing: outside form routing,Missing: outside form routing,Missing: outside form routing,Missing: outside form routing,Missing: outside form routing,Missing: outside form routing,Missing: outside form routing,No
720,858796331,84ba14a7-1144-4202-b30f-76c61b8365fd,Bachelors 4th year,,2,vbyDnUDjDtHU4iAauqfqE5,0,0,0,0,10,Biratnagar,No,No,No,No,No,No,0,0,Answered,Missing: outside form routing,Answered,Answered,Missing: outside form routing,Missing: outside form routing,Answered,Answered,Missing: outside form routing,Missing: outside form routing,Answered,Missing: outside form routing,Missing: outside form routing,Answered,Missing: outside form routing,Missing: outside form routing,Answered,Missing: outside form routing,Missing: outside form routing,Missing: outside form routing,No
721,858796339,ad04da05-57f9-40f3-a4f1-a991365d3e61,Masters 1st year,1,1,vbyDnUDjDtHU4iAauqfqE5,0,0,0,0,10,Biratnagar,No,No,No,No,No,No,0,0,Answered,Missing: outside form routing,Answered,Answered,Answered,Answered,Answered,Answered,Missing: outside form routing,Answered,Answered,Missing: outside form routing,Missing: outside form routing,Answered,Missing: outside form routing,Missing: outside form routing,Answered,Missing: outside form routing,Missing: outside form routing,Missing: outside form routing,No
722,858796351,3f95e106-2eea-4eef-ba1f-3c27bc653aae,Bachelors 1st year,,1,vbyDnUDjDtHU4iAauqfqE5,0,0,0,0,10,Biratnagar,No,No,No,No,No,No,0,0,Answered,Missing: outside form routing,Answered,Answered,Missing: outside form routing,Missing: outside form routing,Answered,Missing: outside form routing,Missing: outside form routing,Answered,Missing: outside form routing,Missing: outside form routing,Missing: outside form routing,Missing: outside form routing,Missing: outside form routing,Missing: outside form routing,Missing: outside form routing,Missing: outside form routing,Missing: outside form routing,Missing: outside form routing,No
723,858796364,c0cffb55-bc3f-4428-9817-500557e1a2d1,Bachelors 2nd year,,1,vbyDnUDjDtHU4iAauqfqE5,0,0,0,0,10,Biratnagar,No,No,No,No,No,No,0,0,Answered,Missing: outside form routing,Answered,Answered,Missing: outside form routing,Missing: outside form routing,Answered,Answered,Missing: outside form routing,Missing: outside form routing,Answered,Answered,Missing: outside form routing,Missing: outside form routing,Missing: outside form routing,Missing: outside form routing,Answered,Answered,Missing: outside form routing,Missing: outside form routing,No
724,858796368,d3e225a2-9ced-42db-ae0b-8f86f03e3fb5,Bachelors 1st year,,1,vbyDnUDjDtHU4iAauqfqE5,0,0,0,0,10,Biratnagar,No,No,No,No,No,No,0,0,Answered,Missing: outside form routing,Answered,Answered,Missing: outside form routing,Missing: outside form routing,Answered,Answered,Missing: outside form routing,Answered,Missing: outside form routing,Missing: outside form routing,Missing: outside form routing,Missing: outside form routing,Missing: outside form routing,Missing: outside form routing,Missing: outside form routing,Missing: outside form routing,Missing: outside form routing,Missing: outside form routing,No
725,858817189,5bc94f0a-f1f6-4b88-bd82-5023a8a35f4c,Bachelors 2nd year,,1,vbyDnUDjDtHU4iAauqfqE5,0,0,0,0,13,Siddharth Nagar nagarpalika,No,No,No,No,No,No,0,0,Answered,Missing: outside form routing,Answered,Answered,Missing: outside form routing,Missing: outside form routing,Answered,Answered,Missing: outside form routing,Answered,Missing: outside form routing,Missing: outside form routing,Missing: outside form routing,Missing: outside form routing,Missing: outside form routing,Missing: outside form routing,Missing: outside form routing,Missing: outside form routing,Missing: outside form routing,Missing: outside form routing,No
726,858817213,be43f99e-69ac-473a-a45e-252eaad4c8d6,Bachelors 3rd year,,1,vbyDnUDjDtHU4iAauqfqE5,0,0,0,0,13,Siddharth Nagar nagarpalika,No,No,No,No,No,No,0,0,Answered,Missing: outside form routing,Answered,Answered,Missing: outside form routing,Missing: outside form routing,Answered,Answered,Missing: outside form routing,Answered,Answered,Answered,Missing: outside form routing,Missing: outside form routing,Missing: outside form routing,Missing: outside form routing,Answered,Answered,Missing: outside form routing,Missing: outside form routing,No
727,858817239,016028b2-11a9-49a2-a611-c2bf9d8a7a8d,Bachelors 3rd year,,1,vbyDnUDjDtHU4iAauqfqE5,0,0,0,0,13,Siddharth Nagar nagarpalika,No,No,No,No,No,No,0,0,Answered,Missing: outside form routing,Answered,Answered,Missing: outside form routing,Missing: outside form routing,Answered,Missing: outside form routing,Answered,Missing: outside form routing,Answered,Missing: outside form routing,Missing: outside form routing,Answered,Missing: outside form routing,Missing: outside form routing,Answered,Missing: outside form routing,Missing: outside form routing,Missing: outside form routing,No
728,858817264,c831acb7-cdce-4115-ae0b-68fb4c37abbf,Bachelors 3rd year,,1,vbyDnUDjDtHU4iAauqfqE5,0,0,0,0,13,Siddharth Nagar nagarpalika,No,No,No,No,No,No,0,0,Answered,Missing: outside form routing,Answered,Answered,Missing: outside form routing,Missing: outside form routing,Answered,Missing: outside form routing,Answered,Missing: outside form routing,Answered,Answered,Missing: outside form routing,Missing: outside form routing,Missing: outside form routing,Missing: outside form routing,Answered,Missing: outside form routing,Missing: outside form routing,Missing: outside form routing,No
729,858819065,eafda7f5-d167-432a-a88d-df690db6603b,Bachelors 3rd year,,1,vbyDnUDjDtHU4iAauqfqE5,0,0,0,0,13,Siddhartha na pa,No,No,No,No,No,No,0,0,Answered,Missing: outside form routing,Answered,Answered,Missing: outside form routing,Missing: outside form routing,Answered,Missing: outside form routing,Missing: outside form routing,Answered,Missing: outside form routing,Missing: outside form routing,Missing: outside form routing,Missing: outside form routing,Missing: outside form routing,Missing: outside form routing,Missing: outside form routing,Missing: outside form routing,Missing: outside form routing,Missing: outside form routing,No
730,858819073,d796a86c-b616-476b-a728-0bbb796da063,Bachelors 4th year,,1,vbyDnUDjDtHU4iAauqfqE5,0,0,0,0,13,Siddhartha na pa,No,No,No,No,No,No,0,0,Answered,Missing: outside form routing,Answered,Answered,Missing: outside form routing,Missing: outside form routing,Answered,Missing: outside form routing,Answered,Missing: outside form routing,Answered,Missing: outside form routing,Missing: outside form routing,Answered,Missing: outside form routing,Missing: outside form routing,Answered,Missing: outside form routing,Missing: outside form routing,Missing: outside form routing,No
731,858819084,389e847f-1995-4ece-a38a-3e0b9e1ed07f,Bachelors 3rd year,,1,vbyDnUDjDtHU4iAauqfqE5,0,0,0,0,13,Siddhartha na pa,No,No,No,No,No,No,0,0,Answered,Missing: outside form routing,Answered,Answered,Missing: outside form routing,Missing: outside form routing,Answered,Missing: outside form routing,Missing: outside form routing,Answered,Missing: outside form routing,Missing: outside form routing,Missing: outside form routing,Missing: outside form routing,Missing: outside form routing,Missing: outside form routing,Missing: outside form routing,Missing: outside form routing,Missing: outside form routing,Missing: outside form routing,No
732,858819102,a19a4146-8355-44d1-b80e-52c5ce919b8d,Bachelors 3rd year,,1,vbyDnUDjDtHU4iAauqfqE5,0,0,0,0,13,Siddhartha na pa,No,No,No,No,No,No,0,0,Answered,Missing: outside form routing,Answered,Answered,Missing: outside form routing,Missing: outside form routing,Answered,Missing: outside form routing,Missing: outside form routing,Answered,Answered,Missing: outside form routing,Missing: outside form routing,Answered,Missing: outside form routing,Missing: outside form routing,Answered,Missing: outside form routing,Missing: outside form routing,Missing: outside form routing,No
733,858849388,f34bcfee-5204-4b4d-a228-547dd277c6f7,Masters 1st year,2,1,vbyDnUDjDtHU4iAauqfqE5,0,0,0,0,9,Tokha,No,No,No,No,No,No,0,0,Answered,Missing: outside form routing,Answered,Answered,Answered,Answered,Answered,Answered,Missing: outside form routing,Answered,Answered,Missing: outside form routing,Missing: outside form routing,Answered,Missing: outside form routing,Missing: outside form routing,Answered,Missing: outside form routing,Missing: outside form routing,Missing: outside form routing,No
734,858849398,f64f1a43-ccea-4155-aa94-8ca3875af4a0,Masters 2nd year,,1,vbyDnUDjDtHU4iAauqfqE5,0,0,0,0,9,Tokha,No,No,No,No,No,Yes,0,0,Answered,Missing: outside form routing,Answered,Answered,Answered,Missing: outside form routing,Answered,Missing: outside form routing,Missing: outside form routing,Answered,Answered,Missing: outside form routing,Missing: outside form routing,Answered,Missing: outside form routing,Missing: outside form routing,Answered,Missing: outside form routing,Missing: outside form routing,Missing: outside form routing,Yes
735,858849406,962ca2c7-ffc6-40ca-8ab0-45024a1673bb,Bachelors 1st year,,3,vbyDnUDjDtHU4iAauqfqE5,0,0,0,0,9,Tokha,No,No,No,No,No,No,0,0,Answered,Missing: outside form routing,Answered,Answered,Missing: outside form routing,Missing: outside form routing,Answered,Answered,Answered,Missing: outside form routing,Missing: outside form routing,Missing: outside form routing,Missing: outside form routing,Missing: outside form routing,Missing: outside form routing,Missing: outside form routing,Missing: outside form routing,Missing: outside form routing,Missing: outside form routing,Missing: outside form routing,No
736,858849414,e5dd072b-8b01-4cb3-83de-6e03a23f2261,Bachelors 4th year,,41,vbyDnUDjDtHU4iAauqfqE5,0,0,0,0,9,Tokha,No,No,No,No,No,No,0,0,Answered,Missing: outside form routing,Answered,Answered,Missing: outside form routing,Missing: outside form routing,Answered,Answered,Answered,Missing: outside form routing,Answered,Answered,Missing: outside form routing,Missing: outside form routing,Missing: outside form routing,Missing: outside form routing,Answered,Answered,Missing: outside form routing,Missing: outside form routing,No
737,858849419,2432fa8d-1bf0-4d55-bf13-df7f9d397454,Masters 1st year,2,1,vbyDnUDjDtHU4iAauqfqE5,0,0,0,0,9,Tokha,No,No,No,No,No,No,0,0,Answered,Missing: outside form routing,Answered,Answered,Answered,Answered,Answered,Missing: outside form routing,Missing: outside form routing,Answered,Answered,Missing: outside form routing,Missing: outside form routing,Answered,Missing: outside form routing,Missing: outside form routing,Answered,Missing: outside form routing,Missing: outside form routing,Missing: outside form routing,No
738,858849427,418b9672-688c-414e-af70-a23d35f42855,Bachelors 2nd year,,1,vbyDnUDjDtHU4iAauqfqE5,0,0,0,0,9,Tokha,No,No,No,No,No,No,0,0,Answered,Missing: outside form routing,Answered,Answered,Missing: outside form routing,Missing: outside form routing,Answered,Answered,Answered,Missing: outside form routing,Missing: outside form routing,Missing: outside form routing,Missing: outside form routing,Missing: outside form routing,Missing: outside form routing,Missing: outside form routing,Missing: outside form routing,Missing: outside form routing,Missing: outside form routing,Answered,No
739,858851087,0b783192-dd1c-4f8a-9600-882eaa720940,Bachelors 1st year,,1,vbyDnUDjDtHU4iAauqfqE5,0,0,0,1,,Kathmandu Mahanagar,No,No,No,No,No,No,0,0,Answered,Missing: outside form routing,Answered,Answered,Missing: outside form routing,Missing: outside form routing,Answered,Missing: outside form routing,Missing: outside form routing,Answered,Missing: outside form routing,Missing: outside form routing,Missing: outside form routing,Missing: outside form routing,Missing: outside form routing,Missing: outside form routing,Missing: outside form routing,Missing: outside form routing,Missing: outside form routing,Answered,No
740,858851100,8406dea9-073b-490a-b27b-99e1d00b927d,Bachelors 2nd year,,1,vbyDnUDjDtHU4iAauqfqE5,0,0,0,1,,Kathmandu Mahanagar,No,No,No,No,No,No,0,0,Answered,Missing: outside form routing,Answered,Answered,Missing: outside form routing,Missing: outside form routing,Answered,Answered,Missing: outside form routing,Missing: outside form routing,Answered,Answered,Missing: outside form routing,Missing: outside form routing,Missing: outside form routing,Missing: outside form routing,Answered,Answered,Missing: outside form routing,Missing: outside form routing,No
741,858851114,20844542-21fd-4755-965f-59b52e408f0f,Bachelors 1st year,,1,vbyDnUDjDtHU4iAauqfqE5,0,0,0,1,,Kathmandu Mahanagar,No,No,No,No,No,No,0,0,Answered,Missing: outside form routing,Answered,Answered,Missing: outside form routing,Missing: outside form routing,Answered,Missing: outside form routing,Answered,Missing: outside form routing,Missing: outside form routing,Missing: outside form routing,Missing: outside form routing,Missing: outside form routing,Missing: outside form routing,Missing: outside form routing,Missing: outside form routing,Missing: outside form routing,Missing: outside form routing,Answered,No
742,858851137,be82df2f-2a32-40b3-ad98-63b7dd23cfe3,Bachelors 3rd year,,5,vbyDnUDjDtHU4iAauqfqE5,0,0,0,1,,Kathmandu Mahanagar,No,No,No,No,No,No,0,0,Answered,Missing: outside form routing,Answered,Answered,Missing: outside form routing,Missing: outside form routing,Answered,Missing: outside form routing,Answered,Missing: outside form routing,Answered,Answered,Missing: outside form routing,Missing: outside form routing,Missing: outside form routing,Missing: outside form routing,Answered,Answered,Missing: outside form routing,Missing: outside form routing,No
743,858851144,6f7e30f3-6ac9-4015-b94d-b5da5c379d04,Bachelors 1st year,,41,vbyDnUDjDtHU4iAauqfqE5,0,0,0,1,,Kathmandu Mahanagar,No,No,No,No,No,No,0,0,Answered,Missing: outside form routing,Answered,Answered,Missing: outside form routing,Missing: outside form routing,Answered,Missing: outside form routing,Answered,Missing: outside form routing,Missing: outside form routing,Missing: outside form routing,Missing: outside form routing,Missing: outside form routing,Missing: outside form routing,Missing: outside form routing,Missing: outside form routing,Missing: outside form routing,Missing: outside form routing,Answered,No
744,859435844,5abf673d-db09-4439-b09f-3cebfefdfd8a,Bachelors 3rd year,,1,vbyDnUDjDtHU4iAauqfqE5,0,0,0,0,2,Janakpurdham sub metropolitan,No,No,No,No,No,No,0,0,Answered,Missing: outside form routing,Answered,Answered,Missing: outside form routing,Missing: outside form routing,Answered,Missing: outside form routing,Answered,Missing: outside form routing,Missing: outside form routing,Missing: outside form routing,Missing: outside form routing,Missing: outside form routing,Missing: outside form routing,Missing: outside form routing,Missing: outside form routing,Missing: outside form routing,Missing: outside form routing,Missing: outside form routing,No
745,859435872,ed1430c5-2466-4a3f-9a8c-5c61dc038ad5,Bachelors 3rd year,,1,vbyDnUDjDtHU4iAauqfqE5,0,0,0,0,2,Janakpurdham sub metropolitan,No,No,No,No,No,No,0,0,Answered,Missing: outside form routing,Answered,Answered,Missing: outside form routing,Missing: outside form routing,Answered,Missing: outside form routing,Missing: outside form routing,Answered,Answered,Answered,Missing: outside form routing,Missing: outside form routing,Missing: outside form routing,Missing: outside form routing,Answered,Answered,Missing: outside form routing,Missing: outside form routing,No
746,859435888,d6890dfc-db04-439d-8f5d-db505592d493,Bachelors 3rd year,,2,vbyDnUDjDtHU4iAauqfqE5,0,0,0,0,2,Janakpurdham sub metropolitan,No,No,No,No,No,No,0,0,Answered,Missing: outside form routing,Answered,Answered,Missing: outside form routing,Missing: outside form routing,Answered,Missing: outside form routing,Missing: outside form routing,Answered,Missing: outside form routing,Missing: outside form routing,Missing: outside form routing,Missing: outside form routing,Missing: outside form routing,Missing: outside form routing,Missing: outside form routing,Missing: outside form routing,Missing: outside form routing,Missing: outside form routing,No
747,859435946,16357f4a-f42a-421c-a944-27b2e025e818,Bachelors 2nd year,,1,vbyDnUDjDtHU4iAauqfqE5,0,0,0,0,2,Janakpurdham sub metropolitan,No,No,No,No,No,No,0,0,Answered,Missing: outside form routing,Answered,Answered,Missing: outside form routing,Missing: outside form routing,Answered,Answered,Answered,Missing: outside form routing,Missing: outside form routing,Missing: outside form routing,Missing: outside form routing,Missing: outside form routing,Missing: outside form routing,Missing: outside form routing,Missing: outside form routing,Missing: outside form routing,Missing: outside form routing,Missing: outside form routing,No
748,859436061,3b736b92-0bdc-48a3-a418-c8d464394c0b,Bachelors 2nd year,,1,vbyDnUDjDtHU4iAauqfqE5,0,0,0,0,2,Janakpurdham sub metropolitan,No,No,No,No,No,No,0,0,Answered,Missing: outside form routing,Answered,Answered,Missing: outside form routing,Missing: outside form routing,Answered,Answered,Answered,Missing: outside form routing,Missing: outside form routing,Missing: outside form routing,Missing: outside form routing,Missing: outside form routing,Missing: outside form routing,Missing: outside form routing,Missing: outside form routing,Missing: outside form routing,Missing: outside form routing,Missing: outside form routing,No
749,859436102,c175b13c-71cc-4092-9b3d-8d421f3408d2,Bachelors 2nd year,,1,vbyDnUDjDtHU4iAauqfqE5,0,0,0,0,2,Janakpurdham sub metropolitan,No,No,No,No,No,No,0,0,Answered,Missing: outside form routing,Answered,Answered,Missing: outside form routing,Missing: outside form routing,Answered,Missing: outside form routing,Missing: outside form routing,Answered,Missing: outside form routing,Missing: outside form routing,Missing: outside form routing,Missing: outside form routing,Missing: outside form routing,Missing: outside form routing,Missing: outside form routing,Missing: outside form routing,Missing: outside form routing,Missing: outside form routing,No
750,859436120,f8ce3854-51a4-465f-aa3e-16111d842780,Bachelors 3rd year,,1,vbyDnUDjDtHU4iAauqfqE5,0,0,0,0,2,Janakpurdham sub metropolitan,No,No,No,No,No,No,0,0,Answered,Missing: outside form routing,Answered,Answered,Missing: outside form routing,Missing: outside form routing,Answered,Missing: outside form routing,Missing: outside form routing,Answered,Missing: outside form routing,Missing: outside form routing,Missing: outside form routing,Missing: outside form routing,Missing: outside form routing,Missing: outside form routing,Missing: outside form routing,Missing: outside form routing,Missing: outside form routing,Missing: outside form routing,No
751,859436151,34851542-81f2-422c-9686-691226c97d56,Bachelors 2nd year,,1,vbyDnUDjDtHU4iAauqfqE5,0,0,0,0,2,Janakpurdham sub metropolitan,No,No,No,No,No,No,0,0,Answered,Missing: outside form routing,Answered,Answered,Missing: outside form routing,Missing: outside form routing,Answered,Answered,Missing: outside form routing,Answered,Answered,Missing: outside form routing,Missing: outside form routing,Answered,Missing: outside form routing,Missing: outside form routing,Answered,Missing: outside form routing,Missing: outside form routing,Missing: outside form routing,No
752,859436185,388462ae-97f2-4261-b0a1-6d9716399f06,Bachelors 2nd year,,1,vbyDnUDjDtHU4iAauqfqE5,0,0,0,0,2,Janakpurdham sub metropolitan,No,No,No,No,No,No,0,0,Answered,Missing: outside form routing,Answered,Answered,Missing: outside form routing,Missing: outside form routing,Answered,Missing: outside form routing,Answered,Missing: outside form routing,Missing: outside form routing,Missing: outside form routing,Missing: outside form routing,Missing: outside form routing,Missing: outside form routing,Missing: outside form routing,Missing: outside form routing,Missing: outside form routing,Missing: outside form routing,Missing: outside form routing,No
753,859436208,7a0cd39f-c749-4f8c-8005-b368a252c15a,Bachelors 3rd year,,1,vbyDnUDjDtHU4iAauqfqE5,0,0,0,0,2,Janakpurdham sub metropolitan,No,No,No,No,No,No,0,0,Answered,Missing: outside form routing,Answered,Answered,Missing: outside form routing,Missing: outside form routing,Answered,Missing: outside form routing,Missing: outside form routing,Missing: outside form routing,Missing: outside form routing,Missing: outside form routing,Missing: outside form routing,Missing: outside form routing,Missing: outside form routing,Missing: outside form routing,Missing: outside form routing,Missing: outside form routing,Missing: outside form routing,Missing: outside form routing,No
754,859436238,6ff654e1-a4ec-4197-a506-3263c04abb72,Bachelors 4th year,,1,vbyDnUDjDtHU4iAauqfqE5,0,0,0,0,2,Janakpurdham sub metropolitan,No,No,No,No,No,No,0,0,Answered,Missing: outside form routing,Answered,Answered,Missing: outside form routing,Missing: outside form routing,Answered,Missing: outside form routing,Missing: outside form routing,Answered,Answered,Answered,Missing: outside form routing,Missing: outside form routing,Missing: outside form routing,Missing: outside form routing,Answered,Answered,Missing: outside form routing,Missing: outside form routing,No
755,859441694,5525106d-4f3d-4e48-9d36-7bbe9c6d8bc8,Bachelors 1st year,,1,vbyDnUDjDtHU4iAauqfqE5,0,0,0,0,9,Biratnagar Mahanagar palika,No,No,No,No,No,No,0,0,Answered,Missing: outside form routing,Answered,Answered,Missing: outside form routing,Missing: outside form routing,Answered,Answered,Missing: outside form routing,Answered,Missing: outside form routing,Missing: outside form routing,Missing: outside form routing,Missing: outside form routing,Missing: outside form routing,Missing: outside form routing,Missing: outside form routing,Missing: outside form routing,Missing: outside form routing,Missing: outside form routing,No
756,859441706,59ff2ec7-e13b-4e65-8fff-5be1821bea07,Bachelors 3rd year,,1,vbyDnUDjDtHU4iAauqfqE5,0,0,0,0,9,Biratnagar Mahanagar palika,No,No,No,No,No,No,0,0,Answered,Missing: outside form routing,Answered,Answered,Missing: outside form routing,Missing: outside form routing,Answered,Answered,Answered,Missing: outside form routing,Answered,Missing: outside form routing,Missing: outside form routing,Answered,Missing: outside form routing,Missing: outside form routing,Answered,Missing: outside form routing,Missing: outside form routing,Missing: outside form routing,No
757,859444256,0aa5ccdf-95d9-4803-8aed-dfe0d4417e82,Bachelors 4th year,,1,vbyDnUDjDtHU4iAauqfqE5,0,0,0,0,29,Kathmandu Metropolitan,No,No,No,No,No,No,0,0,Answered,Missing: outside form routing,Answered,Answered,Missing: outside form routing,Missing: outside form routing,Answered,Answered,Answered,Missing: outside form routing,Answered,Missing: outside form routing,Missing: outside form routing,Answered,Missing: outside form routing,Missing: outside form routing,Answered,Missing: outside form routing,Missing: outside form routing,Missing: outside form routing,No
758,859444261,5d47d77a-56b9-4404-a1b6-d08af8791130,Bachelors 1st year,,1,vbyDnUDjDtHU4iAauqfqE5,0,0,0,0,29,Kathmandu Metropolitan,No,No,No,No,No,No,0,0,Answered,Missing: outside form routing,Answered,Answered,Missing: outside form routing,Missing: outside form routing,Answered,Missing: outside form routing,Missing: outside form routing,Missing: outside form routing,Missing: outside form routing,Missing: outside form routing,Missing: outside form routing,Missing: outside form routing,Missing: outside form routing,Missing: outside form routing,Missing: outside form routing,Missing: outside form routing,Missing: outside form routing,Missing: outside form routing,No
759,859444271,f21e089a-7e84-449c-b1c0-55d19ddb0af3,Bachelors 2nd year,,1,vbyDnUDjDtHU4iAauqfqE5,0,0,0,0,29,Kathmandu Mahanagar ,No,No,No,No,No,No,0,0,Answered,Missing: outside form routing,Answered,Answered,Missing: outside form routing,Missing: outside form routing,Answered,Missing: outside form routing,Missing: outside form routing,Answered,Answered,Answered,Missing: outside form routing,Missing: outside form routing,Missing: outside form routing,Missing: outside form routing,Answered,Answered,Missing: outside form routing,Missing: outside form routing,No
760,859444277,877917f3-be7a-4c49-a9ec-7559a97f2687,Masters 2nd year,,1,vbyDnUDjDtHU4iAauqfqE5,0,0,0,0,29,Kathmandu Mahanagar,No,No,No,No,No,Yes,0,0,Answered,Missing: outside form routing,Answered,Answered,Answered,Missing: outside form routing,Answered,Missing: outside form routing,Missing: outside form routing,Answered,Answered,Missing: outside form routing,Missing: outside form routing,Answered,Missing: outside form routing,Missing: outside form routing,Answered,Missing: outside form routing,Missing: outside form routing,Missing: outside form routing,Yes
761,859444283,d1e0860a-e3b9-4863-a789-0b8d5dae7fed,Bachelors 1st year,,2,vbyDnUDjDtHU4iAauqfqE5,0,0,0,0,29,Kathmandu Mahanagar,No,No,No,No,No,No,0,0,Answered,Missing: outside form routing,Answered,Answered,Missing: outside form routing,Missing: outside form routing,Answered,Missing: outside form routing,Missing: outside form routing,Answered,Missing: outside form routing,Missing: outside form routing,Missing: outside form routing,Missing: outside form routing,Missing: outside form routing,Missing: outside form routing,Missing: outside form routing,Missing: outside form routing,Missing: outside form routing,Missing: outside form routing,No
762,859453690,bae6cda5-8baf-4fa3-925f-00487e0c482d,Bachelors 1st year,,1,vbyDnUDjDtHU4iAauqfqE5,0,0,0,0,9,Biratnagar,No,No,No,No,No,No,0,0,Answered,Missing: outside form routing,Answered,Answered,Missing: outside form routing,Missing: outside form routing,Answered,Missing: outside form routing,Missing: outside form routing,Answered,Missing: outside form routing,Missing: outside form routing,Missing: outside form routing,Missing: outside form routing,Missing: outside form routing,Missing: outside form routing,Missing: outside form routing,Missing: outside form routing,Missing: outside form routing,Missing: outside form routing,No
763,859453698,4090f16f-6d09-4d54-9539-3b365fcb83d3,Bachelors 2nd year,,1,vbyDnUDjDtHU4iAauqfqE5,0,0,0,0,9,Biratnagar,No,No,No,No,No,No,0,0,Answered,Missing: outside form routing,Answered,Answered,Missing: outside form routing,Missing: outside form routing,Answered,Missing: outside form routing,Missing: outside form routing,Missing: outside form routing,Missing: outside form routing,Missing: outside form routing,Missing: outside form routing,Missing: outside form routing,Missing: outside form routing,Missing: outside form routing,Missing: outside form routing,Missing: outside form routing,Missing: outside form routing,Missing: outside form routing,No
764,859453712,9a80a83d-32e0-48db-8a50-6004bbb8f3c4,Bachelors 3rd year,,1,vbyDnUDjDtHU4iAauqfqE5,0,0,0,0,9,Biratnagar,No,No,No,No,No,No,0,0,Answered,Missing: outside form routing,Answered,Answered,Missing: outside form routing,Missing: outside form routing,Answered,Answered,Missing: outside form routing,Missing: outside form routing,Answered,Missing: outside form routing,Missing: outside form routing,Answered,Missing: outside form routing,Missing: outside form routing,Answered,Missing: outside form routing,Missing: outside form routing,Missing: outside form routing,No
765,859549252,06715cc8-d711-4cac-8cca-70074cd68123,Bachelors 4th year,,1,vbyDnUDjDtHU4iAauqfqE5,0,0,0,0,13,Siddharth Nagar nagarpalika,No,No,No,No,No,No,0,0,Answered,Missing: outside form routing,Answered,Answered,Missing: outside form routing,Missing: outside form routing,Answered,Missing: outside form routing,Missing: outside form routing,Answered,Answered,Missing: outside form routing,Missing: outside form routing,Answered,Missing: outside form routing,Missing: outside form routing,Answered,Missing: outside form routing,Missing: outside form routing,Missing: outside form routing,No
766,859549258,472bb88c-9845-43e4-b720-3719037ed81a,Masters 1st year,2,1,vbyDnUDjDtHU4iAauqfqE5,0,0,0,0,13,Siddharth Nagar nagarpalika,No,No,No,No,No,No,0,0,Answered,Missing: outside form routing,Answered,Answered,Answered,Answered,Answered,Answered,Answered,Missing: outside form routing,Answered,Missing: outside form routing,Missing: outside form routing,Answered,Missing: outside form routing,Missing: outside form routing,Answered,Missing: outside form routing,Missing: outside form routing,Missing: outside form routing,No
767,859549270,489e12d5-4f38-4676-b420-01015327f022,Bachelors 3rd year,,1,vbyDnUDjDtHU4iAauqfqE5,0,0,0,0,13,Siddharth Nagar nagarpalika,No,No,No,No,No,No,0,0,Answered,Missing: outside form routing,Answered,Answered,Missing: outside form routing,Missing: outside form routing,Answered,Missing: outside form routing,Missing: outside form routing,Answered,Answered,Missing: outside form routing,Missing: outside form routing,Missing: outside form routing,Missing: outside form routing,Missing: outside form routing,Answered,Missing: outside form routing,Missing: outside form routing,Missing: outside form routing,No
768,859571402,903a03ad-e7db-481a-bb00-ce89467d075e,Bachelors 1st year,,41,vbyDnUDjDtHU4iAauqfqE5,0,0,0,1,,Kathmandu mahanagar,No,No,No,No,No,No,0,0,Answered,Missing: outside form routing,Answered,Answered,Missing: outside form routing,Missing: outside form routing,Answered,Answered,Answered,Missing: outside form routing,Missing: outside form routing,Missing: outside form routing,Missing: outside form routing,Missing: outside form routing,Missing: outside form routing,Missing: outside form routing,Missing: outside form routing,Missing: outside form routing,Missing: outside form routing,Missing: outside form routing,No
769,859571407,ec5cd2bc-df94-49c6-b236-a828e774eafb,Bachelors 3rd year,,1,vbyDnUDjDtHU4iAauqfqE5,0,0,0,1,,Kathmandu mahanagar,No,No,No,No,No,No,0,0,Answered,Missing: outside form routing,Answered,Answered,Missing: outside form routing,Missing: outside form routing,Answered,Answered,Answered,Missing: outside form routing,Answered,Answered,Missing: outside form routing,Missing: outside form routing,Missing: outside form routing,Missing: outside form routing,Answered,Answered,Missing: outside form routing,Answered,No
770,859571412,fdecaed6-6aad-4d9b-b382-b2f629484e24,Masters 1st year,2,1,vbyDnUDjDtHU4iAauqfqE5,0,0,0,1,,Kathmandu Mahangar,No,No,No,No,No,No,0,0,Answered,Missing: outside form routing,Answered,Answered,Answered,Answered,Answered,Answered,Answered,Missing: outside form routing,Answered,Missing: outside form routing,Missing: outside form routing,Answered,Missing: outside form routing,Missing: outside form routing,Answered,Missing: outside form routing,Missing: outside form routing,Answered,No
771,859571417,51212589-80f9-49bd-8fc2-9ef9429f047a,Bachelors 2nd year,,3,vbyDnUDjDtHU4iAauqfqE5,0,0,0,1,,Kathmandu mahanagar,No,No,No,No,No,No,0,0,Answered,Missing: outside form routing,Answered,Answered,Missing: outside form routing,Missing: outside form routing,Answered,Answered,Missing: outside form routing,Missing: outside form routing,Answered,Answered,Missing: outside form routing,Missing: outside form routing,Missing: outside form routing,Missing: outside form routing,Answered,Answered,Missing: outside form routing,Missing: outside form routing,No
772,859571421,49c36701-6a2e-4f85-81fb-31955c165d2f,Bachelors 3rd year,,1,vbyDnUDjDtHU4iAauqfqE5,0,0,0,1,,Kathmandu mahanagar,No,No,No,No,No,No,0,0,Answered,Missing: outside form routing,Answered,Answered,Missing: outside form routing,Missing: outside form routing,Answered,Answered,Answered,Missing: outside form routing,Answered,Answered,Missing: outside form routing,Missing: outside form routing,Missing: outside form routing,Missing: outside form routing,Answered,Answered,Missing: outside form routing,Answered,No
773,860015082,e437fb9f-1e03-4ec9-af25-1b92f1da8758,Masters 1st year,2,1,vbyDnUDjDtHU4iAauqfqE5,0,0,0,0,13,Siddhartha nagar nagarpalika,No,No,No,No,No,No,0,0,Answered,Missing: outside form routing,Answered,Answered,Answered,Answered,Answered,Missing: outside form routing,Missing: outside form routing,Answered,Answered,Missing: outside form routing,Missing: outside form routing,Answered,Missing: outside form routing,Missing: outside form routing,Answered,Missing: outside form routing,Missing: outside form routing,Missing: outside form routing,No
774,860015094,205f4fb1-4e8a-4234-8ab5-381558befb19,Masters 1st year,2,1,vbyDnUDjDtHU4iAauqfqE5,0,0,0,0,13,Siddhartha nagar nagarpalika,No,No,No,No,No,No,0,0,Answered,Missing: outside form routing,Answered,Answered,Answered,Answered,Answered,Missing: outside form routing,Answered,Missing: outside form routing,Answered,Missing: outside form routing,Missing: outside form routing,Answered,Missing: outside form routing,Missing: outside form routing,Answered,Missing: outside form routing,Missing: outside form routing,Missing: outside form routing,No
775,860015100,07443461-e345-4bc6-a297-c2605512a6db,Masters 1st year,2,1,vbyDnUDjDtHU4iAauqfqE5,0,0,0,0,13,Siddharths nagar nagarpalika,No,No,No,No,No,No,0,0,Answered,Missing: outside form routing,Answered,Answered,Answered,Answered,Answered,Answered,Missing: outside form routing,Answered,Answered,Answered,Missing: outside form routing,Missing: outside form routing,Missing: outside form routing,Missing: outside form routing,Answered,Answered,Missing: outside form routing,Missing: outside form routing,No
776,860038566,45687afd-9303-407a-9805-de00fe7e89fe,Bachelors 4th year,,1,vbyDnUDjDtHU4iAauqfqE5,0,0,0,0,8,Siddhartha na pa,No,No,No,No,No,No,0,0,Answered,Missing: outside form routing,Answered,Answered,Missing: outside form routing,Missing: outside form routing,Answered,Missing: outside form routing,Answered,Missing: outside form routing,Answered,Missing: outside form routing,Missing: outside form routing,Answered,Missing: outside form routing,Missing: outside form routing,Answered,Missing: outside form routing,Missing: outside form routing,Missing: outside form routing,No
777,860038569,8d265821-6cf2-48be-a9f2-45ed72eca7b5,Bachelors 4th year,,2,vbyDnUDjDtHU4iAauqfqE5,0,0,0,0,8,Siddhartha na pa,No,No,No,No,No,No,0,0,Answered,Missing: outside form routing,Answered,Answered,Missing: outside form routing,Missing: outside form routing,Answered,Missing: outside form routing,Missing: outside form routing,Answered,Answered,Missing: outside form routing,Missing: outside form routing,Answered,Missing: outside form routing,Missing: outside form routing,Answered,Missing: outside form routing,Missing: outside form routing,Missing: outside form routing,No
778,860038577,6d429305-8759-4705-8d99-e053aff4d9ec,Bachelors 4th year,,1,vbyDnUDjDtHU4iAauqfqE5,0,0,0,0,8,Siddhartha na pa,No,No,No,No,No,No,0,0,Answered,Missing: outside form routing,Answered,Answered,Missing: outside form routing,Missing: outside form routing,Answered,Answered,Answered,Missing: outside form routing,Answered,Missing: outside form routing,Missing: outside form routing,Answered,Missing: outside form routing,Missing: outside form routing,Answered,Missing: outside form routing,Missing: outside form routing,Missing: outside form routing,No
779,860038584,7b77e2a4-be01-41a7-8a62-14140b1e4c9e,Bachelors 1st year,,1,vbyDnUDjDtHU4iAauqfqE5,0,0,0,0,8,Siddhartha na pa,No,No,No,No,No,No,0,0,Answered,Missing: outside form routing,Answered,Answered,Missing: outside form routing,Missing: outside form routing,Answered,Missing: outside form routing,Answered,Missing: outside form routing,Missing: outside form routing,Missing: outside form routing,Missing: outside form routing,Missing: outside form routing,Missing: outside form routing,Missing: outside form routing,Missing: outside form routing,Missing: outside form routing,Missing: outside form routing,Missing: outside form routing,No
780,860038587,49091007-e3c4-4d37-a852-a580e6a460a8,Bachelors 1st year,,1,vbyDnUDjDtHU4iAauqfqE5,0,0,0,0,8,Siddhartha na pa,No,No,No,No,No,No,0,0,Answered,Missing: outside form routing,Answered,Answered,Missing: outside form routing,Missing: outside form routing,Answered,Missing: outside form routing,Missing: outside form routing,Answered,Missing: outside form routing,Missing: outside form routing,Missing: outside form routing,Missing: outside form routing,Missing: outside form routing,Missing: outside form routing,Missing: outside form routing,Missing: outside form routing,Missing: outside form routing,Missing: outside form routing,No
781,860038590,6044e683-fef6-41c7-b6ae-1786b0854d40,Bachelors 1st year,,1,vbyDnUDjDtHU4iAauqfqE5,0,0,0,0,8,Siddhartha na pa,No,No,No,No,No,No,0,0,Answered,Missing: outside form routing,Answered,Answered,Missing: outside form routing,Missing: outside form routing,Answered,Missing: outside form routing,Answered,Missing: outside form routing,Missing: outside form routing,Missing: outside form routing,Missing: outside form routing,Missing: outside form routing,Missing: outside form routing,Missing: outside form routing,Missing: outside form routing,Missing: outside form routing,Missing: outside form routing,Missing: outside form routing,No
782,860038599,3492f988-6c6f-4fa3-b890-22daebc32db1,Bachelors 1st year,,1,vbyDnUDjDtHU4iAauqfqE5,0,0,0,0,8,Siddhartha na pa,No,No,No,No,No,No,0,0,Answered,Missing: outside form routing,Answered,Answered,Missing: outside form routing,Missing: outside form routing,Answered,Missing: outside form routing,Answered,Missing: outside form routing,Missing: outside form routing,Missing: outside form routing,Missing: outside form routing,Missing: outside form routing,Missing: outside form routing,Missing: outside form routing,Missing: outside form routing,Missing: outside form routing,Missing: outside form routing,Missing: outside form routing,No
783,860044845,a5aa5747-810a-4abb-84ab-10500e81b19f,Bachelors 1st year,,1,vbyDnUDjDtHU4iAauqfqE5,0,0,0,0,2,Janakpurdham sub metropolitan,No,No,No,No,No,No,0,0,Answered,Missing: outside form routing,Answered,Answered,Missing: outside form routing,Missing: outside form routing,Answered,Missing: outside form routing,Missing: outside form routing,Missing: outside form routing,Missing: outside form routing,Missing: outside form routing,Missing: outside form routing,Missing: outside form routing,Missing: outside form routing,Missing: outside form routing,Missing: outside form routing,Missing: outside form routing,Missing: outside form routing,Missing: outside form routing,No
784,860044853,9ec926d9-9007-4f79-86b6-6f9ea9123c83,Bachelors 1st year,,1,vbyDnUDjDtHU4iAauqfqE5,0,0,0,0,2,Janakpurdham sub metropolitan,No,No,No,No,No,No,0,0,Answered,Missing: outside form routing,Answered,Answered,Missing: outside form routing,Missing: outside form routing,Answered,Answered,Answered,Missing: outside form routing,Missing: outside form routing,Missing: outside form routing,Missing: outside form routing,Missing: outside form routing,Missing: outside form routing,Missing: outside form routing,Missing: outside form routing,Missing: outside form routing,Missing: outside form routing,Missing: outside form routing,No
785,860044872,ab92b34d-8099-46f3-8aed-9b6bdc0a9440,Bachelors 2nd year,,1,vbyDnUDjDtHU4iAauqfqE5,0,0,0,0,2,Janakpurdham sub metropolitan,No,No,No,No,No,No,0,0,Answered,Missing: outside form routing,Answered,Answered,Missing: outside form routing,Missing: outside form routing,Answered,Missing: outside form routing,Missing: outside form routing,Answered,Missing: outside form routing,Missing: outside form routing,Missing: outside form routing,Missing: outside form routing,Missing: outside form routing,Missing: outside form routing,Missing: outside form routing,Missing: outside form routing,Missing: outside form routing,Missing: outside form routing,No
786,860044880,7f58f974-8ada-4704-8243-833f6b4e6242,Bachelors 4th year,,1,vbyDnUDjDtHU4iAauqfqE5,0,0,0,0,2,Janakpurdham sub metropolitan,No,No,No,No,No,No,0,0,Answered,Missing: outside form routing,Answered,Answered,Missing: outside form routing,Missing: outside form routing,Answered,Answered,Missing: outside form routing,Missing: outside form routing,Answered,Missing: outside form routing,Missing: outside form routing,Answered,Missing: outside form routing,Missing: outside form routing,Answered,Missing: outside form routing,Missing: outside form routing,Missing: outside form routing,No
787,860044884,5df8bd59-e7f5-45fb-aa6a-a9f83dd8841c,Bachelors 4th year,,2,vbyDnUDjDtHU4iAauqfqE5,0,0,0,0,8,Siddhartha nagar nagarpalika,No,No,No,No,No,No,0,0,Answered,Missing: outside form routing,Answered,Answered,Missing: outside form routing,Missing: outside form routing,Answered,Missing: outside form routing,Missing: outside form routing,Answered,Answered,Answered,Missing: outside form routing,Missing: outside form routing,Missing: outside form routing,Missing: outside form routing,Answered,Answered,Missing: outside form routing,Missing: outside form routing,No
788,860044890,246a8a3b-db22-42a9-848e-4268c318206f,Bachelors 4th year,,1,vbyDnUDjDtHU4iAauqfqE5,0,0,0,0,2,Janakpurdham sub metropolitan,No,No,No,No,No,No,0,0,Answered,Missing: outside form routing,Answered,Answered,Missing: outside form routing,Missing: outside form routing,Answered,Missing: outside form routing,Missing: outside form routing,Missing: outside form routing,Answered,Answered,Missing: outside form routing,Missing: outside form routing,Missing: outside form routing,Missing: outside form routing,Answered,Answered,Missing: outside form routing,Missing: outside form routing,No
789,860044893,49972c41-06ae-4275-a9fe-cfd380987c39,Bachelors 4th year,,1,vbyDnUDjDtHU4iAauqfqE5,0,0,0,0,8,Siddhartha nagar nagarpalika,No,No,No,No,No,No,0,0,Answered,Missing: outside form routing,Answered,Answered,Missing: outside form routing,Missing: outside form routing,Answered,Answered,Missing: outside form routing,Answered,Answered,Missing: outside form routing,Missing: outside form routing,Answered,Missing: outside form routing,Missing: outside form routing,Answered,Missing: outside form routing,Missing: outside form routing,Missing: outside form routing,No
790,860044897,5960241c-3aa7-40e7-a888-e94ce12b0b7c,Bachelors 4th year,,1,vbyDnUDjDtHU4iAauqfqE5,0,0,0,0,2,Janakpurdham sub metropolitan,No,No,No,No,No,No,0,0,Answered,Missing: outside form routing,Answered,Answered,Missing: outside form routing,Missing: outside form routing,Answered,Missing: outside form routing,Missing: outside form routing,Missing: outside form routing,Answered,Missing: outside form routing,Missing: outside form routing,Answered,Missing: outside form routing,Missing: outside form routing,Answered,Missing: outside form routing,Missing: outside form routing,Missing: outside form routing,No
791,860044900,39ec8a96-345f-4c39-95d9-b1c79af5cb14,Bachelors 4th year,,2,vbyDnUDjDtHU4iAauqfqE5,0,0,0,0,8,Siddhartha nagar,No,No,No,No,No,No,0,0,Answered,Missing: outside form routing,Answered,Answered,Missing: outside form routing,Missing: outside form routing,Answered,Missing: outside form routing,Missing: outside form routing,Answered,Missing: outside form routing,Missing: outside form routing,Missing: outside form routing,Missing: outside form routing,Missing: outside form routing,Missing: outside form routing,Missing: outside form routing,Missing: outside form routing,Missing: outside form routing,Missing: outside form routing,No
792,860044905,108fb5e0-0227-498f-8e59-643ced92926d,Bachelors 3rd year,,1,vbyDnUDjDtHU4iAauqfqE5,0,0,0,0,2,Janakpurdham sub metropolitan,No,No,No,No,No,No,0,0,Answered,Missing: outside form routing,Answered,Answered,Missing: outside form routing,Missing: outside form routing,Answered,Missing: outside form routing,Answered,Missing: outside form routing,Missing: outside form routing,Missing: outside form routing,Missing: outside form routing,Missing: outside form routing,Missing: outside form routing,Missing: outside form routing,Missing: outside form routing,Missing: outside form routing,Missing: outside form routing,Missing: outside form routing,No
793,860044908,e2bc2196-1be8-489f-a92b-a4db8879e549,Bachelors 4th year,,1,vbyDnUDjDtHU4iAauqfqE5,0,0,0,0,8,Siddhartha nagar nagarpalika,No,No,No,No,No,No,0,0,Answered,Missing: outside form routing,Answered,Answered,Missing: outside form routing,Missing: outside form routing,Answered,Missing: outside form routing,Missing: outside form routing,Answered,Answered,Answered,Missing: outside form routing,Missing: outside form routing,Missing: outside form routing,Missing: outside form routing,Answered,Answered,Missing: outside form routing,Missing: outside form routing,No
794,860044915,0e5dc521-1d2b-4bc0-916a-e7fd94998e47,Bachelors 4th year,,1,vbyDnUDjDtHU4iAauqfqE5,0,0,0,0,2,Janakpurdham sub metropolitan,No,No,No,No,No,No,0,0,Answered,Missing: outside form routing,Answered,Answered,Missing: outside form routing,Missing: outside form routing,Answered,Answered,Answered,Missing: outside form routing,Answered,Missing: outside form routing,Missing: outside form routing,Answered,Missing: outside form routing,Missing: outside form routing,Answered,Missing: outside form routing,Missing: outside form routing,Missing: outside form routing,No
795,860044923,43585df8-1bd3-4b4b-bd2f-bbbb48cf4b2f,Bachelors 2nd year,,2,vbyDnUDjDtHU4iAauqfqE5,0,0,0,0,2,Janakpurdham sub metropolitan,No,No,No,No,No,No,0,0,Answered,Missing: outside form routing,Answered,Answered,Missing: outside form routing,Missing: outside form routing,Answered,Answered,Missing: outside form routing,Answered,Missing: outside form routing,Missing: outside form routing,Missing: outside form routing,Missing: outside form routing,Missing: outside form routing,Missing: outside form routing,Missing: outside form routing,Missing: outside form routing,Missing: outside form routing,Missing: outside form routing,No
796,860044927,b2b2d247-4fd2-440b-9cf0-6dd862916c78,Bachelors 2nd year,,1,vbyDnUDjDtHU4iAauqfqE5,0,0,0,0,2,Janakpurdham sub metropolitan,No,No,No,No,No,No,0,0,Answered,Missing: outside form routing,Answered,Answered,Missing: outside form routing,Missing: outside form routing,Answered,Missing: outside form routing,Missing: outside form routing,Answered,Missing: outside form routing,Missing: outside form routing,Missing: outside form routing,Missing: outside form routing,Missing: outside form routing,Missing: outside form routing,Missing: outside form routing,Missing: outside form routing,Missing: outside form routing,Missing: outside form routing,No
797,860046094,fb4ea5fd-9b0d-48d4-ac6d-75c5dd211104,Bachelors 2nd year,,1,vbyDnUDjDtHU4iAauqfqE5,0,0,0,0,29,Kathmandu Mahanagar,No,No,No,No,No,No,0,0,Answered,Missing: outside form routing,Answered,Answered,Missing: outside form routing,Missing: outside form routing,Answered,Answered,Answered,Missing: outside form routing,Answered,Answered,Missing: outside form routing,Missing: outside form routing,Missing: outside form routing,Missing: outside form routing,Answered,Answered,Missing: outside form routing,Missing: outside form routing,No
798,860046098,6daf7c4a-2c03-42a4-a6e7-6c0bd9eb6d2b,Bachelors 2nd year,,1,vbyDnUDjDtHU4iAauqfqE5,0,0,0,0,29,Kathmandu Mahanagar,No,No,No,No,No,No,0,0,Answered,Missing: outside form routing,Answered,Answered,Missing: outside form routing,Missing: outside form routing,Answered,Answered,Answered,Missing: outside form routing,Answered,Answered,Missing: outside form routing,Missing: outside form routing,Missing: outside form routing,Missing: outside form routing,Answered,Answered,Missing: outside form routing,Answered,No
799,860046101,5462f1ce-fc41-43a3-9815-fb951cfd635d,Masters 1st year,2,1,vbyDnUDjDtHU4iAauqfqE5,0,0,0,0,29,Kathmandu mahanagar,No,No,No,No,No,No,0,0,Answered,Missing: outside form routing,Answered,Answered,Answered,Answered,Answered,Missing: outside form routing,Missing: outside form routing,Answered,Answered,Missing: outside form routing,Missing: outside form routing,Answered,Missing: outside form routing,Missing: outside form routing,Answered,Missing: outside form routing,Missing: outside form routing,Missing: outside form routing,No
800,860046105,b6867bbc-b938-4c83-9837-dce8102d5d3f,Masters 2nd year,,41,vbyDnUDjDtHU4iAauqfqE5,0,0,0,0,29,Kathmandu mahanagar,No,No,No,No,No,Yes,0,0,Answered,Missing: outside form routing,Answered,Answered,Answered,Missing: outside form routing,Answered,Answered,Answered,Missing: outside form routing,Answered,Answered,Missing: outside form routing,Missing: outside form routing,Missing: outside form routing,Missing: outside form routing,Answered,Answered,Missing: outside form routing,Answered,Yes
801,860046111,b4837194-8cfa-4c87-bd91-3fa9411282d3,Bachelors 4th year,,41,vbyDnUDjDtHU4iAauqfqE5,0,0,0,0,29,Kathmandu Mahanagar,No,No,No,No,No,No,0,0,Answered,Missing: outside form routing,Answered,Answered,Missing: outside form routing,Missing: outside form routing,Answered,Answered,Answered,Missing: outside form routing,Answered,Missing: outside form routing,Missing: outside form routing,Answered,Missing: outside form routing,Missing: outside form routing,Answered,Missing: outside form routing,Missing: outside form routing,Missing: outside form routing,No
802,860049637,477cda29-cae5-4ab9-b0f4-eb73b2113aa3,Masters 1st year,2,1,vbyDnUDjDtHU4iAauqfqE5,0,0,0,0,5,Dhangadi,No,No,No,No,No,No,0,0,Answered,Missing: outside form routing,Answered,Answered,Answered,Answered,Answered,Answered,Answered,Missing: outside form routing,Answered,Missing: outside form routing,Missing: outside form routing,Answered,Missing: outside form routing,Missing: outside form routing,Answered,Missing: outside form routing,Missing: outside form routing,Missing: outside form routing,No
803,860049641,73627ebe-a604-4658-a328-dd3d287efc68,Bachelors 2nd year,,1,vbyDnUDjDtHU4iAauqfqE5,0,0,0,0,5,Dhangadi,No,No,No,No,No,No,0,0,Answered,Missing: outside form routing,Answered,Answered,Missing: outside form routing,Missing: outside form routing,Answered,Answered,Missing: outside form routing,Answered,Missing: outside form routing,Missing: outside form routing,Missing: outside form routing,Missing: outside form routing,Missing: outside form routing,Missing: outside form routing,Missing: outside form routing,Missing: outside form routing,Missing: outside form routing,Answered,No
804,860049646,77bee458-accc-46b2-8d4f-0a43665e6526,Masters 1st year,2,1,vbyDnUDjDtHU4iAauqfqE5,0,0,0,0,5,Dhangadi,No,No,No,No,No,No,0,0,Answered,Missing: outside form routing,Answered,Answered,Answered,Answered,Answered,Missing: outside form routing,Missing: outside form routing,Answered,Answered,Answered,Answered,Missing: outside form routing,Missing: outside form routing,Missing: outside form routing,Answered,Answered,Answered,Missing: outside form routing,No
805,860049654,abf33333-dfbb-4c74-b346-e581efeb954e,Masters 1st year,2,1,vbyDnUDjDtHU4iAauqfqE5,0,0,0,0,5,Dhangadi,No,No,No,No,No,No,0,0,Answered,Missing: outside form routing,Answered,Answered,Answered,Answered,Answered,Missing: outside form routing,Missing: outside form routing,Answered,Answered,Missing: outside form routing,Missing: outside form routing,Answered,Missing: outside form routing,Missing: outside form routing,Answered,Missing: outside form routing,Missing: outside form routing,Missing: outside form routing,No
806,860067679,fd4c5b81-f929-4d94-8ab5-0ca0b4afe23b,Bachelors 2nd year,,1,vbyDnUDjDtHU4iAauqfqE5,0,0,0,0,05,Dhangadi,No,No,No,No,No,No,0,0,Answered,Missing: outside form routing,Answered,Answered,Missing: outside form routing,Missing: outside form routing,Answered,Missing: outside form routing,Answered,Missing: outside form routing,Answered,Missing: outside form routing,Missing: outside form routing,Answered,Answered,Missing: outside form routing,Answered,Answered,Missing: outside form routing,Missing: outside form routing,No
807,860067692,f92d9d9a-391e-40d0-8b23-8f7daafa94d7,Bachelors 1st year,,1,vbyDnUDjDtHU4iAauqfqE5,0,0,0,0,05,Dhangadi,No,No,No,No,No,No,0,0,Answered,Missing: outside form routing,Answered,Answered,Missing: outside form routing,Missing: outside form routing,Answered,Answered,Missing: outside form routing,Missing: outside form routing,Missing: outside form routing,Missing: outside form routing,Missing: outside form routing,Missing: outside form routing,Missing: outside form routing,Missing: outside form routing,Missing: outside form routing,Missing: outside form routing,Missing: outside form routing,Missing: outside form routing,No
808,860067698,d92f0919-4e7f-478e-b9af-1d7805e2ccc3,Bachelors 2nd year,,1,vbyDnUDjDtHU4iAauqfqE5,0,0,0,0,05,Dhangadi,No,No,No,No,No,No,0,0,Answered,Missing: outside form routing,Answered,Answered,Missing: outside form routing,Missing: outside form routing,Answered,Missing: outside form routing,Missing: outside form routing,Answered,Missing: outside form routing,Missing: outside form routing,Missing: outside form routing,Missing: outside form routing,Missing: outside form routing,Missing: outside form routing,Missing: outside form routing,Missing: outside form routing,Missing: outside form routing,Missing: outside form routing,No
809,860103500,c4fd9850-9a04-471b-8a84-6d0e70dd6622,Bachelors 2nd year,,1,vbyDnUDjDtHU4iAauqfqE5,0,0,0,0,8,Siddhartha Nagar nagarpalika,No,No,No,No,No,No,0,0,Answered,Missing: outside form routing,Answered,Answered,Missing: outside form routing,Missing: outside form routing,Answered,Missing: outside form routing,Missing: outside form routing,Answered,Missing: outside form routing,Missing: outside form routing,Missing: outside form routing,Missing: outside form routing,Missing: outside form routing,Missing: outside form routing,Missing: outside form routing,Missing: outside form routing,Missing: outside form routing,Missing: outside form routing,No
810,860103503,d80e6d0d-5d97-48e5-b092-14cf607a8caa,Bachelors 2nd year,,1,vbyDnUDjDtHU4iAauqfqE5,0,0,0,0,8,Siddhartha nagar nagarpalika,No,No,No,No,No,No,0,0,Answered,Missing: outside form routing,Answered,Answered,Missing: outside form routing,Missing: outside form routing,Answered,Answered,Answered,Missing: outside form routing,Answered,Answered,Missing: outside form routing,Missing: outside form routing,Missing: outside form routing,Missing: outside form routing,Answered,Answered,Missing: outside form routing,Missing: outside form routing,No
811,860103512,1bce887f-594b-4cf9-879e-5716ce95df21,Bachelors 1st year,,1,vbyDnUDjDtHU4iAauqfqE5,0,0,0,0,8,Siddhartha nagar nagarpalika ,No,No,No,No,No,No,0,0,Answered,Missing: outside form routing,Answered,Answered,Missing: outside form routing,Missing: outside form routing,Answered,Missing: outside form routing,Missing: outside form routing,Missing: outside form routing,Missing: outside form routing,Missing: outside form routing,Missing: outside form routing,Missing: outside form routing,Missing: outside form routing,Missing: outside form routing,Missing: outside form routing,Missing: outside form routing,Missing: outside form routing,Missing: outside form routing,No
812,860103518,d93c42a8-d2ad-4c09-91b9-43d6da6086a7,Bachelors 1st year,,1,vbyDnUDjDtHU4iAauqfqE5,0,0,0,0,8,Siddhartha nagar nagarpalika ,No,No,No,No,No,No,0,0,Answered,Missing: outside form routing,Answered,Answered,Missing: outside form routing,Missing: outside form routing,Answered,Answered,Missing: outside form routing,Answered,Missing: outside form routing,Missing: outside form routing,Missing: outside form routing,Missing: outside form routing,Missing: outside form routing,Missing: outside form routing,Missing: outside form routing,Missing: outside form routing,Missing: outside form routing,Missing: outside form routing,No
813,860158004,fc0d7fc5-d679-4495-b1b0-2bb7fd81d678,Masters 2nd year,,3,vbyDnUDjDtHU4iAauqfqE5,0,0,0,0,4,tokha,No,No,No,No,No,Yes,0,0,Answered,Missing: outside form routing,Answered,Answered,Answered,Missing: outside form routing,Answered,Answered,Missing: outside form routing,Answered,Answered,Missing: outside form routing,Missing: outside form routing,Answered,Missing: outside form routing,Missing: outside form routing,Answered,Missing: outside form routing,Missing: outside form routing,Missing: outside form routing,Yes
814,860158014,5d3d153b-34b2-4dc8-abbf-26ceb2513fe7,Masters 2nd year,,1,vbyDnUDjDtHU4iAauqfqE5,0,0,0,1,,Kathmandu mahanagar,No,No,No,No,No,Yes,0,0,Answered,Missing: outside form routing,Answered,Answered,Answered,Missing: outside form routing,Answered,Answered,Missing: outside form routing,Answered,Answered,Answered,Missing: outside form routing,Missing: outside form routing,Missing: outside form routing,Missing: outside form routing,Answered,Answered,Missing: outside form routing,Answered,Yes
815,860158019,285a0219-1790-4f55-927c-fcacc7757cc7,Bachelors 4th year,,1,vbyDnUDjDtHU4iAauqfqE5,0,0,0,0,4,tokha,No,No,No,No,No,No,0,0,Answered,Missing: outside form routing,Answered,Answered,Missing: outside form routing,Missing: outside form routing,Answered,Answered,Answered,Missing: outside form routing,Answered,Answered,Missing: outside form routing,Missing: outside form routing,Missing: outside form routing,Missing: outside form routing,Answered,Answered,Missing: outside form routing,Answered,No
816,860158023,fc9f1dbe-0529-4b89-ac61-18463a092c12,Bachelors 4th year,,1,vbyDnUDjDtHU4iAauqfqE5,0,0,0,1,,Kathmandu Mahangar,No,No,No,No,No,No,0,0,Answered,Missing: outside form routing,Answered,Answered,Missing: outside form routing,Missing: outside form routing,Answered,Missing: outside form routing,Answered,Missing: outside form routing,Answered,Missing: outside form routing,Missing: outside form routing,Answered,Missing: outside form routing,Missing: outside form routing,Answered,Missing: outside form routing,Missing: outside form routing,Missing: outside form routing,No
817,860158027,4819001e-584f-43f1-8e1d-f562957444b4,Bachelors 1st year,,5,vbyDnUDjDtHU4iAauqfqE5,0,0,0,1,,Kathmandu Mahanagar,No,No,No,No,No,No,0,0,Answered,Missing: outside form routing,Answered,Answered,Missing: outside form routing,Missing: outside form routing,Answered,Missing: outside form routing,Answered,Missing: outside form routing,Missing: outside form routing,Missing: outside form routing,Missing: outside form routing,Missing: outside form routing,Missing: outside form routing,Missing: outside form routing,Missing: outside form routing,Missing: outside form routing,Missing: outside form routing,Answered,No
818,860743649,9aee9d46-9f02-4dde-b58d-e1db7f6fe4fa,Bachelors 4th year,,1,vbyDnUDjDtHU4iAauqfqE5,0,0,0,0,2,Janakpurdham sub metropolitan,No,No,No,No,No,No,0,0,Answered,Missing: outside form routing,Answered,Answered,Missing: outside form routing,Missing: outside form routing,Answered,Missing: outside form routing,Answered,Missing: outside form routing,Answered,Answered,Missing: outside form routing,Missing: outside form routing,Missing: outside form routing,Missing: outside form routing,Answered,Answered,Missing: outside form routing,Missing: outside form routing,No
819,860743660,1d95fe13-7852-428c-83b5-97a24a4910b8,Bachelors 4th year,,1,vbyDnUDjDtHU4iAauqfqE5,0,0,0,0,2,Janakpurdham sub metropolitan,No,No,No,No,No,No,0,0,Answered,Missing: outside form routing,Answered,Answered,Missing: outside form routing,Missing: outside form routing,Answered,Missing: outside form routing,Missing: outside form routing,Answered,Missing: outside form routing,Missing: outside form routing,Missing: outside form routing,Missing: outside form routing,Missing: outside form routing,Missing: outside form routing,Missing: outside form routing,Missing: outside form routing,Missing: outside form routing,Missing: outside form routing,No
820,860743673,d2117a5c-0d40-4a44-b1f4-f7d9b373be11,Bachelors 3rd year,,1,vbyDnUDjDtHU4iAauqfqE5,0,0,0,0,2,Janakpurdham sub metropolitan,No,No,No,No,No,No,0,0,Answered,Missing: outside form routing,Answered,Answered,Missing: outside form routing,Missing: outside form routing,Answered,Missing: outside form routing,Missing: outside form routing,Answered,Missing: outside form routing,Missing: outside form routing,Missing: outside form routing,Missing: outside form routing,Missing: outside form routing,Missing: outside form routing,Missing: outside form routing,Missing: outside form routing,Missing: outside form routing,Missing: outside form routing,No
821,860743690,e1a49c05-6292-4403-b8ad-bd587e10794a,Bachelors 4th year,,1,vbyDnUDjDtHU4iAauqfqE5,0,0,0,0,2,Janakpurdham sub metropolitan,No,No,No,No,No,No,0,0,Answered,Missing: outside form routing,Answered,Answered,Missing: outside form routing,Missing: outside form routing,Answered,Missing: outside form routing,Answered,Missing: outside form routing,Answered,Missing: outside form routing,Missing: outside form routing,Answered,Missing: outside form routing,Missing: outside form routing,Answered,Missing: outside form routing,Missing: outside form routing,Missing: outside form routing,No
822,860743709,9a499f4f-d7d4-400d-a656-2874dfcb9470,Bachelors 1st year,,1,vbyDnUDjDtHU4iAauqfqE5,0,0,0,0,2,Janakpurdham sub metropolitan,No,No,No,No,No,No,0,0,Answered,Missing: outside form routing,Answered,Answered,Missing: outside form routing,Missing: outside form routing,Answered,Answered,Missing: outside form routing,Answered,Missing: outside form routing,Missing: outside form routing,Missing: outside form routing,Missing: outside form routing,Missing: outside form routing,Missing: outside form routing,Missing: outside form routing,Missing: outside form routing,Missing: outside form routing,Missing: outside form routing,No
823,860743718,7327b10b-1829-4f49-8bce-4f3fce1d4d2b,Bachelors 3rd year,,1,vbyDnUDjDtHU4iAauqfqE5,0,0,0,0,2,Janakpurdham sub metropolitan,No,No,No,No,No,No,0,0,Answered,Missing: outside form routing,Answered,Answered,Missing: outside form routing,Missing: outside form routing,Answered,Missing: outside form routing,Missing: outside form routing,Missing: outside form routing,Missing: outside form routing,Missing: outside form routing,Missing: outside form routing,Missing: outside form routing,Missing: outside form routing,Missing: outside form routing,Missing: outside form routing,Missing: outside form routing,Missing: outside form routing,Missing: outside form routing,No
824,860743726,bda60085-a272-420f-bb23-377cfab6a03f,Bachelors 3rd year,,1,vbyDnUDjDtHU4iAauqfqE5,0,0,0,0,2,Janakpurdham sub metropolitan,No,No,No,No,No,No,0,0,Answered,Missing: outside form routing,Answered,Answered,Missing: outside form routing,Missing: outside form routing,Answered,Missing: outside form routing,Answered,Missing: outside form routing,Answered,Missing: outside form routing,Missing: outside form routing,Missing: outside form routing,Missing: outside form routing,Missing: outside form routing,Answered,Missing: outside form routing,Missing: outside form routing,Missing: outside form routing,No
825,860743744,4b3e4d8c-386f-4a02-8e28-958ee9dcf1a3,Bachelors 3rd year,,1,vbyDnUDjDtHU4iAauqfqE5,0,0,0,0,2,Janakpurdham sub metropolitan,No,No,No,No,No,No,0,0,Answered,Missing: outside form routing,Answered,Answered,Missing: outside form routing,Missing: outside form routing,Answered,Answered,Answered,Missing: outside form routing,Missing: outside form routing,Missing: outside form routing,Missing: outside form routing,Missing: outside form routing,Missing: outside form routing,Missing: outside form routing,Missing: outside form routing,Missing: outside form routing,Missing: outside form routing,Missing: outside form routing,No
826,860743759,e4000a5e-3b3a-4cdb-8a3c-846c6abf25c1,Bachelors 4th year,,1,vbyDnUDjDtHU4iAauqfqE5,0,0,0,0,2,Janakpurdham sub metropolitan,No,No,No,No,No,No,0,0,Answered,Missing: outside form routing,Answered,Answered,Missing: outside form routing,Missing: outside form routing,Answered,Missing: outside form routing,Answered,Missing: outside form routing,Answered,Answered,Missing: outside form routing,Missing: outside form routing,Missing: outside form routing,Missing: outside form routing,Answered,Answered,Missing: outside form routing,Missing: outside form routing,No
827,860743767,aaec8d3d-41bc-44ee-801f-2d294a5a7d0d,Bachelors 4th year,,1,vbyDnUDjDtHU4iAauqfqE5,0,0,0,0,2,Janakpurdham sub metropolitan,No,No,No,No,No,No,0,0,Answered,Missing: outside form routing,Answered,Answered,Missing: outside form routing,Missing: outside form routing,Answered,Missing: outside form routing,Answered,Missing: outside form routing,Answered,Missing: outside form routing,Missing: outside form routing,Answered,Missing: outside form routing,Missing: outside form routing,Answered,Missing: outside form routing,Missing: outside form routing,Missing: outside form routing,No
828,860998238,d712b6bc-ae1d-4bfe-a8ba-12d57ed4807c,Bachelors 3rd year,,1,vbyDnUDjDtHU4iAauqfqE5,0,0,0,1,,Tarkeshwor,No,No,No,No,No,No,0,0,Answered,Missing: outside form routing,Answered,Answered,Missing: outside form routing,Missing: outside form routing,Answered,Missing: outside form routing,Answered,Missing: outside form routing,Answered,Answered,Missing: outside form routing,Missing: outside form routing,Missing: outside form routing,Missing: outside form routing,Answered,Answered,Missing: outside form routing,Answered,No
829,860998259,a2c609e7-0a46-47bf-94be-4f439ec0326d,Bachelors 1st year,,1,vbyDnUDjDtHU4iAauqfqE5,0,0,0,0,11,Tarkeshwor,No,No,No,No,No,No,0,0,Answered,Missing: outside form routing,Answered,Answered,Missing: outside form routing,Missing: outside form routing,Answered,Answered,Missing: outside form routing,Answered,Missing: outside form routing,Missing: outside form routing,Missing: outside form routing,Missing: outside form routing,Missing: outside form routing,Missing: outside form routing,Missing: outside form routing,Missing: outside form routing,Missing: outside form routing,Missing: outside form routing,No
830,860998287,23e30f6b-3738-4b1c-9ec8-5680cd411f20,Bachelors 4th year,,1,vbyDnUDjDtHU4iAauqfqE5,0,0,0,0,9,Tarkeshwor,No,No,No,No,No,No,0,0,Answered,Missing: outside form routing,Answered,Answered,Missing: outside form routing,Missing: outside form routing,Answered,Answered,Answered,Missing: outside form routing,Answered,Missing: outside form routing,Missing: outside form routing,Answered,Missing: outside form routing,Missing: outside form routing,Answered,Missing: outside form routing,Missing: outside form routing,Missing: outside form routing,No
831,860998304,3706e370-88d5-4af4-ae20-96fc1ff78abe,Bachelors 2nd year,,1,vbyDnUDjDtHU4iAauqfqE5,0,0,0,1,11,Tarkeshwor,No,No,No,No,No,No,0,0,Answered,Missing: outside form routing,Answered,Answered,Missing: outside form routing,Missing: outside form routing,Answered,Answered,Answered,Missing: outside form routing,Answered,Missing: outside form routing,Missing: outside form routing,Answered,Missing: outside form routing,Missing: outside form routing,Answered,Missing: outside form routing,Missing: outside form routing,Missing: outside form routing,No
832,860998327,22fd3236-e71a-4b66-bacb-0b34746fbe3f,Bachelors 1st year,,3,vbyDnUDjDtHU4iAauqfqE5,0,0,0,0,3,Tokha,No,No,No,No,No,No,0,0,Answered,Missing: outside form routing,Answered,Answered,Missing: outside form routing,Missing: outside form routing,Answered,Answered,Missing: outside form routing,Missing: outside form routing,Missing: outside form routing,Missing: outside form routing,Missing: outside form routing,Missing: outside form routing,Missing: outside form routing,Missing: outside form routing,Missing: outside form routing,Missing: outside form routing,Missing: outside form routing,Missing: outside form routing,No
833,861001132,d1fad1b0-3573-41d7-9be4-0610be6f91d3,Bachelors 3rd year,,41,vbyDnUDjDtHU4iAauqfqE5,0,0,0,1,,Kathmandu mahanagar,No,No,No,No,No,No,0,0,Answered,Missing: outside form routing,Answered,Answered,Missing: outside form routing,Missing: outside form routing,Answered,Answered,Answered,Missing: outside form routing,Answered,Answered,Missing: outside form routing,Missing: outside form routing,Missing: outside form routing,Missing: outside form routing,Answered,Answered,Missing: outside form routing,Answered,No
834,861001141,ef442812-99c5-4a42-bcdd-0a58d0401216,Bachelors 4th year,,1,vbyDnUDjDtHU4iAauqfqE5,0,0,0,1,,Kathmandu mahanagar,No,No,No,No,No,No,0,0,Answered,Missing: outside form routing,Answered,Answered,Missing: outside form routing,Missing: outside form routing,Answered,Answered,Answered,Missing: outside form routing,Answered,Missing: outside form routing,Missing: outside form routing,Answered,Missing: outside form routing,Missing: outside form routing,Answered,Missing: outside form routing,Missing: outside form routing,Missing: outside form routing,No
835,861001167,15c53f06-4ede-4998-aeba-52e06b121018,Masters 1st year,1,1,vbyDnUDjDtHU4iAauqfqE5,0,0,0,1,,Kathmandu mahanagar,No,No,No,No,No,No,0,0,Answered,Missing: outside form routing,Answered,Answered,Answered,Answered,Answered,Answered,Answered,Missing: outside form routing,Answered,Missing: outside form routing,Missing: outside form routing,Answered,Missing: outside form routing,Missing: outside form routing,Answered,Missing: outside form routing,Missing: outside form routing,Missing: outside form routing,No
836,861001180,59c18f08-fc97-4892-8e11-85cee0084087,Masters 2nd year,,1,vbyDnUDjDtHU4iAauqfqE5,0,0,0,1,,Kathmandu mahanagar,No,No,No,No,No,Yes,0,0,Answered,Missing: outside form routing,Answered,Answered,Answered,Missing: outside form routing,Answered,Answered,Answered,Missing: outside form routing,Answered,Missing: outside form routing,Missing: outside form routing,Answered,Missing: outside form routing,Missing: outside form routing,Answered,Missing: outside form routing,Missing: outside form routing,Missing: outside form routing,Yes
837,861001196,073c9efa-0c8a-4193-ad29-d89388ee2bac,Bachelors 2nd year,,3,vbyDnUDjDtHU4iAauqfqE5,0,0,0,0,10,Kathmandu mahanagar,No,No,No,No,No,No,0,0,Answered,Missing: outside form routing,Answered,Answered,Missing: outside form routing,Missing: outside form routing,Answered,Answered,Answered,Missing: outside form routing,Missing: outside form routing,Missing: outside form routing,Missing: outside form routing,Missing: outside form routing,Missing: outside form routing,Missing: outside form routing,Missing: outside form routing,Missing: outside form routing,Missing: outside form routing,Answered,No
838,861001209,6b4c56e9-10fc-4181-b5bd-52c5e2658f1c,Bachelors 3rd year,,2,vbyDnUDjDtHU4iAauqfqE5,0,0,0,0,३१,Kathmandu mahanagar,No,No,No,No,No,No,0,0,Answered,Missing: outside form routing,Answered,Answered,Missing: outside form routing,Missing: outside form routing,Answered,Answered,Missing: outside form routing,Answered,Answered,Answered,Missing: outside form routing,Missing: outside form routing,Missing: outside form routing,Missing: outside form routing,Answered,Answered,Missing: outside form routing,Missing: outside form routing,No
839,861001224,0f2b5487-7a23-40a3-ac7c-42b506acac2e,Bachelors 2nd year,,1,vbyDnUDjDtHU4iAauqfqE5,0,0,0,1,,Kathmandu mahanagar,No,No,No,No,No,No,0,0,Answered,Missing: outside form routing,Answered,Answered,Missing: outside form routing,Missing: outside form routing,Answered,Answered,Answered,Missing: outside form routing,Missing: outside form routing,Missing: outside form routing,Missing: outside form routing,Missing: outside form routing,Missing: outside form routing,Missing: outside form routing,Missing: outside form routing,Missing: outside form routing,Missing: outside form routing,Missing: outside form routing,No
840,861796648,c7cdcde0-15d7-42bc-8609-8c1e38957c4d,Bachelors 4th year,,1,vbyDnUDjDtHU4iAauqfqE5,0,0,0,0,2,Janakpurdham sub metropolitan,No,No,No,No,No,No,0,0,Answered,Missing: outside form routing,Answered,Answered,Missing: outside form routing,Missing: outside form routing,Answered,Missing: outside form routing,Answered,Missing: outside form routing,Answered,Answered,Missing: outside form routing,Missing: outside form routing,Missing: outside form routing,Missing: outside form routing,Answered,Answered,Missing: outside form routing,Missing: outside form routing,No
841,861796665,af1fd24c-20fc-4e12-9c07-63c6a2f2e42c,Bachelors 3rd year,,2,vbyDnUDjDtHU4iAauqfqE5,0,0,0,0,2,Janakpurdham sub metropolitan,No,No,No,No,No,No,0,0,Answered,Missing: outside form routing,Answered,Answered,Missing: outside form routing,Missing: outside form routing,Answered,Answered,Missing: outside form routing,Answered,Answered,Answered,Missing: outside form routing,Missing: outside form routing,Missing: outside form routing,Missing: outside form routing,Answered,Answered,Missing: outside form routing,Missing: outside form routing,No
842,861796676,5729c98f-9287-4f39-a2b4-0498f68c1155,Bachelors 3rd year,,1,vbyDnUDjDtHU4iAauqfqE5,0,0,0,0,2,Janakpurdham sub metropolitan,No,No,No,No,No,No,0,0,Answered,Missing: outside form routing,Answered,Answered,Missing: outside form routing,Missing: outside form routing,Answered,Missing: outside form routing,Missing: outside form routing,Answered,Missing: outside form routing,Missing: outside form routing,Missing: outside form routing,Missing: outside form routing,Missing: outside form routing,Missing: outside form routing,Missing: outside form routing,Missing: outside form routing,Missing: outside form routing,Missing: outside form routing,No
843,861796686,c9b20076-e070-484e-88e0-d93542ef6225,Bachelors 3rd year,,1,vbyDnUDjDtHU4iAauqfqE5,0,0,0,0,2,Janakpurdham sub metropolitan,No,No,No,No,No,No,0,0,Answered,Missing: outside form routing,Answered,Answered,Missing: outside form routing,Missing: outside form routing,Answered,Missing: outside form routing,Missing: outside form routing,Missing: outside form routing,Missing: outside form routing,Missing: outside form routing,Missing: outside form routing,Missing: outside form routing,Missing: outside form routing,Missing: outside form routing,Missing: outside form routing,Missing: outside form routing,Missing: outside form routing,Missing: outside form routing,No
844,861796706,bc1220cd-07cb-448c-8d82-9649918ac070,Bachelors 2nd year,,1,vbyDnUDjDtHU4iAauqfqE5,0,0,0,0,2,Janakpurdham sub metropolitan,No,No,No,No,No,No,0,0,Answered,Missing: outside form routing,Answered,Answered,Missing: outside form routing,Missing: outside form routing,Answered,Missing: outside form routing,Answered,Missing: outside form routing,Missing: outside form routing,Missing: outside form routing,Missing: outside form routing,Missing: outside form routing,Missing: outside form routing,Missing: outside form routing,Missing: outside form routing,Missing: outside form routing,Missing: outside form routing,Missing: outside form routing,No
845,861796717,ebb57e2d-4ec7-4f87-9838-6782cf122eec,Bachelors 3rd year,,1,vbyDnUDjDtHU4iAauqfqE5,0,0,0,0,2,Janakpurdham sub metropolitan,No,No,No,No,No,No,0,0,Answered,Missing: outside form routing,Answered,Answered,Missing: outside form routing,Missing: outside form routing,Answered,Missing: outside form routing,Missing: outside form routing,Answered,Missing: outside form routing,Missing: outside form routing,Missing: outside form routing,Missing: outside form routing,Missing: outside form routing,Missing: outside form routing,Missing: outside form routing,Missing: outside form routing,Missing: outside form routing,Missing: outside form routing,No
846,861796733,6b56668f-3f3f-42ea-a751-f9bf7c6391e4,Bachelors 2nd year,,1,vbyDnUDjDtHU4iAauqfqE5,0,0,0,0,2,Janakpurdham sub metropolitan,No,No,No,No,No,No,0,0,Answered,Missing: outside form routing,Answered,Answered,Missing: outside form routing,Missing: outside form routing,Answered,Missing: outside form routing,Missing: outside form routing,Answered,Answered,Missing: outside form routing,Missing: outside form routing,Missing: outside form routing,Missing: outside form routing,Missing: outside form routing,Answered,Missing: outside form routing,Missing: outside form routing,Missing: outside form routing,No
847,861796748,cc56beb4-6b7f-4bba-b34a-5d4118921907,Bachelors 1st year,,1,vbyDnUDjDtHU4iAauqfqE5,0,0,0,0,2,Janakpurdham sub metropolitan,No,No,No,No,No,No,0,0,Answered,Missing: outside form routing,Answered,Answered,Missing: outside form routing,Missing: outside form routing,Answered,Missing: outside form routing,Answered,Missing: outside form routing,Missing: outside form routing,Missing: outside form routing,Missing: outside form routing,Missing: outside form routing,Missing: outside form routing,Missing: outside form routing,Missing: outside form routing,Missing: outside form routing,Missing: outside form routing,Missing: outside form routing,No
848,861796757,475a4d2f-5e7c-4882-83ed-5d7b73a8ae5c,Bachelors 1st year,,1,vbyDnUDjDtHU4iAauqfqE5,0,0,0,0,2,Janakpurdham sub metropolitan,No,No,No,No,No,No,0,0,Answered,Missing: outside form routing,Answered,Answered,Missing: outside form routing,Missing: outside form routing,Answered,Missing: outside form routing,Missing: outside form routing,Missing: outside form routing,Missing: outside form routing,Missing: outside form routing,Missing: outside form routing,Missing: outside form routing,Missing: outside form routing,Missing: outside form routing,Missing: outside form routing,Missing: outside form routing,Missing: outside form routing,Missing: outside form routing,No
849,861796764,99161e10-fe80-4b5e-9584-ef477e8363af,Bachelors 3rd year,,1,vbyDnUDjDtHU4iAauqfqE5,0,0,0,0,2,Janakpurdham sub metropolitan,No,No,No,No,No,No,0,0,Answered,Missing: outside form routing,Answered,Answered,Missing: outside form routing,Missing: outside form routing,Answered,Missing: outside form routing,Missing: outside form routing,Answered,Answered,Answered,Missing: outside form routing,Missing: outside form routing,Missing: outside form routing,Missing: outside form routing,Answered,Answered,Missing: outside form routing,Missing: outside form routing,No
850,861796776,ba8c6901-5fef-42d6-91e8-d318ef303d75,Bachelors 1st year,,1,vbyDnUDjDtHU4iAauqfqE5,0,0,0,0,2,Janakpurdham sub metropolitan,No,No,No,No,No,No,0,0,Answered,Missing: outside form routing,Answered,Answered,Missing: outside form routing,Missing: outside form routing,Answered,Missing: outside form routing,Missing: outside form routing,Missing: outside form routing,Missing: outside form routing,Missing: outside form routing,Missing: outside form routing,Missing: outside form routing,Missing: outside form routing,Missing: outside form routing,Missing: outside form routing,Missing: outside form routing,Missing: outside form routing,Missing: outside form routing,No
851,862027786,c605cf75-d85b-473a-81bc-4e1502e6afad,Masters 1st year,2,3,vbyDnUDjDtHU4iAauqfqE5,0,0,0,0,31,Kathmandu mahanagar,No,No,No,No,No,No,0,0,Answered,Missing: outside form routing,Answered,Answered,Answered,Answered,Answered,Answered,Answered,Missing: outside form routing,Answered,Missing: outside form routing,Missing: outside form routing,Answered,Missing: outside form routing,Missing: outside form routing,Answered,Missing: outside form routing,Missing: outside form routing,Missing: outside form routing,No
852,862027800,c518a19d-ecc2-4a5b-b7eb-27adf0be1f95,Bachelors 4th year,,1,vbyDnUDjDtHU4iAauqfqE5,0,0,0,0,31,Kathmandu mahanagar,No,No,No,No,No,No,0,0,Answered,Missing: outside form routing,Answered,Answered,Missing: outside form routing,Missing: outside form routing,Answered,Missing: outside form routing,Answered,Missing: outside form routing,Answered,Missing: outside form routing,Missing: outside form routing,Answered,Missing: outside form routing,Missing: outside form routing,Answered,Missing: outside form routing,Missing: outside form routing,Missing: outside form routing,No
853,862027817,595e4400-d918-46f4-ae4e-355bbd97f925,PHD,2,1,vbyDnUDjDtHU4iAauqfqE5,0,0,0,0,31,Kathmandu mahanagar,No,No,No,No,No,No,0,0,Answered,Missing: outside form routing,Answered,Answered,Answered,Answered,Answered,Answered,Missing: outside form routing,Answered,Answered,Missing: outside form routing,Missing: outside form routing,Answered,Missing: outside form routing,Missing: outside form routing,Answered,Missing: outside form routing,Missing: outside form routing,Missing: outside form routing,No
854,862806915,8753fe25-b459-4097-9022-2c0385e37a3d,Bachelors 3rd year,,1,vbyDnUDjDtHU4iAauqfqE5,0,0,0,1,,Kathmandu Mahanagar,No,No,No,No,No,No,0,0,Answered,Missing: outside form routing,Answered,Answered,Missing: outside form routing,Missing: outside form routing,Answered,Missing: outside form routing,Missing: outside form routing,Answered,Answered,Missing: outside form routing,Missing: outside form routing,Answered,Missing: outside form routing,Missing: outside form routing,Answered,Missing: outside form routing,Missing: outside form routing,Missing: outside form routing,No
855,862806929,fe059c31-ea4b-422d-be96-ad7e58d7fb11,Bachelors 1st year,,3,vbyDnUDjDtHU4iAauqfqE5,0,0,0,1,,Kathmandu Mahanagar,No,No,No,No,No,No,0,0,Answered,Missing: outside form routing,Answered,Answered,Missing: outside form routing,Missing: outside form routing,Answered,Missing: outside form routing,Answered,Missing: outside form routing,Missing: outside form routing,Missing: outside form routing,Missing: outside form routing,Missing: outside form routing,Missing: outside form routing,Missing: outside form routing,Missing: outside form routing,Missing: outside form routing,Missing: outside form routing,Answered,No
856,862806935,55967896-9047-49f9-9150-923f32d5ec35,Bachelors 4th year,,1,vbyDnUDjDtHU4iAauqfqE5,0,0,0,1,,Kathmandu Mahanagar,No,No,No,No,No,No,0,0,Answered,Missing: outside form routing,Answered,Answered,Missing: outside form routing,Missing: outside form routing,Answered,Answered,Missing: outside form routing,Missing: outside form routing,Answered,Missing: outside form routing,Missing: outside form routing,Answered,Missing: outside form routing,Missing: outside form routing,Answered,Missing: outside form routing,Missing: outside form routing,Missing: outside form routing,No
857,862806947,2fc2f78c-f57b-4a65-a749-c8c78a34e45a,Bachelors 1st year,,41,vbyDnUDjDtHU4iAauqfqE5,0,0,0,1,,Kathmandu Mahanagar,No,No,No,No,No,No,0,0,Answered,Missing: outside form routing,Answered,Answered,Missing: outside form routing,Missing: outside form routing,Answered,Answered,Answered,Missing: outside form routing,Missing: outside form routing,Missing: outside form routing,Missing: outside form routing,Missing: outside form routing,Missing: outside form routing,Missing: outside form routing,Missing: outside form routing,Missing: outside form routing,Missing: outside form routing,Answered,No
858,862806960,84d400a8-8b76-4ab7-ae38-32ed9a3af948,Bachelors 2nd year,,1,vbyDnUDjDtHU4iAauqfqE5,0,0,0,1,,Kathmandu Mahanagar,No,No,No,No,No,No,0,0,Answered,Missing: outside form routing,Answered,Answered,Missing: outside form routing,Missing: outside form routing,Answered,Missing: outside form routing,Answered,Missing: outside form routing,Answered,Answered,Missing: outside form routing,Missing: outside form routing,Missing: outside form routing,Missing: outside form routing,Answered,Answered,Missing: outside form routing,Answered,No
859,863287184,451cfec5-c2db-4ca1-a252-5553e554a670,Bachelors 2nd year,,1,vbyDnUDjDtHU4iAauqfqE5,0,0,0,1,,Kathmandu mahanagar,No,No,No,No,No,No,0,0,Answered,Missing: outside form routing,Answered,Answered,Missing: outside form routing,Missing: outside form routing,Answered,Answered,Answered,Missing: outside form routing,Missing: outside form routing,Missing: outside form routing,Missing: outside form routing,Missing: outside form routing,Missing: outside form routing,Missing: outside form routing,Missing: outside form routing,Missing: outside form routing,Missing: outside form routing,Answered,No
860,863287186,aef36cc3-ad5d-4462-a84a-0a7ffeff565f,Bachelors 4th year,,1,vbyDnUDjDtHU4iAauqfqE5,0,0,0,1,,Kathmandu mahanagar,No,No,No,No,No,No,0,0,Answered,Missing: outside form routing,Answered,Answered,Missing: outside form routing,Missing: outside form routing,Answered,Answered,Answered,Missing: outside form routing,Answered,Missing: outside form routing,Missing: outside form routing,Answered,Missing: outside form routing,Missing: outside form routing,Answered,Missing: outside form routing,Missing: outside form routing,Missing: outside form routing,No
861,863287190,ed5b5eee-d2fd-4661-8497-95c055265d21,Masters 2nd year,,1,vbyDnUDjDtHU4iAauqfqE5,0,0,0,1,,Kathmandu mahanagar,No,No,No,No,No,Yes,0,0,Answered,Missing: outside form routing,Answered,Answered,Answered,Missing: outside form routing,Answered,Missing: outside form routing,Answered,Missing: outside form routing,Answered,Missing: outside form routing,Missing: outside form routing,Answered,Missing: outside form routing,Missing: outside form routing,Answered,Missing: outside form routing,Missing: outside form routing,Missing: outside form routing,Yes
862,863287195,42dd5d18-1bdd-4042-8ff1-d45b1a5ee7a5,Bachelors 1st year,,3,vbyDnUDjDtHU4iAauqfqE5,0,0,0,1,,Kathmandu mahanagar,No,No,No,No,No,No,0,0,Answered,Missing: outside form routing,Answered,Answered,Missing: outside form routing,Missing: outside form routing,Answered,Answered,Answered,Missing: outside form routing,Missing: outside form routing,Missing: outside form routing,Missing: outside form routing,Missing: outside form routing,Missing: outside form routing,Missing: outside form routing,Missing: outside form routing,Missing: outside form routing,Missing: outside form routing,Missing: outside form routing,No
863,863287196,6d5f64b3-33cc-4d91-92dd-30d8c26cff85,Bachelors 3rd year,,1,vbyDnUDjDtHU4iAauqfqE5,0,0,0,1,,Kathmandu mahanagar,No,No,No,No,No,No,0,0,Answered,Missing: outside form routing,Answered,Answered,Missing: outside form routing,Missing: outside form routing,Answered,Answered,Answered,Missing: outside form routing,Answered,Answered,Missing: outside form routing,Missing: outside form routing,Missing: outside form routing,Missing: outside form routing,Answered,Answered,Missing: outside form routing,Missing: outside form routing,No
864,863287198,b7c0ee63-5d7c-439f-a425-e7bf0827ddc1,Bachelors 3rd year,,41,vbyDnUDjDtHU4iAauqfqE5,0,0,0,1,,Kathmandu mahanagar,No,No,No,No,No,No,0,0,Answered,Missing: outside form routing,Answered,Answered,Missing: outside form routing,Missing: outside form routing,Answered,Answered,Answered,Missing: outside form routing,Answered,Missing: outside form routing,Missing: outside form routing,Answered,Missing: outside form routing,Missing: outside form routing,Answered,Missing: outside form routing,Missing: outside form routing,Missing: outside form routing,No
865,864273830,756c7451-60ab-4d06-ad5f-51784af64e4c,Bachelors 2nd year,,1,vbyDnUDjDtHU4iAauqfqE5,0,0,0,1,,Kathmandu Mahanagar,No,No,No,No,No,No,0,0,Answered,Missing: outside form routing,Answered,Answered,Missing: outside form routing,Missing: outside form routing,Answered,Missing: outside form routing,Missing: outside form routing,Answered,Answered,Missing: outside form routing,Missing: outside form routing,Answered,Missing: outside form routing,Missing: outside form routing,Answered,Missing: outside form routing,Missing: outside form routing,Missing: outside form routing,No
866,864273835,b0e1e3fb-d817-4672-abda-fef9db598460,Bachelors 3rd year,,1,vbyDnUDjDtHU4iAauqfqE5,0,0,0,1,,Kathmandu Mahanagar,No,No,No,No,No,No,0,0,Answered,Missing: outside form routing,Answered,Answered,Missing: outside form routing,Missing: outside form routing,Answered,Missing: outside form routing,Answered,Missing: outside form routing,Answered,Answered,Missing: outside form routing,Missing: outside form routing,Missing: outside form routing,Missing: outside form routing,Answered,Answered,Missing: outside form routing,Answered,No
867,864273867,c37c81d6-1824-481c-868c-4795d4ced872,Bachelors 2nd year,,1,vbyDnUDjDtHU4iAauqfqE5,0,0,0,1,,Kathmandu Mahanagar,No,No,No,No,No,No,0,0,Answered,Missing: outside form routing,Answered,Answered,Missing: outside form routing,Missing: outside form routing,Answered,Missing: outside form routing,Missing: outside form routing,Answered,Answered,Answered,Missing: outside form routing,Missing: outside form routing,Missing: outside form routing,Missing: outside form routing,Answered,Answered,Missing: outside form routing,Missing: outside form routing,No
868,864273890,230cdf2d-9a2a-46ec-af3d-afb0ca1770e9,Masters 2nd year,,1,vbyDnUDjDtHU4iAauqfqE5,0,0,0,2,,Kathmandu Mahanagar,No,No,No,No,No,Yes,0,0,Answered,Missing: outside form routing,Missing: expected by form routing,Answered,Answered,Missing: outside form routing,Answered,Missing: outside form routing,Missing: outside form routing,Answered,Answered,Missing: outside form routing,Missing: outside form routing,Answered,Missing: outside form routing,Missing: outside form routing,Answered,Missing: outside form routing,Missing: outside form routing,Missing: outside form routing,Yes
869,864273935,364002ec-f417-4eb3-a04a-0bfbeb37d10a,Bachelors 1st year,,1,vbyDnUDjDtHU4iAauqfqE5,0,0,0,1,,Kathmandu Mahanagar,No,No,No,No,No,No,0,0,Answered,Missing: outside form routing,Answered,Answered,Missing: outside form routing,Missing: outside form routing,Answered,Missing: outside form routing,Missing: outside form routing,Missing: outside form routing,Missing: outside form routing,Missing: outside form routing,Missing: outside form routing,Missing: outside form routing,Missing: outside form routing,Missing: outside form routing,Missing: outside form routing,Missing: outside form routing,Missing: outside form routing,Missing: outside form routing,No
870,864344199,338c456a-a112-49b0-9337-3ada097052c1,Bachelors 4th year,,1,vbyDnUDjDtHU4iAauqfqE5,0,0,0,1,,Kathmandu mahanagar,No,No,No,No,No,No,0,0,Answered,Missing: outside form routing,Answered,Answered,Missing: outside form routing,Missing: outside form routing,Answered,Answered,Answered,Missing: outside form routing,Answered,Missing: outside form routing,Missing: outside form routing,Answered,Missing: outside form routing,Missing: outside form routing,Answered,Missing: outside form routing,Missing: outside form routing,Missing: outside form routing,No
871,864344212,08769e57-927e-4473-a699-76cd72376934,Bachelors 3rd year,,1,vbyDnUDjDtHU4iAauqfqE5,0,0,0,1,,Kathmandu mahanagar,No,No,No,No,No,No,0,0,Answered,Missing: outside form routing,Answered,Answered,Missing: outside form routing,Missing: outside form routing,Answered,Answered,Answered,Missing: outside form routing,Answered,Answered,Missing: outside form routing,Missing: outside form routing,Missing: outside form routing,Missing: outside form routing,Answered,Answered,Missing: outside form routing,Missing: outside form routing,No
872,864344229,24df9b1b-df21-4867-a991-7a45fcd73252,Bachelors 3rd year,,1,vbyDnUDjDtHU4iAauqfqE5,0,0,0,0,३,Kathmandu mahanagar,No,No,No,No,No,No,0,0,Answered,Missing: outside form routing,Answered,Answered,Missing: outside form routing,Missing: outside form routing,Answered,Answered,Answered,Missing: outside form routing,Answered,Answered,Missing: outside form routing,Missing: outside form routing,Missing: outside form routing,Missing: outside form routing,Answered,Answered,Missing: outside form routing,Missing: outside form routing,No
873,864344249,f5d8a351-8da9-4ca3-bb38-c7085bec0f36,Masters 2nd year,,1,vbyDnUDjDtHU4iAauqfqE5,0,0,0,0,३२,Kathmandu mahanagar,No,No,No,No,No,Yes,0,0,Answered,Missing: outside form routing,Answered,Answered,Answered,Missing: outside form routing,Answered,Missing: outside form routing,Missing: outside form routing,Answered,Answered,Missing: outside form routing,Missing: outside form routing,Answered,Missing: outside form routing,Missing: outside form routing,Answered,Missing: outside form routing,Missing: outside form routing,Missing: outside form routing,Yes
874,865457477,4c0a9b53-4b5a-44c7-8b71-dea18b4106ea,Bachelors 4th year,,1,vbyDnUDjDtHU4iAauqfqE5,0,0,0,1,,Kathmandu mahanagar,No,No,No,No,No,No,0,0,Answered,Missing: outside form routing,Answered,Answered,Missing: outside form routing,Missing: outside form routing,Answered,Answered,Answered,Missing: outside form routing,Answered,Missing: outside form routing,Missing: outside form routing,Answered,Missing: outside form routing,Missing: outside form routing,Answered,Missing: outside form routing,Missing: outside form routing,Missing: outside form routing,No
875,865457489,b21415ea-a2f1-4078-ba40-22edd531f085,Bachelors 2nd year,,1,vbyDnUDjDtHU4iAauqfqE5,0,0,0,1,,Kathmandu mahanagar,No,No,No,No,No,No,0,0,Answered,Missing: outside form routing,Answered,Answered,Missing: outside form routing,Missing: outside form routing,Answered,Answered,Answered,Missing: outside form routing,Missing: outside form routing,Missing: outside form routing,Missing: outside form routing,Missing: outside form routing,Missing: outside form routing,Missing: outside form routing,Missing: outside form routing,Missing: outside form routing,Missing: outside form routing,Missing: outside form routing,No
876,865457511,10345799-359f-445c-b69d-a0a6afd22f5f,Bachelors 4th year,,1,vbyDnUDjDtHU4iAauqfqE5,0,0,0,1,,Kathmandu mahanagar,No,No,No,No,No,No,0,0,Answered,Missing: outside form routing,Answered,Answered,Missing: outside form routing,Missing: outside form routing,Answered,Answered,Answered,Missing: outside form routing,Answered,Missing: outside form routing,Missing: outside form routing,Answered,Missing: outside form routing,Missing: outside form routing,Answered,Missing: outside form routing,Missing: outside form routing,Missing: outside form routing,No
877,865457544,c8c3e94e-fff3-4c4d-b3a0-ea87f49cf9ed,Bachelors 2nd year,,1,vbyDnUDjDtHU4iAauqfqE5,0,0,0,1,,Kathmandu mahanagar,No,No,No,No,No,No,0,0,Answered,Missing: outside form routing,Answered,Answered,Missing: outside form routing,Missing: outside form routing,Answered,Answered,Answered,Missing: outside form routing,Answered,Missing: outside form routing,Missing: outside form routing,Answered,Missing: outside form routing,Missing: outside form routing,Answered,Missing: outside form routing,Missing: outside form routing,Missing: outside form routing,No
878,865457584,c57c6bd9-98c0-460d-9e20-250f32cf5bf6,Bachelors 4th year,,1,vbyDnUDjDtHU4iAauqfqE5,0,0,0,1,,Kathmandu mahanagar,No,No,No,No,No,No,0,0,Answered,Missing: outside form routing,Answered,Answered,Missing: outside form routing,Missing: outside form routing,Answered,Answered,Answered,Missing: outside form routing,Answered,Answered,Missing: outside form routing,Missing: outside form routing,Missing: outside form routing,Missing: outside form routing,Answered,Answered,Missing: outside form routing,Missing: outside form routing,No
879,865457604,3675149d-72a9-46c9-b650-c8728d10fe71,Bachelors 4th year,,41,vbyDnUDjDtHU4iAauqfqE5,0,0,0,1,,Kathmandu mahanagar,No,No,No,No,No,No,0,0,Answered,Missing: outside form routing,Answered,Answered,Missing: outside form routing,Missing: outside form routing,Answered,Answered,Answered,Missing: outside form routing,Answered,Missing: outside form routing,Missing: outside form routing,Missing: outside form routing,Missing: outside form routing,Missing: outside form routing,Answered,Missing: outside form routing,Missing: outside form routing,Missing: outside form routing,No
880,865457627,895677fb-37cf-452c-8498-86f5cc3c8856,Bachelors 2nd year,,3,vbyDnUDjDtHU4iAauqfqE5,0,0,0,1,,Kathmandu mahanagar,No,No,No,No,No,No,0,0,Answered,Missing: outside form routing,Answered,Answered,Missing: outside form routing,Missing: outside form routing,Answered,Answered,Answered,Missing: outside form routing,Missing: outside form routing,Missing: outside form routing,Missing: outside form routing,Missing: outside form routing,Missing: outside form routing,Missing: outside form routing,Missing: outside form routing,Missing: outside form routing,Missing: outside form routing,Missing: outside form routing,No
881,866189471,a0f5ca47-7932-475e-ad03-7b6bd31c62d5,Bachelors 2nd year,,1,vbyDnUDjDtHU4iAauqfqE5,0,0,0,0,1,Lalitpur Mahanagar,No,No,No,No,No,No,0,0,Answered,Missing: outside form routing,Answered,Answered,Missing: outside form routing,Missing: outside form routing,Answered,Answered,Answered,Missing: outside form routing,Answered,Answered,Missing: outside form routing,Missing: outside form routing,Missing: outside form routing,Missing: outside form routing,Answered,Answered,Missing: outside form routing,Missing: outside form routing,No
882,866189476,36a286db-895b-4c1f-b2a7-8f5f9763a054,Bachelors 3rd year,,1,vbyDnUDjDtHU4iAauqfqE5,0,0,0,0,1,Lalitpur,No,No,No,No,No,No,0,0,Answered,Missing: outside form routing,Answered,Answered,Missing: outside form routing,Missing: outside form routing,Answered,Answered,Answered,Missing: outside form routing,Answered,Missing: outside form routing,Missing: outside form routing,Answered,Missing: outside form routing,Missing: outside form routing,Answered,Missing: outside form routing,Missing: outside form routing,Missing: outside form routing,No
883,866189481,97c84735-b4a7-4243-9545-229413e768c0,Bachelors 2nd year,,1,vbyDnUDjDtHU4iAauqfqE5,0,0,0,0,1,Lalitpur,No,No,No,No,No,No,0,0,Answered,Missing: outside form routing,Answered,Answered,Missing: outside form routing,Missing: outside form routing,Answered,Missing: outside form routing,Missing: outside form routing,Answered,Answered,Answered,Missing: outside form routing,Missing: outside form routing,Missing: outside form routing,Missing: outside form routing,Answered,Answered,Missing: outside form routing,Missing: outside form routing,No
884,866189492,98ba8b3e-e527-4f0d-abdf-8eeaa59c60af,Bachelors 2nd year,,41,vbyDnUDjDtHU4iAauqfqE5,0,0,0,0,1,Lalitpur,No,No,No,No,No,No,0,0,Answered,Missing: outside form routing,Answered,Answered,Missing: outside form routing,Missing: outside form routing,Answered,Answered,Answered,Missing: outside form routing,Answered,Answered,Missing: outside form routing,Missing: outside form routing,Missing: outside form routing,Missing: outside form routing,Answered,Answered,Missing: outside form routing,Missing: outside form routing,No
885,866189501,4a7abb2d-12cf-4481-a6f5-06b4c55db08f,Bachelors 1st year,,3,vbyDnUDjDtHU4iAauqfqE5,0,0,0,1,,Lalitpur,No,No,No,No,No,No,0,0,Answered,Missing: outside form routing,Answered,Answered,Missing: outside form routing,Missing: outside form routing,Answered,Missing: outside form routing,Answered,Missing: outside form routing,Missing: outside form routing,Missing: outside form routing,Missing: outside form routing,Missing: outside form routing,Missing: outside form routing,Missing: outside form routing,Missing: outside form routing,Missing: outside form routing,Missing: outside form routing,Answered,No
