-------------------------------------------------------------------------------------------------------------------------
      name:  <unnamed>
       log:  C:/Users/ACER/OneDrive - Samriddhi Foundation/Projects/FNF/4_log/survey_cleaning.log
  log type:  text
 opened on:  17 Sep 2026, 20:00:08
r; t=0.01 20:00:08

. * Pending decisions. Change only after respondent-code meaning is confirmed.
. local buddhist_41_confirmed 1
r; t=0.00 20:00:08

. import excel "$data_raw/raw-data-student.xlsx", sheet("Youth and Aspirations Percep...") allstring clear
(155 vars, 885 obs)
r; t=0.32 20:00:08

. local imported_rows = _N - 1
r; t=0.00 20:00:08

. assert `imported_rows' > 0
r; t=0.00 20:00:08

. 
. assert A[1] == "consent_intro"
r; t=0.00 20:00:08

. rename A src001
r; t=0.03 20:00:08

. label variable src001 "consent_intro"
r; t=0.00 20:00:08

. assert B[1] == "consent_agree"
r; t=0.00 20:00:08

. rename B src002
r; t=0.00 20:00:08

. label variable src002 "consent_agree"
r; t=0.00 20:00:08

. assert C[1] == "screener"
r; t=0.00 20:00:08

. rename C src003
r; t=0.00 20:00:08

. label variable src003 "screener"
r; t=0.00 20:00:08

. assert D[1] == "prelim"
r; t=0.00 20:00:08

. rename D src004
r; t=0.00 20:00:08

. label variable src004 "prelim"
r; t=0.00 20:00:08

. assert E[1] == "interview_date"
r; t=0.00 20:00:08

. rename E src005
r; t=0.00 20:00:08

. label variable src005 "interview_date"
r; t=0.00 20:00:08

. assert F[1] == "interview_time"
r; t=0.00 20:00:08

. rename F src006
r; t=0.00 20:00:08

. label variable src006 "interview_time"
r; t=0.00 20:00:08

. assert G[1] == "Interviewer_Name"
r; t=0.00 20:00:08

. rename G src007
r; t=0.00 20:00:08

. label variable src007 "Interviewer_Name"
r; t=0.00 20:00:08

. assert H[1] == "Province"
r; t=0.00 20:00:08

. rename H src008
r; t=0.00 20:00:08

. label variable src008 "Province"
r; t=0.00 20:00:08

. assert I[1] == "local_government"
r; t=0.00 20:00:08

. rename I src009
r; t=0.00 20:00:08

. label variable src009 "local_government"
r; t=0.00 20:00:08

. assert J[1] == "ward"
r; t=0.00 20:00:08

. rename J src010
r; t=0.00 20:00:08

. label variable src010 "ward"
r; t=0.00 20:00:08

. assert K[1] == "sec1"
r; t=0.00 20:00:08

. rename K src011
r; t=0.00 20:00:08

. label variable src011 "sec1"
r; t=0.00 20:00:08

. assert L[1] == "sec1_primer"
r; t=0.00 20:00:08

. rename L src012
r; t=0.00 20:00:08

. label variable src012 "sec1_primer"
r; t=0.00 20:00:08

. assert M[1] == "age"
r; t=0.00 20:00:08

. rename M src013
r; t=0.00 20:00:08

. label variable src013 "age"
r; t=0.00 20:00:08

. assert N[1] == "gender"
r; t=0.00 20:00:08

. rename N src014
r; t=0.00 20:00:08

. label variable src014 "gender"
r; t=0.00 20:00:08

. assert O[1] == "gender_other"
r; t=0.00 20:00:08

. rename O src015
r; t=0.00 20:00:08

. label variable src015 "gender_other"
r; t=0.00 20:00:08

. assert P[1] == "education"
r; t=0.00 20:00:08

. rename P src016
r; t=0.00 20:00:08

. label variable src016 "education"
r; t=0.00 20:00:08

. assert Q[1] == "edu_school"
r; t=0.00 20:00:08

. rename Q src017
r; t=0.00 20:00:08

. label variable src017 "edu_school"
r; t=0.00 20:00:08

. assert R[1] == "edu_plus2"
r; t=0.00 20:00:08

. rename R src018
r; t=0.00 20:00:08

. label variable src018 "edu_plus2"
r; t=0.00 20:00:08

. assert S[1] == "edu_bachelors"
r; t=0.00 20:00:08

. rename S src019
r; t=0.00 20:00:08

. label variable src019 "edu_bachelors"
r; t=0.00 20:00:08

. assert T[1] == "edu_masters"
r; t=0.00 20:00:08

. rename T src020
r; t=0.00 20:00:08

. label variable src020 "edu_masters"
r; t=0.00 20:00:08

. assert U[1] == "_1_4_What_is_your_caste_ethnicity"
r; t=0.00 20:00:08

. rename U src021
r; t=0.00 20:00:08

. label variable src021 "_1_4_What_is_your_caste_ethnicity"
r; t=0.00 20:00:08

. assert V[1] == "religious_belief"
r; t=0.00 20:00:08

. rename V src022
r; t=0.00 20:00:08

. label variable src022 "religious_belief"
r; t=0.00 20:00:08

. assert W[1] == "_1_6_Which_religion_do_you_identify_with"
r; t=0.00 20:00:08

. rename W src023
r; t=0.00 20:00:08

. label variable src023 "_1_6_Which_religion_do_you_identify_with"
r; t=0.00 20:00:08

. assert X[1] == "marital_status"
r; t=0.00 20:00:08

. rename X src024
r; t=0.00 20:00:08

. label variable src024 "marital_status"
r; t=0.00 20:00:08

. assert Y[1] == "life_place"
r; t=0.00 20:00:08

. rename Y src025
r; t=0.00 20:00:08

. label variable src025 "life_place"
r; t=0.00 20:00:08

. assert Z[1] == "family_abroad"
r; t=0.00 20:00:08

. rename Z src026
r; t=0.00 20:00:08

. label variable src026 "family_abroad"
r; t=0.00 20:00:08

. assert AA[1] == "family_returned"
r; t=0.00 20:00:08

. rename AA src027
r; t=0.00 20:00:08

. label variable src027 "family_returned"
r; t=0.00 20:00:08

. assert AB[1] == "migration_plan"
r; t=0.00 20:00:08

. rename AB src028
r; t=0.00 20:00:08

. label variable src028 "migration_plan"
r; t=0.00 20:00:08

. assert AC[1] == "abroad_purpose"
r; t=0.00 20:00:08

. rename AC src029
r; t=0.00 20:00:08

. label variable src029 "abroad_purpose"
r; t=0.00 20:00:08

. assert AD[1] == "nepal_plan"
r; t=0.00 20:00:08

. rename AD src030
r; t=0.00 20:00:08

. label variable src030 "nepal_plan"
r; t=0.00 20:00:08

. assert AE[1] == "sec2"
r; t=0.00 20:00:08

. rename AE src031
r; t=0.00 20:00:08

. label variable src031 "sec2"
r; t=0.00 20:00:08

. assert AF[1] == "sec2_primer"
r; t=0.00 20:00:08

. rename AF src032
r; t=0.00 20:00:08

. label variable src032 "sec2_primer"
r; t=0.00 20:00:08

. assert AG[1] == "q2_1"
r; t=0.00 20:00:08

. rename AG src033
r; t=0.00 20:00:08

. label variable src033 "q2_1"
r; t=0.00 20:00:08

. assert AH[1] == "q2_2"
r; t=0.00 20:00:08

. rename AH src034
r; t=0.00 20:00:08

. label variable src034 "q2_2"
r; t=0.00 20:00:08

. assert AI[1] == "q2_3"
r; t=0.00 20:00:08

. rename AI src035
r; t=0.00 20:00:08

. label variable src035 "q2_3"
r; t=0.00 20:00:08

. assert AJ[1] == "q2_4"
r; t=0.00 20:00:08

. rename AJ src036
r; t=0.00 20:00:08

. label variable src036 "q2_4"
r; t=0.00 20:00:08

. assert AK[1] == "q2_4_1"
r; t=0.00 20:00:08

. rename AK src037
r; t=0.00 20:00:08

. label variable src037 "q2_4_1"
r; t=0.00 20:00:08

. assert AL[1] == "Others_Please_Specify"
r; t=0.00 20:00:08

. rename AL src038
r; t=0.00 20:00:08

. label variable src038 "Others_Please_Specify"
r; t=0.00 20:00:08

. assert AM[1] == "q2_5"
r; t=0.00 20:00:08

. rename AM src039
r; t=0.00 20:00:08

. label variable src039 "q2_5"
r; t=0.00 20:00:08

. assert AN[1] == "q2_5_1"
r; t=0.00 20:00:08

. rename AN src040
r; t=0.00 20:00:08

. label variable src040 "q2_5_1"
r; t=0.00 20:00:08

. assert AO[1] == "Others_please_specify_001"
r; t=0.00 20:00:08

. rename AO src041
r; t=0.00 20:00:08

. label variable src041 "Others_please_specify_001"
r; t=0.00 20:00:08

. assert AP[1] == "q2_6"
r; t=0.00 20:00:08

. rename AP src042
r; t=0.00 20:00:08

. label variable src042 "q2_6"
r; t=0.00 20:00:08

. assert AQ[1] == "q2_6_1"
r; t=0.00 20:00:08

. rename AQ src043
r; t=0.00 20:00:08

. label variable src043 "q2_6_1"
r; t=0.00 20:00:08

. assert AR[1] == "Others_please_specify_002"
r; t=0.00 20:00:08

. rename AR src044
r; t=0.00 20:00:08

. label variable src044 "Others_please_specify_002"
r; t=0.00 20:00:08

. assert AS[1] == "q2_7_transition"
r; t=0.00 20:00:08

. rename AS src045
r; t=0.00 20:00:08

. label variable src045 "q2_7_transition"
r; t=0.00 20:00:08

. assert AT[1] == "q2_7"
r; t=0.00 20:00:08

. rename AT src046
r; t=0.00 20:00:08

. label variable src046 "q2_7"
r; t=0.00 20:00:08

. assert AU[1] == "q2_7_1"
r; t=0.00 20:00:08

. rename AU src047
r; t=0.00 20:00:08

. label variable src047 "q2_7_1"
r; t=0.00 20:00:08

. assert AV[1] == "q2_8_transition"
r; t=0.00 20:00:08

. rename AV src048
r; t=0.00 20:00:08

. label variable src048 "q2_8_transition"
r; t=0.00 20:00:08

. assert AW[1] == "q2_8"
r; t=0.00 20:00:08

. rename AW src049
r; t=0.00 20:00:08

. label variable src049 "q2_8"
r; t=0.00 20:00:08

. assert AX[1] == "q2_8_1"
r; t=0.00 20:00:08

. rename AX src050
r; t=0.00 20:00:08

. label variable src050 "q2_8_1"
r; t=0.00 20:00:08

. assert AY[1] == "q2_8_2"
r; t=0.00 20:00:08

. rename AY src051
r; t=0.00 20:00:08

. label variable src051 "q2_8_2"
r; t=0.00 20:00:08

. assert AZ[1] == "q2_8_3"
r; t=0.00 20:00:08

. rename AZ src052
r; t=0.00 20:00:08

. label variable src052 "q2_8_3"
r; t=0.00 20:00:08

. assert BA[1] == "q2_8_4"
r; t=0.00 20:00:08

. rename BA src053
r; t=0.00 20:00:08

. label variable src053 "q2_8_4"
r; t=0.00 20:00:08

. assert BB[1] == "q2_8_5"
r; t=0.00 20:00:08

. rename BB src054
r; t=0.00 20:00:08

. label variable src054 "q2_8_5"
r; t=0.00 20:00:08

. assert BC[1] == "q2_8_6"
r; t=0.00 20:00:08

. rename BC src055
r; t=0.00 20:00:08

. label variable src055 "q2_8_6"
r; t=0.00 20:00:08

. assert BD[1] == "q2_9"
r; t=0.00 20:00:08

. rename BD src056
r; t=0.00 20:00:08

. label variable src056 "q2_9"
r; t=0.00 20:00:08

. assert BE[1] == "sec3"
r; t=0.00 20:00:08

. rename BE src057
r; t=0.00 20:00:08

. label variable src057 "sec3"
r; t=0.00 20:00:08

. assert BF[1] == "sec3_primer"
r; t=0.00 20:00:08

. rename BF src058
r; t=0.00 20:00:08

. label variable src058 "sec3_primer"
r; t=0.00 20:00:08

. assert BG[1] == "q3_1_1"
r; t=0.00 20:00:08

. rename BG src059
r; t=0.00 20:00:08

. label variable src059 "q3_1_1"
r; t=0.00 20:00:08

. assert BH[1] == "q3_1_2"
r; t=0.00 20:00:08

. rename BH src060
r; t=0.00 20:00:08

. label variable src060 "q3_1_2"
r; t=0.00 20:00:08

. assert BI[1] == "q3_1_2_001"
r; t=0.00 20:00:08

. rename BI src061
r; t=0.00 20:00:08

. label variable src061 "q3_1_2_001"
r; t=0.00 20:00:08

. assert BJ[1] == "q3_1_3"
r; t=0.00 20:00:08

. rename BJ src062
r; t=0.00 20:00:08

. label variable src062 "q3_1_3"
r; t=0.00 20:00:08

. assert BK[1] == "q3_1_3_001"
r; t=0.00 20:00:08

. rename BK src063
r; t=0.00 20:00:08

. label variable src063 "q3_1_3_001"
r; t=0.00 20:00:08

. assert BL[1] == "q3_1_4"
r; t=0.00 20:00:08

. rename BL src064
r; t=0.00 20:00:08

. label variable src064 "q3_1_4"
r; t=0.00 20:00:08

. assert BM[1] == "q3_1_5"
r; t=0.00 20:00:08

. rename BM src065
r; t=0.00 20:00:08

. label variable src065 "q3_1_5"
r; t=0.00 20:00:08

. assert BN[1] == "q3_1_6"
r; t=0.00 20:00:08

. rename BN src066
r; t=0.00 20:00:08

. label variable src066 "q3_1_6"
r; t=0.00 20:00:08

. assert BO[1] == "q3_1_7"
r; t=0.00 20:00:08

. rename BO src067
r; t=0.00 20:00:08

. label variable src067 "q3_1_7"
r; t=0.00 20:00:08

. assert BP[1] == "q3_2"
r; t=0.00 20:00:08

. rename BP src068
r; t=0.00 20:00:08

. label variable src068 "q3_2"
r; t=0.00 20:00:08

. assert BQ[1] == "q3_3"
r; t=0.00 20:00:08

. rename BQ src069
r; t=0.00 20:00:08

. label variable src069 "q3_3"
r; t=0.00 20:00:08

. assert BR[1] == "q3_4"
r; t=0.00 20:00:08

. rename BR src070
r; t=0.00 20:00:08

. label variable src070 "q3_4"
r; t=0.00 20:00:08

. assert BS[1] == "q3_5"
r; t=0.00 20:00:08

. rename BS src071
r; t=0.00 20:00:08

. label variable src071 "q3_5"
r; t=0.00 20:00:08

. assert BT[1] == "q3_6_transition"
r; t=0.00 20:00:08

. rename BT src072
r; t=0.00 20:00:08

. label variable src072 "q3_6_transition"
r; t=0.00 20:00:08

. assert BU[1] == "q3_6"
r; t=0.00 20:00:08

. rename BU src073
r; t=0.00 20:00:08

. label variable src073 "q3_6"
r; t=0.00 20:00:08

. assert BV[1] == "q3_7"
r; t=0.00 20:00:08

. rename BV src074
r; t=0.00 20:00:08

. label variable src074 "q3_7"
r; t=0.00 20:00:08

. assert BW[1] == "q3_8"
r; t=0.00 20:00:08

. rename BW src075
r; t=0.00 20:00:08

. label variable src075 "q3_8"
r; t=0.00 20:00:08

. assert BX[1] == "q3_9"
r; t=0.00 20:00:08

. rename BX src076
r; t=0.00 20:00:08

. label variable src076 "q3_9"
r; t=0.00 20:00:08

. assert BY[1] == "q3_10_11_transition"
r; t=0.00 20:00:08

. rename BY src077
r; t=0.00 20:00:08

. label variable src077 "q3_10_11_transition"
r; t=0.00 20:00:08

. assert BZ[1] == "q3_10_11"
r; t=0.00 20:00:08

. rename BZ src078
r; t=0.00 20:00:08

. label variable src078 "q3_10_11"
r; t=0.00 20:00:08

. assert CA[1] == "q3_10_11_001"
r; t=0.00 20:00:08

. rename CA src079
r; t=0.00 20:00:08

. label variable src079 "q3_10_11_001"
r; t=0.00 20:00:08

. assert CB[1] == "q3_10_12"
r; t=0.00 20:00:08

. rename CB src080
r; t=0.00 20:00:08

. label variable src080 "q3_10_12"
r; t=0.00 20:00:08

. assert CC[1] == "q3_10_13"
r; t=0.00 20:00:08

. rename CC src081
r; t=0.00 20:00:08

. label variable src081 "q3_10_13"
r; t=0.00 20:00:08

. assert CD[1] == "q3_10_14"
r; t=0.00 20:00:08

. rename CD src082
r; t=0.00 20:00:08

. label variable src082 "q3_10_14"
r; t=0.00 20:00:08

. assert CE[1] == "q3_10_15"
r; t=0.00 20:00:08

. rename CE src083
r; t=0.00 20:00:08

. label variable src083 "q3_10_15"
r; t=0.00 20:00:08

. assert CF[1] == "q3_10_16"
r; t=0.00 20:00:08

. rename CF src084
r; t=0.00 20:00:08

. label variable src084 "q3_10_16"
r; t=0.00 20:00:08

. assert CG[1] == "q3_10_17"
r; t=0.00 20:00:08

. rename CG src085
r; t=0.00 20:00:08

. label variable src085 "q3_10_17"
r; t=0.00 20:00:08

. assert CH[1] == "future_intro"
r; t=0.00 20:00:08

. rename CH src086
r; t=0.00 20:00:08

. label variable src086 "future_intro"
r; t=0.00 20:00:08

. assert CI[1] == "q3_11_1"
r; t=0.00 20:00:08

. rename CI src087
r; t=0.00 20:00:08

. label variable src087 "q3_11_1"
r; t=0.00 20:00:08

. assert CJ[1] == "q3_11_2"
r; t=0.00 20:00:08

. rename CJ src088
r; t=0.00 20:00:08

. label variable src088 "q3_11_2"
r; t=0.00 20:00:08

. assert CK[1] == "q3_11_3"
r; t=0.00 20:00:08

. rename CK src089
r; t=0.00 20:00:08

. label variable src089 "q3_11_3"
r; t=0.00 20:00:08

. assert CL[1] == "q3_11_4"
r; t=0.00 20:00:08

. rename CL src090
r; t=0.00 20:00:08

. label variable src090 "q3_11_4"
r; t=0.00 20:00:08

. assert CM[1] == "sec4"
r; t=0.00 20:00:08

. rename CM src091
r; t=0.00 20:00:08

. label variable src091 "sec4"
r; t=0.00 20:00:08

. assert CN[1] == "sec4_primer"
r; t=0.00 20:00:08

. rename CN src092
r; t=0.00 20:00:08

. label variable src092 "sec4_primer"
r; t=0.00 20:00:08

. assert CO[1] == "q4_1"
r; t=0.00 20:00:08

. rename CO src093
r; t=0.00 20:00:08

. label variable src093 "q4_1"
r; t=0.00 20:00:08

. assert CP[1] == "q4_2_1_transition"
r; t=0.00 20:00:08

. rename CP src094
r; t=0.00 20:00:08

. label variable src094 "q4_2_1_transition"
r; t=0.00 20:00:08

. assert CQ[1] == "q4_2_1"
r; t=0.00 20:00:08

. rename CQ src095
r; t=0.00 20:00:08

. label variable src095 "q4_2_1"
r; t=0.00 20:00:08

. assert CR[1] == "q4_2_2"
r; t=0.00 20:00:08

. rename CR src096
r; t=0.00 20:00:08

. label variable src096 "q4_2_2"
r; t=0.00 20:00:08

. assert CS[1] == "q4_2_3"
r; t=0.00 20:00:08

. rename CS src097
r; t=0.00 20:00:08

. label variable src097 "q4_2_3"
r; t=0.00 20:00:08

. assert CT[1] == "q4_2_4"
r; t=0.00 20:00:08

. rename CT src098
r; t=0.00 20:00:08

. label variable src098 "q4_2_4"
r; t=0.00 20:00:08

. assert CU[1] == "q4_2_5"
r; t=0.00 20:00:08

. rename CU src099
r; t=0.00 20:00:08

. label variable src099 "q4_2_5"
r; t=0.00 20:00:08

. assert CV[1] == "q4_2_6"
r; t=0.00 20:00:08

. rename CV src100
r; t=0.00 20:00:08

. label variable src100 "q4_2_6"
r; t=0.00 20:00:08

. assert CW[1] == "q4_2_7"
r; t=0.00 20:00:08

. rename CW src101
r; t=0.00 20:00:08

. label variable src101 "q4_2_7"
r; t=0.00 20:00:08

. assert CX[1] == "q4_2_8"
r; t=0.00 20:00:08

. rename CX src102
r; t=0.00 20:00:08

. label variable src102 "q4_2_8"
r; t=0.00 20:00:08

. assert CY[1] == "q4_3"
r; t=0.00 20:00:08

. rename CY src103
r; t=0.00 20:00:08

. label variable src103 "q4_3"
r; t=0.00 20:00:08

. assert CZ[1] == "q4_4"
r; t=0.00 20:00:08

. rename CZ src104
r; t=0.00 20:00:08

. label variable src104 "q4_4"
r; t=0.00 20:00:08

. assert DA[1] == "q4_5"
r; t=0.00 20:00:08

. rename DA src105
r; t=0.00 20:00:08

. label variable src105 "q4_5"
r; t=0.00 20:00:08

. assert DB[1] == "q4_6"
r; t=0.00 20:00:08

. rename DB src106
r; t=0.00 20:00:08

. label variable src106 "q4_6"
r; t=0.00 20:00:08

. assert DC[1] == "q4_7"
r; t=0.00 20:00:08

. rename DC src107
r; t=0.00 20:00:08

. label variable src107 "q4_7"
r; t=0.00 20:00:08

. assert DD[1] == "q4_8"
r; t=0.00 20:00:08

. rename DD src108
r; t=0.00 20:00:08

. label variable src108 "q4_8"
r; t=0.00 20:00:08

. assert DE[1] == "sec5"
r; t=0.00 20:00:08

. rename DE src109
r; t=0.00 20:00:08

. label variable src109 "sec5"
r; t=0.00 20:00:08

. assert DF[1] == "sec5_primer"
r; t=0.00 20:00:08

. rename DF src110
r; t=0.00 20:00:08

. label variable src110 "sec5_primer"
r; t=0.00 20:00:08

. assert DG[1] == "q5_1"
r; t=0.00 20:00:08

. rename DG src111
r; t=0.00 20:00:08

. label variable src111 "q5_1"
r; t=0.00 20:00:08

. assert DH[1] == "q5_2_1_transition"
r; t=0.00 20:00:08

. rename DH src112
r; t=0.00 20:00:08

. label variable src112 "q5_2_1_transition"
r; t=0.00 20:00:08

. assert DI[1] == "q5_2_1"
r; t=0.00 20:00:08

. rename DI src113
r; t=0.00 20:00:08

. label variable src113 "q5_2_1"
r; t=0.00 20:00:08

. assert DJ[1] == "q5_2_2"
r; t=0.00 20:00:08

. rename DJ src114
r; t=0.00 20:00:08

. label variable src114 "q5_2_2"
r; t=0.00 20:00:08

. assert DK[1] == "q5_2_3"
r; t=0.00 20:00:08

. rename DK src115
r; t=0.00 20:00:08

. label variable src115 "q5_2_3"
r; t=0.00 20:00:08

. assert DL[1] == "q5_2_4"
r; t=0.00 20:00:08

. rename DL src116
r; t=0.00 20:00:08

. label variable src116 "q5_2_4"
r; t=0.00 20:00:08

. assert DM[1] == "q5_2_5"
r; t=0.00 20:00:08

. rename DM src117
r; t=0.00 20:00:08

. label variable src117 "q5_2_5"
r; t=0.00 20:00:08

. assert DN[1] == "q5_2_6"
r; t=0.00 20:00:08

. rename DN src118
r; t=0.00 20:00:08

. label variable src118 "q5_2_6"
r; t=0.00 20:00:08

. assert DO[1] == "q5_3_transition"
r; t=0.00 20:00:08

. rename DO src119
r; t=0.00 20:00:08

. label variable src119 "q5_3_transition"
r; t=0.00 20:00:08

. assert DP[1] == "q5_3"
r; t=0.00 20:00:08

. rename DP src120
r; t=0.00 20:00:08

. label variable src120 "q5_3"
r; t=0.00 20:00:08

. assert DQ[1] == "q5_4"
r; t=0.00 20:00:08

. rename DQ src121
r; t=0.00 20:00:08

. label variable src121 "q5_4"
r; t=0.00 20:00:08

. assert DR[1] == "q5_5"
r; t=0.00 20:00:08

. rename DR src122
r; t=0.00 20:00:08

. label variable src122 "q5_5"
r; t=0.00 20:00:08

. assert DS[1] == "q5_6_1_transition"
r; t=0.00 20:00:08

. rename DS src123
r; t=0.00 20:00:08

. label variable src123 "q5_6_1_transition"
r; t=0.00 20:00:08

. assert DT[1] == "q5_6_1"
r; t=0.00 20:00:08

. rename DT src124
r; t=0.00 20:00:08

. label variable src124 "q5_6_1"
r; t=0.00 20:00:08

. assert DU[1] == "q5_6_2"
r; t=0.00 20:00:08

. rename DU src125
r; t=0.00 20:00:08

. label variable src125 "q5_6_2"
r; t=0.00 20:00:08

. assert DV[1] == "q5_6_3"
r; t=0.00 20:00:08

. rename DV src126
r; t=0.00 20:00:08

. label variable src126 "q5_6_3"
r; t=0.00 20:00:08

. assert DW[1] == "q5_6_4"
r; t=0.00 20:00:08

. rename DW src127
r; t=0.00 20:00:08

. label variable src127 "q5_6_4"
r; t=0.00 20:00:08

. assert DX[1] == "q5_6_5"
r; t=0.00 20:00:08

. rename DX src128
r; t=0.00 20:00:08

. label variable src128 "q5_6_5"
r; t=0.00 20:00:08

. assert DY[1] == "q5_6_6"
r; t=0.00 20:00:08

. rename DY src129
r; t=0.00 20:00:08

. label variable src129 "q5_6_6"
r; t=0.00 20:00:08

. assert DZ[1] == "q5_6_7"
r; t=0.00 20:00:08

. rename DZ src130
r; t=0.00 20:00:08

. label variable src130 "q5_6_7"
r; t=0.00 20:00:08

. assert EA[1] == "q5_7_1_transition"
r; t=0.00 20:00:08

. rename EA src131
r; t=0.00 20:00:08

. label variable src131 "q5_7_1_transition"
r; t=0.00 20:00:08

. assert EB[1] == "q5_7_1"
r; t=0.00 20:00:08

. rename EB src132
r; t=0.00 20:00:08

. label variable src132 "q5_7_1"
r; t=0.00 20:00:08

. assert EC[1] == "q5_7_2"
r; t=0.00 20:00:08

. rename EC src133
r; t=0.00 20:00:08

. label variable src133 "q5_7_2"
r; t=0.00 20:00:08

. assert ED[1] == "q5_7_3"
r; t=0.00 20:00:08

. rename ED src134
r; t=0.00 20:00:08

. label variable src134 "q5_7_3"
r; t=0.00 20:00:08

. assert EE[1] == "q5_7_4"
r; t=0.00 20:00:08

. rename EE src135
r; t=0.00 20:00:08

. label variable src135 "q5_7_4"
r; t=0.00 20:00:08

. assert EF[1] == "end_note"
r; t=0.00 20:00:08

. rename EF src136
r; t=0.00 20:00:08

. label variable src136 "end_note"
r; t=0.00 20:00:08

. assert EG[1] == "Record_your_current_location"
r; t=0.00 20:00:08

. rename EG src137
r; t=0.00 20:00:08

. label variable src137 "Record_your_current_location"
r; t=0.00 20:00:08

. assert EH[1] == "_Record_your_current_location_latitude"
r; t=0.00 20:00:08

. rename EH src138
r; t=0.00 20:00:08

. label variable src138 "_Record_your_current_location_latitude"
r; t=0.00 20:00:08

. assert EI[1] == "_Record_your_current_location_longitude"
r; t=0.00 20:00:08

. rename EI src139
r; t=0.00 20:00:08

. label variable src139 "_Record_your_current_location_longitude"
r; t=0.00 20:00:08

. assert EJ[1] == "_Record_your_current_location_altitude"
r; t=0.00 20:00:08

. rename EJ src140
r; t=0.00 20:00:08

. label variable src140 "_Record_your_current_location_altitude"
r; t=0.00 20:00:08

. assert EK[1] == "_Record_your_current_location_precision"
r; t=0.00 20:00:08

. rename EK src141
r; t=0.00 20:00:08

. label variable src141 "_Record_your_current_location_precision"
r; t=0.00 20:00:08

. assert EL[1] == "province"
r; t=0.00 20:00:08

. rename EL src142
r; t=0.00 20:00:08

. label variable src142 "province"
r; t=0.00 20:00:08

. assert EM[1] == "ethnicity"
r; t=0.00 20:00:08

. rename EM src143
r; t=0.00 20:00:08

. label variable src143 "ethnicity"
r; t=0.00 20:00:08

. assert EN[1] == "religion"
r; t=0.00 20:00:08

. rename EN src144
r; t=0.00 20:00:08

. label variable src144 "religion"
r; t=0.00 20:00:08

. assert EO[1] == "_id"
r; t=0.00 20:00:08

. rename EO src145
r; t=0.00 20:00:08

. label variable src145 "_id"
r; t=0.00 20:00:08

. assert EP[1] == "_uuid"
r; t=0.00 20:00:08

. rename EP src146
r; t=0.00 20:00:08

. label variable src146 "_uuid"
r; t=0.00 20:00:08

. assert EQ[1] == "_submission_time"
r; t=0.00 20:00:08

. rename EQ src147
r; t=0.00 20:00:08

. label variable src147 "_submission_time"
r; t=0.00 20:00:08

. assert ER[1] == "_validation_status"
r; t=0.00 20:00:08

. rename ER src148
r; t=0.00 20:00:08

. label variable src148 "_validation_status"
r; t=0.00 20:00:08

. assert ES[1] == "_notes"
r; t=0.00 20:00:08

. rename ES src149
r; t=0.00 20:00:08

. label variable src149 "_notes"
r; t=0.00 20:00:08

. assert ET[1] == "_status"
r; t=0.00 20:00:08

. rename ET src150
r; t=0.00 20:00:08

. label variable src150 "_status"
r; t=0.00 20:00:08

. assert EU[1] == "_submitted_by"
r; t=0.00 20:00:08

. rename EU src151
r; t=0.00 20:00:08

. label variable src151 "_submitted_by"
r; t=0.00 20:00:08

. assert EV[1] == "__version__"
r; t=0.00 20:00:08

. rename EV src152
r; t=0.00 20:00:08

. label variable src152 "__version__"
r; t=0.00 20:00:08

. assert EW[1] == "_tags"
r; t=0.00 20:00:08

. rename EW src153
r; t=0.00 20:00:08

. label variable src153 "_tags"
r; t=0.00 20:00:08

. assert EX[1] == "meta/rootUuid"
r; t=0.00 20:00:08

. rename EX src154
r; t=0.00 20:00:08

. label variable src154 "meta/rootUuid"
r; t=0.00 20:00:08

. assert EY[1] == "_index"
r; t=0.00 20:00:08

. rename EY src155
r; t=0.00 20:00:08

. label variable src155 "_index"
r; t=0.00 20:00:08

. drop in 1
(1 observation deleted)
r; t=0.00 20:00:08

. generate long source_row = _n + 1
r; t=0.00 20:00:08

. label variable source_row "Row in original Excel workbook, including header"
r; t=0.00 20:00:08

. * allstring uses Excel display formatting and hides the submission time.
. * Read the underlying numeric date separately to preserve its fractional day.
. preserve
r; t=0.00 20:00:08

. local lastrow = `imported_rows' + 1
r; t=0.00 20:00:08

. import excel "$data_raw/raw-data-student.xlsx", sheet("Youth and Aspirations Percep...") cellrange(EQ2:EQ`lastrow') cle
> ar
(1 var, 884 obs)
r; t=0.17 20:00:09

. generate long source_row = _n + 1
r; t=0.00 20:00:09

. generate double __submission_ms = round(EQ*86400000,1)
r; t=0.00 20:00:09

. keep source_row __submission_ms
r; t=0.00 20:00:09

. tempfile submission_clock
r; t=0.00 20:00:09

. save `submission_clock'
file C:\Users\ACER\AppData\Local\Temp\ST_1738_000002.tmp saved as .dta format
r; t=0.00 20:00:09

. restore
r; t=0.00 20:00:09

. merge 1:1 source_row using `submission_clock', assert(match) nogen

    Result                      Number of obs
    -----------------------------------------
    Not matched                             0
    Matched                               884  
    -----------------------------------------
r; t=0.03 20:00:09

. replace src147 = subinstr(string(__submission_ms,"%tcCCYY-NN-DD_HH:MM:SS"),"_"," ",.)
variable src147 was str16 now str19
(884 real changes made)
r; t=0.00 20:00:09

. drop __submission_ms
r; t=0.00 20:00:09

. save "$data_clean/survey_source_snapshot.dta", replace
file C:/Users/ACER/OneDrive - Samriddhi Foundation/Projects/FNF/1_data/2_clean/survey_source_snapshot.dta saved
r; t=0.00 20:00:09

. assert missing(src001)
r; t=0.00 20:00:09

. drop src001
r; t=0.00 20:00:09

. rename src002 consent_agree
r; t=0.00 20:00:09

. label variable consent_agree "Consent to participate"
r; t=0.00 20:00:09

. char consent_agree[source_name] "consent_agree"
r; t=0.00 20:00:09

. notes consent_agree: Do you understand the information I have provided, and do you agree to participate in this survey?
r; t=0.01 20:00:09

. char consent_agree[question_en] "Do you understand the information I have provided, and do you agree to participate in 
> this survey?"
r; t=0.00 20:00:09

. char consent_agree[question_ne] "मैले दिएको जानकारी तपाईंले बुझ्नुभयो र यस सर्वेक्षणमा सहभागी हुन सहमत हुनुहुन्छ?"
r; t=0.00 20:00:09

. char consent_agree[form_type] "select_one yes_no"
r; t=0.00 20:00:09

. char consent_agree[form_relevant] ""
r; t=0.00 20:00:09

. rename src003 screener
r; t=0.00 20:00:09

. label variable screener "Eligible: age 18-35 and student at sampled institution"
r; t=0.00 20:00:09

. char screener[source_name] "screener"
r; t=0.00 20:00:09

. notes screener: Are you currently between the age of 18-35 and are a student at this college/university.
r; t=0.00 20:00:09

. char screener[question_en] "Are you currently between the age of 18-35 and are a student at this college/university."
r; t=0.00 20:00:09

. char screener[question_ne] "के तपाईं हाल १८–३५ वर्ष उमेर समूहमा पर्नुहुन्छ र यस कलेज/विश्वविद्यालयमा अध्ययनरत विद्यार्थ
> ी हुनुहुन्छ?"
r; t=0.00 20:00:09

. char screener[form_type] "select_one screener"
r; t=0.00 20:00:09

. char screener[form_relevant] "USD {consent_agree} = '1'"
r; t=0.00 20:00:09

. assert missing(src004)
r; t=0.00 20:00:09

. drop src004
r; t=0.00 20:00:09

. rename src005 interview_date
r; t=0.00 20:00:09

. label variable interview_date "Interview date"
r; t=0.00 20:00:09

. char interview_date[source_name] "interview_date"
r; t=0.00 20:00:09

. notes interview_date: Interview date
r; t=0.00 20:00:09

. char interview_date[question_en] "Interview date"
r; t=0.00 20:00:09

. char interview_date[question_ne] "अन्तर्वार्ता मिति"
r; t=0.00 20:00:09

. char interview_date[form_type] "date"
r; t=0.00 20:00:09

. char interview_date[form_relevant] ""
r; t=0.00 20:00:09

. rename src006 interview_time
r; t=0.00 20:00:09

. label variable interview_time "Interview time"
r; t=0.00 20:00:09

. char interview_time[source_name] "interview_time"
r; t=0.00 20:00:09

. notes interview_time: Interview time
r; t=0.00 20:00:09

. char interview_time[question_en] "Interview time"
r; t=0.00 20:00:09

. char interview_time[question_ne] "अन्तर्वार्ता समय"
r; t=0.00 20:00:09

. char interview_time[form_type] "time"
r; t=0.00 20:00:09

. char interview_time[form_relevant] ""
r; t=0.00 20:00:09

. rename src007 interviewer
r; t=0.00 20:00:09

. label variable interviewer "Interviewer"
r; t=0.00 20:00:09

. char interviewer[source_name] "Interviewer_Name"
r; t=0.00 20:00:09

. notes interviewer: Interviewer Name
r; t=0.00 20:00:09

. char interviewer[question_en] "Interviewer Name"
r; t=0.00 20:00:09

. char interviewer[question_ne] "गणकको  नाम "
r; t=0.00 20:00:09

. char interviewer[form_type] "select_one xq9zw28"
r; t=0.00 20:00:09

. char interviewer[form_relevant] ""
r; t=0.00 20:00:09

. rename src008 province
r; t=0.00 20:00:09

. label variable province "Province (explicit codes follow supplied choice-list order)"
r; t=0.00 20:00:09

. char province[source_name] "Province"
r; t=0.00 20:00:09

. notes province: Province
r; t=0.00 20:00:09

. char province[question_en] "Province"
r; t=0.00 20:00:09

. char province[question_ne] "प्रदेश "
r; t=0.00 20:00:09

. char province[form_type] "select_one ar01j09"
r; t=0.00 20:00:09

. char province[form_relevant] ""
r; t=0.00 20:00:09

. rename src009 local_government
r; t=0.00 20:00:09

. label variable local_government "Local government"
r; t=0.00 20:00:09

. char local_government[source_name] "local_government"
r; t=0.00 20:00:09

. notes local_government: Local Government
r; t=0.00 20:00:09

. char local_government[question_en] "Local Government"
r; t=0.00 20:00:09

. char local_government[question_ne] "गाउपलिका, नगरपालिका र  पालिका को नाम   "
r; t=0.00 20:00:09

. char local_government[form_type] "text"
r; t=0.00 20:00:09

. char local_government[form_relevant] ""
r; t=0.00 20:00:09

. rename src010 ward
r; t=0.00 20:00:09

. label variable ward "Ward number"
r; t=0.00 20:00:09

. char ward[source_name] "ward"
r; t=0.00 20:00:09

. notes ward: Ward
r; t=0.00 20:00:09

. char ward[question_en] "Ward"
r; t=0.00 20:00:09

. char ward[question_ne] "वडा"
r; t=0.00 20:00:09

. char ward[form_type] "text"
r; t=0.00 20:00:09

. char ward[form_relevant] ""
r; t=0.00 20:00:09

. assert missing(src011)
r; t=0.00 20:00:09

. drop src011
r; t=0.00 20:00:09

. assert missing(src012)
r; t=0.00 20:00:09

. drop src012
r; t=0.00 20:00:09

. rename src013 age
r; t=0.00 20:00:09

. label variable age "1.1 Age in completed years"
r; t=0.00 20:00:09

. char age[source_name] "age"
r; t=0.00 20:00:09

. notes age: 1.1 What is your age?
r; t=0.00 20:00:09

. char age[question_en] "1.1 What is your age?"
r; t=0.00 20:00:09

. char age[question_ne] "१.१ हजुरको उमेर कति हो?"
r; t=0.00 20:00:09

. char age[form_type] "integer"
r; t=0.00 20:00:09

. char age[form_relevant] ""
r; t=0.00 20:00:09

. rename src014 gender
r; t=0.00 20:00:09

. label variable gender "1.2 Gender"
r; t=0.00 20:00:09

. char gender[source_name] "gender"
r; t=0.00 20:00:09

. notes gender: 1.2 What is your Gender?
r; t=0.00 20:00:09

. char gender[question_en] "1.2 What is your Gender?"
r; t=0.00 20:00:09

. char gender[question_ne] "१.२ हजुरको लिंग के हो?"
r; t=0.00 20:00:09

. char gender[form_type] "select_one gender"
r; t=0.00 20:00:09

. char gender[form_relevant] ""
r; t=0.00 20:00:09

. rename src015 gender_other
r; t=0.00 20:00:09

. label variable gender_other "1.2 Gender: other, specified"
r; t=0.00 20:00:09

. char gender_other[source_name] "gender_other"
r; t=0.00 20:00:09

. notes gender_other: Please specify
r; t=0.00 20:00:09

. char gender_other[question_en] "Please specify"
r; t=0.00 20:00:09

. char gender_other[question_ne] "कृपया उल्लेख गर्नुहोस्"
r; t=0.00 20:00:09

. char gender_other[form_type] "text"
r; t=0.00 20:00:09

. char gender_other[form_relevant] "USD {gender} = '3'"
r; t=0.00 20:00:09

. rename src016 education
r; t=0.00 20:00:09

. label variable education "1.3 Current education level and year"
r; t=0.00 20:00:09

. char education[source_name] "education"
r; t=0.00 20:00:09

. notes education: 1.3 What is the highest level of education you are currently pursuing?
r; t=0.00 20:00:09

. char education[question_en] "1.3 What is the highest level of education you are currently pursuing?"
r; t=0.00 20:00:09

. char education[question_ne] "१.३ तपाईंले हाल अध्ययन गर्नु भएको  उच्चतम शैक्षिक तह कुन हो ?"
r; t=0.00 20:00:09

. char education[form_type] "select_one education"
r; t=0.00 20:00:09

. char education[form_relevant] ""
r; t=0.00 20:00:09

. rename src017 edu_school
r; t=0.00 20:00:09

. label variable edu_school "1.3.1 SLC/SEE school: private or public"
r; t=0.00 20:00:09

. char edu_school[source_name] "edu_school"
r; t=0.00 20:00:09

. notes edu_school: 1.3.1 Did you attend a private or public school for your SLC/SEE education?
r; t=0.00 20:00:09

. char edu_school[question_en] "1.3.1 Did you attend a private or public school for your SLC/SEE education?"
r; t=0.00 20:00:09

. char edu_school[question_ne] "१.३.१ तपाईंले एसएलसी/एसईई तहमा निजी वा सरकारी/सार्वजनिक विद्यालयमध्ये कुनमा अध्ययन गर्नुभ
> एको थियो?"
r; t=0.00 20:00:09

. char edu_school[form_type] "select_one private_public"
r; t=0.00 20:00:09

. char edu_school[form_relevant] "USD {education} != '-99'"
r; t=0.00 20:00:09

. rename src018 edu_plus2
r; t=0.00 20:00:09

. label variable edu_plus2 "1.3.2 Plus-two institution: private or public"
r; t=0.00 20:00:09

. char edu_plus2[source_name] "edu_plus2"
r; t=0.00 20:00:09

. notes edu_plus2: 1.3.2 Did you attend a private or public institution for your +2 education?
r; t=0.00 20:00:09

. char edu_plus2[question_en] "1.3.2 Did you attend a private or public institution for your +2 education?"
r; t=0.00 20:00:09

. char edu_plus2[question_ne] "१.३.२ तपाईंले +२ तहमा निजी वा सरकारी/सार्वजनिक शैक्षिक संस्थामध्ये कुनमा अध्ययन गर्नुभएको 
> थियो?"
r; t=0.00 20:00:09

. char edu_plus2[form_type] "select_one private_public"
r; t=0.00 20:00:09

. char edu_plus2[form_relevant] "USD {education} != '-99'"
r; t=0.00 20:00:09

. rename src019 edu_bachelors
r; t=0.00 20:00:09

. label variable edu_bachelors "1.3.3 Bachelor's institution: private or public"
r; t=0.00 20:00:09

. char edu_bachelors[source_name] "edu_bachelors"
r; t=0.00 20:00:09

. notes edu_bachelors: 1.3.3 Did you attend a private or public institution for your Bachelor's degree?
r; t=0.00 20:00:09

. char edu_bachelors[question_en] "1.3.3 Did you attend a private or public institution for your Bachelor's degree?"
r; t=0.00 20:00:09

. char edu_bachelors[question_ne] "१.३.३ तपाईंले स्नातक तहमा निजी वा सरकारी/सार्वजनिक शैक्षिक संस्थामध्ये कुनमा अध्ययन गर
> ्नुभएको थियो?"
r; t=0.00 20:00:09

. char edu_bachelors[form_type] "select_one private_public"
r; t=0.00 20:00:09

. char edu_bachelors[form_relevant] "USD {education} = '6' or USD {education} = '7' or USD {education} = '8'"
r; t=0.00 20:00:09

. rename src020 edu_masters
r; t=0.00 20:00:09

. label variable edu_masters "1.3.4 Master's or higher institution: private or public"
r; t=0.00 20:00:09

. char edu_masters[source_name] "edu_masters"
r; t=0.00 20:00:09

. notes edu_masters: 1.3.4 Did you attend a private or public institution for your Master's degree or above?
r; t=0.00 20:00:09

. char edu_masters[question_en] "1.3.4 Did you attend a private or public institution for your Master's degree or above?"
r; t=0.00 20:00:09

. char edu_masters[question_ne] "१.३.४ तपाईंले स्नातकोत्तर वा सोभन्दा माथिको तहमा निजी वा सरकारी/सार्वजनिक शैक्षिक संस्था
> मध्ये कुनमा अध्ययन गर्नुभएको थियो?"
r; t=0.00 20:00:09

. char edu_masters[form_type] "select_one private_public"
r; t=0.00 20:00:09

. char edu_masters[form_relevant] "USD {education} = '6' or USD {education} = '8'"
r; t=0.00 20:00:09

. rename src021 ethnicity
r; t=0.00 20:00:09

. label variable ethnicity "1.4 Caste/ethnicity"
r; t=0.00 20:00:09

. char ethnicity[source_name] "_1_4_What_is_your_caste_ethnicity"
r; t=0.00 20:00:09

. notes ethnicity: 1.4 What is your caste/ethnicity?
r; t=0.00 20:00:09

. char ethnicity[question_en] "1.4 What is your caste/ethnicity?"
r; t=0.00 20:00:09

. char ethnicity[question_ne] "१.४ तपाई को जात/जातियता के हो?"
r; t=0.00 20:00:09

. char ethnicity[form_type] "select_one cp3qw00"
r; t=0.00 20:00:09

. char ethnicity[form_relevant] ""
r; t=0.00 20:00:09

. rename src022 religious_belief
r; t=0.00 20:00:09

. label variable religious_belief "1.5 Considers self a person with religious beliefs"
r; t=0.00 20:00:09

. char religious_belief[source_name] "religious_belief"
r; t=0.00 20:00:09

. notes religious_belief: 1.5.  Do you consider yourself a person with religious beliefs?
r; t=0.00 20:00:09

. char religious_belief[question_en] "1.5.  Do you consider yourself a person with religious beliefs?"
r; t=0.00 20:00:09

. char religious_belief[question_ne] "१.५ आफूलाई धार्मिक आस्था भएको व्यक्ति मान्नुहुन्छ?"
r; t=0.00 20:00:09

. char religious_belief[form_type] "select_one yes_no_unsure"
r; t=0.00 20:00:09

. char religious_belief[form_relevant] ""
r; t=0.00 20:00:09

. rename src023 religion
r; t=0.00 20:00:09

. label variable religion "1.6 Religion"
r; t=0.00 20:00:09

. char religion[source_name] "_1_6_Which_religion_do_you_identify_with"
r; t=0.00 20:00:09

. notes religion: 1.6 Which religion do you identify with?
r; t=0.00 20:00:09

. char religion[question_en] "1.6 Which religion do you identify with?"
r; t=0.00 20:00:09

. char religion[question_ne] "१.६ तपाई को धर्म के हो ?"
r; t=0.00 20:00:09

. char religion[form_type] "select_one hn9bp27"
r; t=0.00 20:00:09

. char religion[form_relevant] "USD {religious_belief} = '1'"
r; t=0.00 20:00:09

. rename src024 marital_status
r; t=0.00 20:00:09

. label variable marital_status "1.7 Marital status"
r; t=0.00 20:00:09

. char marital_status[source_name] "marital_status"
r; t=0.00 20:00:09

. notes marital_status: 1.7.  What is your marital status?
r; t=0.00 20:00:09

. char marital_status[question_en] "1.7.  What is your marital status?"
r; t=0.00 20:00:09

. char marital_status[question_ne] "१.७ तपाईंको वैवाहिक अवस्था के हो?"
r; t=0.00 20:00:09

. char marital_status[form_type] "select_one marital"
r; t=0.00 20:00:09

. char marital_status[form_relevant] ""
r; t=0.00 20:00:09

. rename src025 life_place
r; t=0.00 20:00:09

. label variable life_place "1.8 Urban/rural location of most of life"
r; t=0.00 20:00:09

. char life_place[source_name] "life_place"
r; t=0.00 20:00:09

. notes life_place: 1.8.  Where have you spent most of your life in?
r; t=0.00 20:00:09

. char life_place[question_en] "1.8.  Where have you spent most of your life in?"
r; t=0.00 20:00:09

. char life_place[question_ne] "१.८ तपाईंले आफ्नो जीवनको अधिकांश समय कहाँ बिताउनुभएको छ?"
r; t=0.00 20:00:09

. char life_place[form_type] "select_one urban_rural"
r; t=0.00 20:00:09

. char life_place[form_relevant] ""
r; t=0.00 20:00:09

. rename src026 family_abroad
r; t=0.00 20:00:09

. label variable family_abroad "1.9 Close family member has lived or lives abroad"
r; t=0.00 20:00:09

. char family_abroad[source_name] "family_abroad"
r; t=0.00 20:00:09

. notes family_abroad: 1.9.  Have any of your close family member lived abroad or is currently living abroad?
r; t=0.00 20:00:09

. char family_abroad[question_en] "1.9.  Have any of your close family member lived abroad or is currently living abroad?
> "
r; t=0.00 20:00:09

. char family_abroad[question_ne] "१.९ तपाईंका नजिकका परिवारका कुनै सदस्य विदेशमा बस्नुभएको छ वा हाल विदेशमा बसिरहनुभएको 
> छ?"
r; t=0.00 20:00:09

. char family_abroad[form_type] "select_one yes_no_pns"
r; t=0.00 20:00:09

. char family_abroad[form_relevant] ""
r; t=0.00 20:00:09

. rename src027 family_returned
r; t=0.00 20:00:09

. label variable family_returned "1.9.1 Family member abroad returned permanently"
r; t=0.00 20:00:09

. char family_returned[source_name] "family_returned"
r; t=0.00 20:00:09

. notes family_returned: 1.9.1. Has he/she returned permanetly?
r; t=0.00 20:00:09

. char family_returned[question_en] "1.9.1. Has he/she returned permanetly?"
r; t=0.00 20:00:09

. char family_returned[question_ne] "१.९.१ उहाँ सधै को लागि फर्केर आउनुभएको छ?"
r; t=0.00 20:00:09

. char family_returned[form_type] "select_one yes_no_dk_pns"
r; t=0.00 20:00:09

. char family_returned[form_relevant] "USD {family_abroad} = '1'"
r; t=0.00 20:00:09

. rename src028 migration_plan
r; t=0.00 20:00:09

. label variable migration_plan "1.10 Plans to go abroad or stay in Nepal"
r; t=0.00 20:00:09

. char migration_plan[source_name] "migration_plan"
r; t=0.00 20:00:09

. notes migration_plan: 1.10.  Are you planning to go abroad or stay in Nepal?
r; t=0.00 20:00:09

. char migration_plan[question_en] "1.10.  Are you planning to go abroad or stay in Nepal?"
r; t=0.00 20:00:09

. char migration_plan[question_ne] "१.१० तपाईं विदेश जाने योजना बनाउँदै हुनुहुन्छ कि नेपालमै बस्ने?"
r; t=0.00 20:00:09

. char migration_plan[form_type] "select_one migration_plan"
r; t=0.00 20:00:09

. char migration_plan[form_relevant] ""
r; t=0.00 20:00:09

. rename src029 abroad_purpose
r; t=0.00 20:00:09

. label variable abroad_purpose "1.10.1a Purpose of going abroad"
r; t=0.00 20:00:09

. char abroad_purpose[source_name] "abroad_purpose"
r; t=0.00 20:00:09

. notes abroad_purpose: 1.10.1a.  Are you planning to study or work?
r; t=0.00 20:00:09

. char abroad_purpose[question_en] "1.10.1a.  Are you planning to study or work?"
r; t=0.00 20:00:09

. char abroad_purpose[question_ne] "१.१०.१क  तपाईं अध्ययन गर्न जाने योजना बनाउँदै हुनुहुन्छ कि काम गर्न?"
r; t=0.00 20:00:09

. char abroad_purpose[form_type] "select_one abroad_purpose"
r; t=0.00 20:00:09

. char abroad_purpose[form_relevant] "USD {migration_plan} = '1'"
r; t=0.00 20:00:09

. rename src030 nepal_plan
r; t=0.00 20:00:09

. label variable nepal_plan "1.10.1b Plans while staying in Nepal"
r; t=0.00 20:00:09

. char nepal_plan[source_name] "nepal_plan"
r; t=0.00 20:00:09

. notes nepal_plan: 1.10.1b.  Are you planning to continue your study, seek a job or start your business?
r; t=0.00 20:00:09

. char nepal_plan[question_en] "1.10.1b.  Are you planning to continue your study, seek a job or start your business?"
r; t=0.00 20:00:09

. char nepal_plan[question_ne] "१.१०.१ख तपाईं आफ्नो अध्ययनलाई निरन्तरता दिने, रोजगारी खोज्ने वा व्यवसाय सुरु गर्ने योजनाम
> ा हुनुहुन्छ?"
r; t=0.00 20:00:09

. char nepal_plan[form_type] "select_one nepal_plan"
r; t=0.00 20:00:09

. char nepal_plan[form_relevant] "USD {migration_plan} = '2'"
r; t=0.00 20:00:09

. assert missing(src031)
r; t=0.00 20:00:09

. drop src031
r; t=0.00 20:00:09

. assert missing(src032)
r; t=0.00 20:00:09

. drop src032
r; t=0.00 20:00:09

. rename src033 q2_1
r; t=0.00 20:00:09

. label variable q2_1 "2.1 Agreement: politics is central to living in Nepal"
r; t=0.00 20:00:09

. char q2_1[source_name] "q2_1"
r; t=0.00 20:00:09

. notes q2_1: 2.1. To what extent do you agree with the following statement? “Involvement on politics is central to livin
> g in Nepal”
r; t=0.00 20:00:09

. char q2_1[question_en] "2.1. To what extent do you agree with the following statement? “Involvement on politics is cent
> ral to living in Nepal”"
r; t=0.00 20:00:09

. char q2_1[question_ne] "२.१ तलका भनाइहरूसँग तपाईं कत्तिको सहमत हुनुहुन्छ? “नेपालमा जीवन बिताउन राजनीतिमा संलग्नता महत्व
> पूर्ण छ ।”"
r; t=0.00 20:00:09

. char q2_1[form_type] "select_one agree5"
r; t=0.00 20:00:09

. char q2_1[form_relevant] ""
r; t=0.00 20:00:09

. rename src034 q2_2
r; t=0.00 20:00:09

. label variable q2_2 "2.2 Frequency of following political news"
r; t=0.00 20:00:09

. char q2_2[source_name] "q2_2"
r; t=0.00 20:00:09

. notes q2_2: 2.2.  How often do you follow political news?
r; t=0.00 20:00:09

. char q2_2[question_en] "2.2.  How often do you follow political news?"
r; t=0.00 20:00:09

. char q2_2[question_ne] "२.२ तपाईं राजनीतिक समाचार कत्तिको  हेर्नु वा पढ्नुहुन्छ?"
r; t=0.00 20:00:09

. char q2_2[form_type] "select_one newsfreq"
r; t=0.00 20:00:09

. char q2_2[form_relevant] ""
r; t=0.00 20:00:09

. rename src035 q2_3
r; t=0.00 20:00:09

. label variable q2_3 "2.3 Active involvement in politics/political organizations"
r; t=0.00 20:00:09

. char q2_3[source_name] "q2_3"
r; t=0.00 20:00:09

. notes q2_3: 2.3.  Have you been actively involved in politics/political organizations?
r; t=0.00 20:00:09

. char q2_3[question_en] "2.3.  Have you been actively involved in politics/political organizations?"
r; t=0.00 20:00:09

. char q2_3[question_ne] "२.३ के तपाईं राजनीतिमा वा राजनीतिक संस्थाहरूमा (जस्तै राजनीतिक दल, कलेज/विस्वविध्यालयको  संगठनह
> रु, दलको भात्री संगठन, टोल सुधार समिति हरु, युवा क्लभहरू)    सक्रिय रूपमा संलग्न हुनुभएको छ/हुनु हुन्छ ?"
r; t=0.00 20:00:09

. char q2_3[form_type] "select_one yes_no_pns"
r; t=0.00 20:00:09

. char q2_3[form_relevant] ""
r; t=0.00 20:00:09

. rename src036 q2_4
r; t=0.00 20:00:09

. label variable q2_4 "2.4 Voted in 2022 federal election"
r; t=0.00 20:00:09

. char q2_4[source_name] "q2_4"
r; t=0.00 20:00:09

. notes q2_4: 2.4.  Did you vote in the 2022 federal election? (Ask only for respondents above or equal to the age of 22)
r; t=0.00 20:00:09

. char q2_4[question_en] "2.4.  Did you vote in the 2022 federal election? (Ask only for respondents above or equal to th
> e age of 22)"
r; t=0.00 20:00:09

. char q2_4[question_ne] "२.४ के तपाईंले २०७९ को प्रतिनिधिसभा निर्वाचनमा मतदान गर्नुभयो?"
r; t=0.00 20:00:09

. char q2_4[form_type] "select_one vote"
r; t=0.00 20:00:09

. char q2_4[form_relevant] "USD {age} >= 22"
r; t=0.00 20:00:09

. rename src037 q2_4_1
r; t=0.00 20:00:09

. label variable q2_4_1 "2.4.1 Reason for not voting: federal"
r; t=0.00 20:00:09

. char q2_4_1[source_name] "q2_4_1"
r; t=0.00 20:00:09

. notes q2_4_1: 2.4.1.  Why didn’t you vote?
r; t=0.00 20:00:09

. char q2_4_1[question_en] "2.4.1.  Why didn’t you vote?"
r; t=0.00 20:00:09

. char q2_4_1[question_ne] "२.४.१ तपाईंले किन मतदान गर्नुभएन?"
r; t=0.00 20:00:09

. char q2_4_1[form_type] "select_one nonvote_reason"
r; t=0.00 20:00:09

. char q2_4_1[form_relevant] "USD {q2_4} = '2'"
r; t=0.00 20:00:09

. rename src038 q2_4_1_other
r; t=0.00 20:00:09

. label variable q2_4_1_other "2.4.1 Other reason for not voting: federal"
r; t=0.00 20:00:09

. char q2_4_1_other[source_name] "Others_Please_Specify"
r; t=0.00 20:00:09

. notes q2_4_1_other: Others Please Specify
r; t=0.00 20:00:09

. char q2_4_1_other[question_en] "Others Please Specify"
r; t=0.00 20:00:09

. char q2_4_1_other[question_ne] "अरु कारण भए खुलाइदिनुहोला "
r; t=0.00 20:00:09

. char q2_4_1_other[form_type] "text"
r; t=0.00 20:00:09

. char q2_4_1_other[form_relevant] "USD {q2_4_1} = 'others_please_specify'"
r; t=0.00 20:00:09

. rename src039 q2_5
r; t=0.00 20:00:09

. label variable q2_5 "2.5 Voted in 2022 provincial election"
r; t=0.00 20:00:09

. char q2_5[source_name] "q2_5"
r; t=0.00 20:00:09

. notes q2_5: 2.5.  Did you vote in the 2022 provincial election? (Ask only for respondents above or equal to the age of 
> 22)
r; t=0.00 20:00:09

. char q2_5[question_en] "2.5.  Did you vote in the 2022 provincial election? (Ask only for respondents above or equal to
>  the age of 22)"
r; t=0.00 20:00:09

. char q2_5[question_ne] "२.५ के तपाईंले २०७९ को प्रदेशसभा निर्वाचनमा मतदान गर्नुभयो?"
r; t=0.00 20:00:09

. char q2_5[form_type] "select_one vote"
r; t=0.00 20:00:09

. char q2_5[form_relevant] "USD {age} >= 22 and USD {q2_4} = '1'"
r; t=0.00 20:00:09

. rename src040 q2_5_1
r; t=0.00 20:00:09

. label variable q2_5_1 "2.5.1 Reason for not voting: provincial"
r; t=0.00 20:00:09

. char q2_5_1[source_name] "q2_5_1"
r; t=0.00 20:00:09

. notes q2_5_1: 2.5.1.  Why didn’t you vote?
r; t=0.00 20:00:09

. char q2_5_1[question_en] "2.5.1.  Why didn’t you vote?"
r; t=0.00 20:00:09

. char q2_5_1[question_ne] "२.५.१ तपाईंले किन मतदान गर्नुभएन?"
r; t=0.00 20:00:09

. char q2_5_1[form_type] "select_one nonvote_reason"
r; t=0.00 20:00:09

. char q2_5_1[form_relevant] "USD {q2_5} = '2'"
r; t=0.00 20:00:09

. rename src041 q2_5_1_other
r; t=0.00 20:00:09

. label variable q2_5_1_other "2.5.1 Other reason for not voting: provincial"
r; t=0.00 20:00:09

. char q2_5_1_other[source_name] "Others_please_specify_001"
r; t=0.00 20:00:09

. notes q2_5_1_other: Others please specify
r; t=0.00 20:00:09

. char q2_5_1_other[question_en] "Others please specify"
r; t=0.00 20:00:09

. char q2_5_1_other[question_ne] "अरु कारण भए खुलाइदिनुहोला "
r; t=0.00 20:00:09

. char q2_5_1_other[form_type] "text"
r; t=0.00 20:00:09

. char q2_5_1_other[form_relevant] "USD {q2_5_1} = 'others_please_specify'"
r; t=0.00 20:00:09

. rename src042 q2_6
r; t=0.00 20:00:09

. label variable q2_6 "2.6 Voted in 2022 local election"
r; t=0.00 20:00:09

. char q2_6[source_name] "q2_6"
r; t=0.00 20:00:09

. notes q2_6: 2.6.  Did you vote in the 2022 local election? (Ask only for respondents above or equal to the age of 22)
r; t=0.00 20:00:09

. char q2_6[question_en] "2.6.  Did you vote in the 2022 local election? (Ask only for respondents above or equal to the 
> age of 22)"
r; t=0.00 20:00:09

. char q2_6[question_ne] "२.६ के तपाईंले २०७९ को स्थानीय तह निर्वाचनमा मतदान गर्नुभयो?"
r; t=0.00 20:00:09

. char q2_6[form_type] "select_one vote"
r; t=0.00 20:00:09

. char q2_6[form_relevant] "USD {age} >= 22"
r; t=0.00 20:00:09

. rename src043 q2_6_1
r; t=0.00 20:00:09

. label variable q2_6_1 "2.6.1 Reason for not voting: local"
r; t=0.00 20:00:09

. char q2_6_1[source_name] "q2_6_1"
r; t=0.00 20:00:09

. notes q2_6_1: 2.6.1.  Why didn’t you vote?
r; t=0.00 20:00:09

. char q2_6_1[question_en] "2.6.1.  Why didn’t you vote?"
r; t=0.00 20:00:09

. char q2_6_1[question_ne] "२.६.१ तपाईंले किन मतदान गर्नुभएन?"
r; t=0.00 20:00:09

. char q2_6_1[form_type] "select_one nonvote_reason"
r; t=0.00 20:00:09

. char q2_6_1[form_relevant] "USD {q2_6} = '2'"
r; t=0.00 20:00:09

. rename src044 q2_6_1_other
r; t=0.00 20:00:09

. label variable q2_6_1_other "2.6.1 Other reason for not voting: local"
r; t=0.00 20:00:09

. char q2_6_1_other[source_name] "Others_please_specify_002"
r; t=0.00 20:00:09

. notes q2_6_1_other: Others please specify
r; t=0.00 20:00:09

. char q2_6_1_other[question_en] "Others please specify"
r; t=0.00 20:00:09

. char q2_6_1_other[question_ne] "अरु कारण भए खुलाइदिनुहोला "
r; t=0.00 20:00:09

. char q2_6_1_other[form_type] "text"
r; t=0.00 20:00:09

. char q2_6_1_other[form_relevant] "USD {q2_6_1} = 'others_please_specify'"
r; t=0.00 20:00:09

. assert missing(src045)
r; t=0.00 20:00:09

. drop src045
r; t=0.00 20:00:09

. rename src046 q2_7
r; t=0.00 20:00:09

. label variable q2_7 "2.7 Likelihood of voting in 2027 local elections"
r; t=0.00 20:00:09

. char q2_7[source_name] "q2_7"
r; t=0.00 20:00:09

. notes q2_7: 2.7.  How likely are you to vote in the upcoming 2027 local elections?
r; t=0.00 20:00:09

. char q2_7[question_en] "2.7.  How likely are you to vote in the upcoming 2027 local elections?"
r; t=0.00 20:00:09

. char q2_7[question_ne] "२.७ आगामी २०८४ को स्थानीय तह निर्वाचनमा तपाईंले मतदान गर्ने सम्भावना कत्तिको छ?"
r; t=0.00 20:00:09

. char q2_7[form_type] "select_one future_vote"
r; t=0.00 20:00:09

. char q2_7[form_relevant] ""
r; t=0.00 20:00:09

. rename src047 q2_7_1
r; t=0.00 20:00:09

. label variable q2_7_1 "2.7.1 Reason unlikely to vote in 2027 local elections"
r; t=0.00 20:00:09

. char q2_7_1[source_name] "q2_7_1"
r; t=0.00 20:00:09

. notes q2_7_1: 2.7.1.  Why are you unlikely to vote?
r; t=0.00 20:00:09

. char q2_7_1[question_en] "2.7.1.  Why are you unlikely to vote?"
r; t=0.00 20:00:09

. char q2_7_1[question_ne] "२.७.१ तपाईंले मतदान गर्ने सम्भावना कम हुनुको मुख्य कारण के हो?"
r; t=0.00 20:00:09

. char q2_7_1[form_type] "select_one unlikely_reason"
r; t=0.00 20:00:09

. char q2_7_1[form_relevant] "USD {q2_7} = '3' or USD {q2_7} = '4'"
r; t=0.00 20:00:09

. assert missing(src048)
r; t=0.00 20:00:09

. drop src048
r; t=0.00 20:00:09

. assert missing(src049)
r; t=0.00 20:00:09

. drop src049
r; t=0.00 20:00:09

. rename src050 q2_8_1
r; t=0.00 20:00:09

. label variable q2_8_1 "2.8.1 Past 12 months: Attended campaign/rally"
r; t=0.00 20:00:09

. char q2_8_1[source_name] "q2_8_1"
r; t=0.00 20:00:09

. notes q2_8_1: Attend a political campaign or election rally
r; t=0.00 20:00:09

. char q2_8_1[question_en] "Attend a political campaign or election rally"
r; t=0.00 20:00:09

. char q2_8_1[question_ne] "राजनीतिक अभियान वा चुनावी सभामा सहभागी भएको"
r; t=0.00 20:00:09

. char q2_8_1[form_type] "select_one civic_yes_no"
r; t=0.00 20:00:09

. char q2_8_1[form_relevant] ""
r; t=0.00 20:00:09

. rename src051 q2_8_2
r; t=0.00 20:00:09

. label variable q2_8_2 "2.8.2 Past 12 months: Volunteered for party/campaign"
r; t=0.00 20:00:09

. char q2_8_2[source_name] "q2_8_2"
r; t=0.00 20:00:09

. notes q2_8_2: Volunteered for a political party or election campaign
r; t=0.00 20:00:09

. char q2_8_2[question_en] "Volunteered for a political party or election campaign"
r; t=0.00 20:00:09

. char q2_8_2[question_ne] "राजनीतिक दल वा निर्वाचन अभियानमा स्वयंसेवकका रूपमा काम गरेको"
r; t=0.00 20:00:09

. char q2_8_2[form_type] "select_one civic_yes_no"
r; t=0.00 20:00:09

. char q2_8_2[form_relevant] ""
r; t=0.00 20:00:09

. rename src052 q2_8_3
r; t=0.00 20:00:09

. label variable q2_8_3 "2.8.3 Past 12 months: Joined protest/demonstration"
r; t=0.00 20:00:09

. char q2_8_3[source_name] "q2_8_3"
r; t=0.00 20:00:09

. notes q2_8_3: Participated in protest/demonstration
r; t=0.00 20:00:09

. char q2_8_3[question_en] "Participated in protest/demonstration"
r; t=0.00 20:00:09

. char q2_8_3[question_ne] "विरोध/प्रदर्शनमा सहभागी भएको"
r; t=0.00 20:00:09

. char q2_8_3[form_type] "select_one civic_yes_no"
r; t=0.00 20:00:09

. char q2_8_3[form_relevant] ""
r; t=0.00 20:00:09

. rename src053 q2_8_4
r; t=0.00 20:00:09

. label variable q2_8_4 "2.8.4 Past 12 months: Joined public meeting/discussion"
r; t=0.00 20:00:09

. char q2_8_4[source_name] "q2_8_4"
r; t=0.00 20:00:09

. notes q2_8_4: Participated in a public meeting/ discussion
r; t=0.00 20:00:09

. char q2_8_4[question_en] "Participated in a public meeting/ discussion"
r; t=0.00 20:00:09

. char q2_8_4[question_ne] "सार्वजनिक बैठक/छलफलमा सहभागी भएको"
r; t=0.00 20:00:09

. char q2_8_4[form_type] "select_one civic_yes_no"
r; t=0.00 20:00:09

. char q2_8_4[form_relevant] ""
r; t=0.00 20:00:09

. rename src054 q2_8_5
r; t=0.00 20:00:09

. label variable q2_8_5 "2.8.5 Past 12 months: Contacted elected representative"
r; t=0.00 20:00:09

. char q2_8_5[source_name] "q2_8_5"
r; t=0.00 20:00:09

. notes q2_8_5: Contacted an elected representative to raise an issue
r; t=0.00 20:00:09

. char q2_8_5[question_en] "Contacted an elected representative to raise an issue"
r; t=0.00 20:00:09

. char q2_8_5[question_ne] "कुनै विषय उठाउन निर्वाचित प्रतिनिधिसँग सम्पर्क गरेको"
r; t=0.00 20:00:09

. char q2_8_5[form_type] "select_one civic_yes_no"
r; t=0.00 20:00:09

. char q2_8_5[form_relevant] ""
r; t=0.00 20:00:09

. rename src055 q2_8_6
r; t=0.00 20:00:09

. label variable q2_8_6 "2.8.6 Past 12 months: Joined ward user committee"
r; t=0.00 20:00:09

. char q2_8_6[source_name] "q2_8_6"
r; t=0.00 20:00:09

. notes q2_8_6: Become a member of the user’s committee at your ward
r; t=0.00 20:00:09

. char q2_8_6[question_en] "Become a member of the user’s committee at your ward"
r; t=0.00 20:00:09

. char q2_8_6[question_ne] "आफ्नो वडाको उपभोक्ता समितिको सदस्य बनेको"
r; t=0.00 20:00:09

. char q2_8_6[form_type] "select_one civic_yes_no"
r; t=0.00 20:00:09

. char q2_8_6[form_relevant] ""
r; t=0.00 20:00:09

. rename src056 q2_9
r; t=0.00 20:00:09

. label variable q2_9 "2.9 Confidence in influencing government decisions"
r; t=0.00 20:00:09

. char q2_9[source_name] "q2_9"
r; t=0.00 20:00:09

. notes q2_9: 2.9.  How confident are you that people like you can influence government decisions?
r; t=0.00 20:00:09

. char q2_9[question_en] "2.9.  How confident are you that people like you can influence government decisions?"
r; t=0.00 20:00:09

. char q2_9[question_ne] "२.९ हजुरको उमेर समुहको नागरिकहरुले  सरकारी निर्णयहरूमा प्रभाव पार्न सक्छन् भन्ने कुरामा तपाईं क
> त्तिको विश्वस्त हुनुहुन्छ?"
r; t=0.00 20:00:09

. char q2_9[form_type] "select_one confidence"
r; t=0.00 20:00:09

. char q2_9[form_relevant] ""
r; t=0.00 20:00:09

. assert missing(src057)
r; t=0.00 20:00:09

. drop src057
r; t=0.00 20:00:09

. assert missing(src058)
r; t=0.00 20:00:09

. drop src058
r; t=0.00 20:00:09

. rename src059 q3_1_1
r; t=0.00 20:00:09

. label variable q3_1_1 "Nepal instability cause: Government changes/party conflict"
r; t=0.00 20:00:09

. char q3_1_1[source_name] "q3_1_1"
r; t=0.00 20:00:09

. notes q3_1_1: 3.1.1  Frequent change in government and political conflict within and between parties causes political i
> nstability in Nepal.
r; t=0.00 20:00:09

. char q3_1_1[question_en] "3.1.1  Frequent change in government and political conflict within and between parties causes
>  political instability in Nepal."
r; t=0.00 20:00:09

. char q3_1_1[question_ne] "३.१.१ सरकारमा बारम्बार हुने परिवर्तन तथा दलभित्र र दलहरूबीचको राजनीतिक द्वन्द्वले नेपालमा राज
> नीतिक अस्थिरता निम्त्याउँछ।"
r; t=0.00 20:00:09

. char q3_1_1[form_type] "select_one agree5"
r; t=0.00 20:00:09

. char q3_1_1[form_relevant] ""
r; t=0.00 20:00:09

. rename src060 q3_1_2
r; t=0.00 20:00:09

. label variable q3_1_2 "Nepal instability cause: Policy formulation failure"
r; t=0.00 20:00:09

. char q3_1_2[source_name] "q3_1_2"
r; t=0.00 20:00:09

. notes q3_1_2: 3.1.2 Inability of the government to formulate policies causes political instability in Nepal.
r; t=0.00 20:00:09

. char q3_1_2[question_en] "3.1.2 Inability of the government to formulate policies causes political instability in Nepal
> ."
r; t=0.00 20:00:09

. char q3_1_2[question_ne] "३.१.२ सरकारले नीति बनाउन नसक्दा नेपालमा राजनीतिक अस्थिरता निम्तिन्छ।"
r; t=0.00 20:00:09

. char q3_1_2[form_type] "select_one agree5"
r; t=0.00 20:00:09

. char q3_1_2[form_relevant] ""
r; t=0.00 20:00:09

. rename src061 q3_1_2_001
r; t=0.00 20:00:09

. label variable q3_1_2_001 "Nepal instability cause: Policy implementation failure"
r; t=0.00 20:00:09

. char q3_1_2_001[source_name] "q3_1_2_001"
r; t=0.00 20:00:09

. notes q3_1_2_001: 3.1.3 Inability of the government to implement its policies causes political instability in Nepal.
r; t=0.00 20:00:09

. char q3_1_2_001[question_en] "3.1.3 Inability of the government to implement its policies causes political instability 
> in Nepal."
r; t=0.00 20:00:09

. char q3_1_2_001[question_ne] "३.१.२ सरकारले नीति कार्यान्वयन गर्न नसक्दा नेपालमा राजनीतिक अस्थिरता निम्तिन्छ।"
r; t=0.00 20:00:09

. char q3_1_2_001[form_type] "select_one vx7xv18"
r; t=0.00 20:00:09

. char q3_1_2_001[form_relevant] ""
r; t=0.00 20:00:09

. rename src062 q3_1_3
r; t=0.00 20:00:09

. label variable q3_1_3 "Nepal instability cause: Corruption"
r; t=0.00 20:00:09

. char q3_1_3[source_name] "q3_1_3"
r; t=0.00 20:00:09

. notes q3_1_3: 3.1.4 Corruption causes political instability.
r; t=0.00 20:00:09

. char q3_1_3[question_en] "3.1.4 Corruption causes political instability."
r; t=0.00 20:00:09

. char q3_1_3[question_ne] "३.१.४ भ्रष्टाचारले राजनीतिक अस्थिरता निम्त्याउँछ।"
r; t=0.00 20:00:09

. char q3_1_3[form_type] "select_one agree5"
r; t=0.00 20:00:09

. char q3_1_3[form_relevant] ""
r; t=0.00 20:00:09

. rename src063 q3_1_3_001
r; t=0.00 20:00:09

. label variable q3_1_3_001 "Nepal instability cause: Lack of accountability"
r; t=0.00 20:00:09

. char q3_1_3_001[source_name] "q3_1_3_001"
r; t=0.00 20:00:09

. notes q3_1_3_001: 3.1.5 Lack of Accountability causes political instability.
r; t=0.00 20:00:09

. char q3_1_3_001[question_en] "3.1.5 Lack of Accountability causes political instability."
r; t=0.00 20:00:09

. char q3_1_3_001[question_ne] "३.१.५ पारदर्शिताको कमिले  राजनीतिक अस्थिरता निम्त्याउँछ।"
r; t=0.00 20:00:09

. char q3_1_3_001[form_type] "select_one fx1wd71"
r; t=0.00 20:00:09

. char q3_1_3_001[form_relevant] ""
r; t=0.00 20:00:09

. rename src064 q3_1_4
r; t=0.00 20:00:09

. label variable q3_1_4 "Nepal instability cause: Protests/violence/civic unrest"
r; t=0.00 20:00:09

. char q3_1_4[source_name] "q3_1_4"
r; t=0.00 20:00:09

. notes q3_1_4: 3.1.6 Frequent public protests, demonstration, violence and civic unrest cause political instability.
r; t=0.00 20:00:09

. char q3_1_4[question_en] "3.1.6 Frequent public protests, demonstration, violence and civic unrest cause political inst
> ability."
r; t=0.00 20:00:09

. char q3_1_4[question_ne] "३.१.६ बारम्बार हुने सार्वजनिक विरोध, प्रदर्शन, हिंसा र नागरिक अशान्तिले राजनीतिक अस्थिरता निम
> ्त्याउँछ।"
r; t=0.00 20:00:09

. char q3_1_4[form_type] "select_one agree5"
r; t=0.00 20:00:09

. char q3_1_4[form_relevant] ""
r; t=0.00 20:00:09

. rename src065 q3_1_5
r; t=0.00 20:00:09

. label variable q3_1_5 "Nepal instability cause: Transfers of government officials"
r; t=0.00 20:00:09

. char q3_1_5[source_name] "q3_1_5"
r; t=0.00 20:00:09

. notes q3_1_5: 3.1.7 Frequent transfer of government officials causes political instability.
r; t=0.00 20:00:09

. char q3_1_5[question_en] "3.1.7 Frequent transfer of government officials causes political instability."
r; t=0.00 20:00:09

. char q3_1_5[question_ne] "३.१.७ सरकारी अधिकारीहरूको बारम्बार सरुवाले राजनीतिक अस्थिरता निम्त्याउँछ।"
r; t=0.00 20:00:09

. char q3_1_5[form_type] "select_one agree5"
r; t=0.00 20:00:09

. char q3_1_5[form_relevant] ""
r; t=0.00 20:00:09

. rename src066 q3_1_6
r; t=0.00 20:00:09

. label variable q3_1_6 "Nepal instability cause: Conflict between government tiers"
r; t=0.00 20:00:09

. char q3_1_6[source_name] "q3_1_6"
r; t=0.00 20:00:09

. notes q3_1_6: 3.1.6 Conflict between different tiers of government causes political instability
r; t=0.00 20:00:09

. char q3_1_6[question_en] "3.1.6 Conflict between different tiers of government causes political instability"
r; t=0.00 20:00:09

. char q3_1_6[question_ne] "३.१.८ सरकारका विभिन्न तहबीचको (संघ, प्रदेश र स्थानीय) द्वन्द्वले राजनीतिक अस्थिरता निम्त्याउँ
> छ।"
r; t=0.00 20:00:09

. char q3_1_6[form_type] "select_one agree5"
r; t=0.00 20:00:09

. char q3_1_6[form_relevant] ""
r; t=0.00 20:00:09

. rename src067 q3_1_7
r; t=0.00 20:00:09

. label variable q3_1_7 "Nepal instability cause: Foreign/external influence"
r; t=0.00 20:00:09

. char q3_1_7[source_name] "q3_1_7"
r; t=0.00 20:00:09

. notes q3_1_7: 3.1.7 Foreign/External influence causes political instability.
r; t=0.00 20:00:09

. char q3_1_7[question_en] "3.1.7 Foreign/External influence causes political instability."
r; t=0.00 20:00:09

. char q3_1_7[question_ne] "३.१.९ विदेशी/बाह्य प्रभावले राजनीतिक अस्थिरता निम्त्याउँछ।"
r; t=0.00 20:00:09

. char q3_1_7[form_type] "select_one agree5"
r; t=0.00 20:00:09

. char q3_1_7[form_relevant] ""
r; t=0.00 20:00:09

. rename src068 q3_2
r; t=0.00 20:00:09

. label variable q3_2 "3.2 Political stability of Nepal today"
r; t=0.00 20:00:09

. char q3_2[source_name] "q3_2"
r; t=0.00 20:00:09

. notes q3_2: 3.2.  How would you rate the political stability of Nepal today?
r; t=0.00 20:00:09

. char q3_2[question_en] "3.2.  How would you rate the political stability of Nepal today?"
r; t=0.00 20:00:09

. char q3_2[question_ne] "३.२ आजको अवस्थामा नेपालको राजनीतिक स्थिरतालाई तपाईं कसरी मूल्याङ्कन गर्नुहुन्छ?"
r; t=0.00 20:00:09

. char q3_2[form_type] "select_one stability"
r; t=0.00 20:00:09

. char q3_2[form_relevant] ""
r; t=0.00 20:00:09

. rename src069 q3_3
r; t=0.00 20:00:09

. label variable q3_3 "3.3 Nepal stability compared with one year ago"
r; t=0.00 20:00:09

. char q3_3[source_name] "q3_3"
r; t=0.00 20:00:09

. notes q3_3: 3.3.  Compared to one year ago, Nepal is politically:
r; t=0.00 20:00:09

. char q3_3[question_en] "3.3.  Compared to one year ago, Nepal is politically:"
r; t=0.00 20:00:09

. char q3_3[question_ne] "३.३ एक वर्षअघिको तुलनामा नेपालको राजनीतिक अवस्था:"
r; t=0.00 20:00:09

. char q3_3[form_type] "select_one comparison"
r; t=0.00 20:00:09

. char q3_3[form_relevant] ""
r; t=0.00 20:00:09

. rename src070 q3_4
r; t=0.00 20:00:09

. label variable q3_4 "3.4 Nepal stability compared with five years ago"
r; t=0.00 20:00:09

. char q3_4[source_name] "q3_4"
r; t=0.00 20:00:09

. notes q3_4: 3.4.  Compared to five years ago, Nepal is politically:
r; t=0.00 20:00:09

. char q3_4[question_en] "3.4.  Compared to five years ago, Nepal is politically:"
r; t=0.00 20:00:09

. char q3_4[question_ne] "३.४ पाँच वर्षअघिको तुलनामा नेपालको राजनीतिक अवस्था:"
r; t=0.00 20:00:09

. char q3_4[form_type] "select_one comparison"
r; t=0.00 20:00:09

. char q3_4[form_relevant] ""
r; t=0.00 20:00:09

. rename src071 q3_5
r; t=0.00 20:00:09

. label variable q3_5 "3.5 Expected Nepal stability in five years"
r; t=0.00 20:00:09

. char q3_5[source_name] "q3_5"
r; t=0.00 20:00:09

. notes q3_5: 3.5.  Compared to now, in 5 years Nepal will be:
r; t=0.00 20:00:09

. char q3_5[question_en] "3.5.  Compared to now, in 5 years Nepal will be:"
r; t=0.00 20:00:09

. char q3_5[question_ne] "३.५ अहिलेको तुलनामा पाँच वर्षपछि नेपालको राजनीतिक अवस्था कस्तो हुनेछ?"
r; t=0.00 20:00:09

. char q3_5[form_type] "select_one comparison"
r; t=0.00 20:00:09

. char q3_5[form_relevant] ""
r; t=0.00 20:00:09

. assert missing(src072)
r; t=0.00 20:00:09

. drop src072
r; t=0.00 20:00:09

. rename src073 q3_6
r; t=0.00 20:00:09

. label variable q3_6 "3.6 Likelihood government changes within one year"
r; t=0.00 20:00:09

. char q3_6[source_name] "q3_6"
r; t=0.00 20:00:09

. notes q3_6: 3.6.  How likely do you think the government will change in the next one year?
r; t=0.00 20:00:09

. char q3_6[question_en] "3.6.  How likely do you think the government will change in the next one year?"
r; t=0.00 20:00:09

. char q3_6[question_ne] "३.६ आगामी एक वर्षमा सरकार परिवर्तन हुने सम्भावना कत्तिको छ भन्ने तपाईंलाई लाग्छ?"
r; t=0.00 20:00:09

. char q3_6[form_type] "select_one likelihood"
r; t=0.00 20:00:09

. char q3_6[form_relevant] ""
r; t=0.00 20:00:09

. rename src074 q3_7
r; t=0.00 20:00:09

. label variable q3_7 "3.7 Likelihood government changes before next federal election"
r; t=0.00 20:00:09

. char q3_7[source_name] "q3_7"
r; t=0.00 20:00:09

. notes q3_7: 3.7.  How likely do you think the government will change before the next federal election?
r; t=0.00 20:00:09

. char q3_7[question_en] "3.7.  How likely do you think the government will change before the next federal election?"
r; t=0.00 20:00:09

. char q3_7[question_ne] "३.७ अर्को प्रतिनिधिसभा निर्वाचनअघि सरकार परिवर्तन हुने सम्भावना कत्तिको छ भन्ने तपाईंलाई लाग्छ?
> "
r; t=0.00 20:00:09

. char q3_7[form_type] "select_one likelihood"
r; t=0.00 20:00:09

. char q3_7[form_relevant] ""
r; t=0.00 20:00:09

. rename src075 q3_8
r; t=0.00 20:00:09

. label variable q3_8 "3.8 Likelihood of major political event within five years"
r; t=0.00 20:00:09

. char q3_8[source_name] "q3_8"
r; t=0.00 20:00:09

. notes q3_8: 3.8.  How likely do you think Nepal will experience a major political event, movement or revolution within 
> the next five years?
r; t=0.00 20:00:09

. char q3_8[question_en] "3.8.  How likely do you think Nepal will experience a major political event, movement or revolu
> tion within the next five years?"
r; t=0.00 20:00:09

. char q3_8[question_ne] "३.८ आगामी पाँच वर्षभित्र नेपालमा कुनै ठूलो राजनीतिक घटना, आन्दोलन वा राजनीतिक परिवर्तन हुने सम्
> भावना कत्तिको छ?"
r; t=0.00 20:00:09

. char q3_8[form_type] "select_one likelihood"
r; t=0.00 20:00:09

. char q3_8[form_relevant] ""
r; t=0.00 20:00:09

. rename src076 q3_9
r; t=0.00 20:00:09

. label variable q3_9 "3.9 Likelihood of new political force within five years"
r; t=0.00 20:00:09

. char q3_9[source_name] "q3_9"
r; t=0.00 20:00:09

. notes q3_9: 3.9.  How likely is a new political party or political force to emerge in the next five years?
r; t=0.00 20:00:09

. char q3_9[question_en] "3.9.  How likely is a new political party or political force to emerge in the next five years?"
r; t=0.00 20:00:09

. char q3_9[question_ne] "३.९ आगामी पाँच वर्षमा नयाँ राजनीतिक दल वा राजनीतिक शक्ति उदाउने सम्भावना कत्तिको छ?"
r; t=0.00 20:00:09

. char q3_9[form_type] "select_one likelihood"
r; t=0.00 20:00:09

. char q3_9[form_relevant] ""
r; t=0.00 20:00:09

. assert missing(src077)
r; t=0.00 20:00:09

. drop src077
r; t=0.00 20:00:09

. rename src078 q3_10_11
r; t=0.00 20:00:09

. label variable q3_10_11 "Nepal stability risk: Corruption"
r; t=0.00 20:00:09

. char q3_10_11[source_name] "q3_10_11"
r; t=0.00 20:00:09

. notes q3_10_11: 3.10.1 Corruption poses a great risk to political stability in Nepal.
r; t=0.00 20:00:09

. char q3_10_11[question_en] "3.10.1 Corruption poses a great risk to political stability in Nepal."
r; t=0.00 20:00:09

. char q3_10_11[question_ne] "३.१०.१ भ्रष्टाचारले भविष्यमा नेपालको राजनीतिक स्थिरतामा ठूलो जोखिम निम्त्याउँन सक्छ ।"
r; t=0.00 20:00:09

. char q3_10_11[form_type] "select_one agree5"
r; t=0.00 20:00:09

. char q3_10_11[form_relevant] ""
r; t=0.00 20:00:09

. rename src079 q3_10_11_001
r; t=0.00 20:00:09

. label variable q3_10_11_001 "Nepal stability risk: Lack of accountability"
r; t=0.00 20:00:09

. char q3_10_11_001[source_name] "q3_10_11_001"
r; t=0.00 20:00:09

. notes q3_10_11_001: 3.10.2 lack of accountability poses a great risk to political stability in Nepal.
r; t=0.00 20:00:09

. char q3_10_11_001[question_en] "3.10.2 lack of accountability poses a great risk to political stability in Nepal."
r; t=0.00 20:00:09

. char q3_10_11_001[question_ne] "३.१०.२ जवाफदेहिताको कमीले भविष्यमा नेपालको राजनीतिक स्थिरतामा ठूलो जोखिम निम्त्याउँन सक
> ्छ ।"
r; t=0.00 20:00:09

. char q3_10_11_001[form_type] "select_one sn7om92"
r; t=0.00 20:00:09

. char q3_10_11_001[form_relevant] ""
r; t=0.00 20:00:09

. rename src080 q3_10_12
r; t=0.00 20:00:09

. label variable q3_10_12 "Nepal stability risk: Unemployment/economic opportunities"
r; t=0.00 20:00:09

. char q3_10_12[source_name] "q3_10_12"
r; t=0.00 20:00:09

. notes q3_10_12: 3.10.3 Unemployment and lack of economic opportunities pose a great risk to political stability in Nepa
> l.
r; t=0.00 20:00:09

. char q3_10_12[question_en] "3.10.3 Unemployment and lack of economic opportunities pose a great risk to political stabi
> lity in Nepal."
r; t=0.00 20:00:09

. char q3_10_12[question_ne] "३.१०.३ बेरोजगारी र आर्थिक अवसरको कमीले भविष्यमा नेपालको राजनीतिक स्थिरतामा ठूलो जोखिम निम्त
> ्याउँन सक्छ ।"
r; t=0.00 20:00:09

. char q3_10_12[form_type] "select_one agree5"
r; t=0.00 20:00:09

. char q3_10_12[form_relevant] ""
r; t=0.00 20:00:09

. rename src081 q3_10_13
r; t=0.00 20:00:09

. label variable q3_10_13 "Nepal stability risk: Political exclusion"
r; t=0.00 20:00:09

. char q3_10_13[source_name] "q3_10_13"
r; t=0.00 20:00:09

. notes q3_10_13: 3.10.3 Political exclusion of certain groups poses a great risk to political stability in Nepal.
r; t=0.00 20:00:09

. char q3_10_13[question_en] "3.10.3 Political exclusion of certain groups poses a great risk to political stability in N
> epal."
r; t=0.00 20:00:09

. char q3_10_13[question_ne] "३.१०.४ राज्य संयत्रमा  सामवेशिताको कमीले भविष्यमा नेपालको राजनीतिक स्थिरतामा ठूलो जोखिम निम
> ्त्याउँन सक्छ ।"
r; t=0.00 20:00:09

. char q3_10_13[form_type] "select_one agree5"
r; t=0.00 20:00:09

. char q3_10_13[form_relevant] ""
r; t=0.00 20:00:09

. rename src082 q3_10_14
r; t=0.00 20:00:09

. label variable q3_10_14 "Nepal stability risk: Rising cost of living"
r; t=0.00 20:00:09

. char q3_10_14[source_name] "q3_10_14"
r; t=0.00 20:00:09

. notes q3_10_14: 3.10.4 Rising cost of living poses a great risk to political stability in Nepal.
r; t=0.00 20:00:09

. char q3_10_14[question_en] "3.10.4 Rising cost of living poses a great risk to political stability in Nepal."
r; t=0.00 20:00:09

. char q3_10_14[question_ne] "३.१०.५ बढ्दो महंगीले भविष्यमा  नेपालको राजनीतिक स्थिरतामा ठूलो जोखिम निम्त्याउँन सक्छ ।"
r; t=0.00 20:00:09

. char q3_10_14[form_type] "select_one agree5"
r; t=0.00 20:00:09

. char q3_10_14[form_relevant] ""
r; t=0.00 20:00:09

. rename src083 q3_10_15
r; t=0.00 20:00:09

. label variable q3_10_15 "Nepal stability risk: Social media misinformation"
r; t=0.00 20:00:09

. char q3_10_15[source_name] "q3_10_15"
r; t=0.00 20:00:09

. notes q3_10_15: 3.10.5 Misinformation through social media poses a great risk to political stability in Nepal.
r; t=0.00 20:00:09

. char q3_10_15[question_en] "3.10.5 Misinformation through social media poses a great risk to political stability in Nep
> al."
r; t=0.00 20:00:09

. char q3_10_15[question_ne] "३.१०.६ सामाजिक सञ्जालमार्फत फैलिने गलत/मिथ्य/भ्रामक  सूचनाले भविष्यमा नेपालको राजनीतिक स्थि
> रतामा ठूलो जोखिम निम्त्याउँन सक्छ ।"
r; t=0.00 20:00:09

. char q3_10_15[form_type] "select_one agree5"
r; t=0.00 20:00:09

. char q3_10_15[form_relevant] ""
r; t=0.00 20:00:09

. rename src084 q3_10_16
r; t=0.00 20:00:09

. label variable q3_10_16 "Nepal stability risk: Foreign/external influence"
r; t=0.00 20:00:09

. char q3_10_16[source_name] "q3_10_16"
r; t=0.00 20:00:09

. notes q3_10_16: 3.10.6 Influence of foreign/external forces poses a great risk to political stability in Nepal.
r; t=0.00 20:00:09

. char q3_10_16[question_en] "3.10.6 Influence of foreign/external forces poses a great risk to political stability in Ne
> pal."
r; t=0.00 20:00:09

. char q3_10_16[question_ne] "३.१०.७ विदेशी/बाह्य शक्तिको प्रभावले भविष्यमा नेपालको राजनीतिक स्थिरतामा ठूलो जोखिम निम्त्य
> ाउँन सक्छ ।"
r; t=0.00 20:00:09

. char q3_10_16[form_type] "select_one agree5"
r; t=0.00 20:00:09

. char q3_10_16[form_relevant] ""
r; t=0.00 20:00:09

. rename src085 q3_10_17
r; t=0.00 20:00:09

. label variable q3_10_17 "Nepal stability risk: Ethnic/religious conflict"
r; t=0.00 20:00:09

. char q3_10_17[source_name] "q3_10_17"
r; t=0.00 20:00:09

. notes q3_10_17: 3.10.7 Ethnic or religious tension/conflict poses a great risk to political stability in Nepal.
r; t=0.00 20:00:09

. char q3_10_17[question_en] "3.10.7 Ethnic or religious tension/conflict poses a great risk to political stability in Ne
> pal."
r; t=0.00 20:00:09

. char q3_10_17[question_ne] "३.१०.८ जातीय वा धार्मिक तनाव/द्वन्द्वले भविष्यमा नेपालको राजनीतिक स्थिरतामा ठूलो जोखिम निम्
> त्याउँन सक्छ |"
r; t=0.00 20:00:09

. char q3_10_17[form_type] "select_one agree5"
r; t=0.00 20:00:09

. char q3_10_17[form_relevant] ""
r; t=0.00 20:00:09

. assert missing(src086)
r; t=0.00 20:00:09

. drop src086
r; t=0.00 20:00:09

. rename src087 q3_11_1
r; t=0.00 20:00:09

. label variable q3_11_1 "Nepal hope: Governance/anti-corruption reforms"
r; t=0.00 20:00:09

. char q3_11_1[source_name] "q3_11_1"
r; t=0.00 20:00:09

. notes q3_11_1: 3.11.1 I am hopeful for Nepal’s future because it had adopted better governance and anti-corruption refo
> rms.
r; t=0.00 20:00:09

. char q3_11_1[question_en] "3.11.1 I am hopeful for Nepal’s future because it had adopted better governance and anti-cor
> ruption reforms."
r; t=0.00 20:00:09

. char q3_11_1[question_ne] "३.११.१ नेपालले सुशासन र भ्रष्टाचारविरोधी सुधारहरू अपनाएकोले म नेपालको भविष्यप्रति आशावादी छु
> ।"
r; t=0.00 20:00:09

. char q3_11_1[form_type] "select_one agree5"
r; t=0.00 20:00:09

. char q3_11_1[form_relevant] ""
r; t=0.00 20:00:09

. rename src088 q3_11_2
r; t=0.00 20:00:09

. label variable q3_11_2 "Nepal hope: Youth political participation"
r; t=0.00 20:00:09

. char q3_11_2[source_name] "q3_11_2"
r; t=0.00 20:00:09

. notes q3_11_2: 3.11.2 I am hopeful about Nepal’s future because of greater youth participation in politics.
r; t=0.00 20:00:09

. char q3_11_2[question_en] "3.11.2 I am hopeful about Nepal’s future because of greater youth participation in politics.
> "
r; t=0.00 20:00:09

. char q3_11_2[question_ne] "३.११.२ राजनीतिमा युवाहरूको बढ्दो सहभागिताका कारण म नेपालको भविष्यप्रति आशावादी छु।"
r; t=0.00 20:00:09

. char q3_11_2[form_type] "select_one agree5"
r; t=0.00 20:00:09

. char q3_11_2[form_relevant] ""
r; t=0.00 20:00:09

. rename src089 q3_11_3
r; t=0.00 20:00:09

. label variable q3_11_3 "Nepal hope: Improved democracy"
r; t=0.00 20:00:09

. char q3_11_3[source_name] "q3_11_3"
r; t=0.00 20:00:09

. notes q3_11_3: 3.11.3 I am hopeful about Nepal’s future because of the state of the democracy has improved.
r; t=0.00 20:00:09

. char q3_11_3[question_en] "3.11.3 I am hopeful about Nepal’s future because of the state of the democracy has improved.
> "
r; t=0.00 20:00:09

. char q3_11_3[question_ne] "३.११.३ लोकतन्त्रको अवस्था सुधार भएकोले म नेपालको भविष्यप्रति आशावादी छु।"
r; t=0.00 20:00:09

. char q3_11_3[form_type] "select_one agree5"
r; t=0.00 20:00:09

. char q3_11_3[form_relevant] ""
r; t=0.00 20:00:09

. rename src090 q3_11_4
r; t=0.00 20:00:09

. label variable q3_11_4 "Nepal hope: Economic/employment prospects"
r; t=0.00 20:00:09

. char q3_11_4[source_name] "q3_11_4"
r; t=0.00 20:00:09

. notes q3_11_4: 3.11.4 I am hopeful about Nepal’s future because economic and employment prospect is in increasing trend
> .
r; t=0.00 20:00:09

. char q3_11_4[question_en] "3.11.4 I am hopeful about Nepal’s future because economic and employment prospect is in incr
> easing trend."
r; t=0.00 20:00:09

. char q3_11_4[question_ne] "३.११.४ आर्थिक तथा रोजगारीका सम्भावना बढ्दो क्रममा रहेकाले म नेपालको भविष्यप्रति आशावादी छु।"
r; t=0.00 20:00:09

. char q3_11_4[form_type] "select_one agree5"
r; t=0.00 20:00:09

. char q3_11_4[form_relevant] ""
r; t=0.00 20:00:09

. assert missing(src091)
r; t=0.00 20:00:09

. drop src091
r; t=0.00 20:00:09

. assert missing(src092)
r; t=0.00 20:00:09

. drop src092
r; t=0.00 20:00:09

. rename src093 q4_1
r; t=0.00 20:00:09

. label variable q4_1 "4.1 Attention to September 8 Gen-Z protest and subsequent politics"
r; t=0.00 20:00:09

. char q4_1[source_name] "q4_1"
r; t=0.00 20:00:09

. notes q4_1: 4.1.  How closely have you followed the September 8 Gen-Z protest and the subsequent political happenings i
> n Nepal?
r; t=0.00 20:00:09

. char q4_1[question_en] "4.1.  How closely have you followed the September 8 Gen-Z protest and the subsequent political 
> happenings in Nepal?"
r; t=0.00 20:00:09

. char q4_1[question_ne] "४.१ भदौ २३ र २४  को Gen-Z आन्दोलन र त्यसपछि नेपालमा भएका राजनीतिक घटनाक्रमलाई तपाईंले कत्तिको न
> जिकबाट चासो राख्नु भएको  थियो ?"
r; t=0.00 20:00:09

. char q4_1[form_type] "select_one follow_genz"
r; t=0.00 20:00:09

. char q4_1[form_relevant] ""
r; t=0.00 20:00:09

. assert missing(src094)
r; t=0.00 20:00:09

. drop src094
r; t=0.00 20:00:09

. rename src095 q4_2_1
r; t=0.00 20:00:09

. label variable q4_2_1 "Gen-Z protest cause: Corruption"
r; t=0.00 20:00:09

. char q4_2_1[source_name] "q4_2_1"
r; t=0.00 20:00:09

. notes q4_2_1: 4.2.1 Widescale corruption are reasons behind the Gen-Z protest in Nepal.
r; t=0.00 20:00:09

. char q4_2_1[question_en] "4.2.1 Widescale corruption are reasons behind the Gen-Z protest in Nepal."
r; t=0.00 20:00:09

. char q4_2_1[question_ne] "४.२.१ व्यापक भ्रष्टाचार नेपालमा Gen-Z आन्दोलन हुनुका कारण हुन्।"
r; t=0.00 20:00:09

. char q4_2_1[form_type] "select_one agree5"
r; t=0.00 20:00:09

. char q4_2_1[form_relevant] ""
r; t=0.00 20:00:09

. rename src096 q4_2_2
r; t=0.00 20:00:09

. label variable q4_2_2 "Gen-Z protest cause: Poor public services"
r; t=0.00 20:00:09

. char q4_2_2[source_name] "q4_2_2"
r; t=0.00 20:00:09

. notes q4_2_2: 4.2.2 Poor public service delivery are reasons behind the Gen-Z protest in Nepal.
r; t=0.00 20:00:09

. char q4_2_2[question_en] "4.2.2 Poor public service delivery are reasons behind the Gen-Z protest in Nepal."
r; t=0.00 20:00:09

. char q4_2_2[question_ne] "४.२.२ कमजोर सार्वजनिक सेवा प्रवाह नेपालमा Gen-Z आन्दोलन हुनुका कारण हुन्।"
r; t=0.00 20:00:09

. char q4_2_2[form_type] "select_one agree5"
r; t=0.00 20:00:09

. char q4_2_2[form_relevant] ""
r; t=0.00 20:00:09

. rename src097 q4_2_3
r; t=0.00 20:00:09

. label variable q4_2_3 "Gen-Z protest cause: Unemployment/economic opportunities"
r; t=0.00 20:00:09

. char q4_2_3[source_name] "q4_2_3"
r; t=0.00 20:00:09

. notes q4_2_3: 4.2.3 Unemployment and lack of economic opportunities reasons behind Gen-Z protest in Nepal.
r; t=0.00 20:00:09

. char q4_2_3[question_en] "4.2.3 Unemployment and lack of economic opportunities reasons behind Gen-Z protest in Nepal."
r; t=0.00 20:00:09

. char q4_2_3[question_ne] "४.२.३ बेरोजगारी र आर्थिक अवसरको कमी नेपालमा Gen-Z आन्दोलन हुनुका कारण हुन्।"
r; t=0.00 20:00:09

. char q4_2_3[form_type] "select_one agree5"
r; t=0.00 20:00:09

. char q4_2_3[form_relevant] ""
r; t=0.00 20:00:09

. rename src098 q4_2_4
r; t=0.00 20:00:09

. label variable q4_2_4 "Gen-Z protest cause: Rising cost of living"
r; t=0.00 20:00:09

. char q4_2_4[source_name] "q4_2_4"
r; t=0.00 20:00:09

. notes q4_2_4: 4.2.4 Rising cost of living is the reason behind Gen-Z protest in Nepal.
r; t=0.00 20:00:09

. char q4_2_4[question_en] "4.2.4 Rising cost of living is the reason behind Gen-Z protest in Nepal."
r; t=0.00 20:00:09

. char q4_2_4[question_ne] "४.२.४ बढ्दो महंगी  नेपालमा Gen-Z आन्दोलन हुनुको कारण हो।"
r; t=0.00 20:00:09

. char q4_2_4[form_type] "select_one agree5"
r; t=0.00 20:00:09

. char q4_2_4[form_relevant] ""
r; t=0.00 20:00:09

. rename src099 q4_2_5
r; t=0.00 20:00:09

. label variable q4_2_5 "Gen-Z protest cause: Distrust of leaders/parties/institutions"
r; t=0.00 20:00:09

. char q4_2_5[source_name] "q4_2_5"
r; t=0.00 20:00:09

. notes q4_2_5: 4.2.5 Lack of trust in political leaders, parties, and government institutions are the reasons behind Gen
> -Z protest in Nepal.
r; t=0.00 20:00:09

. char q4_2_5[question_en] "4.2.5 Lack of trust in political leaders, parties, and government institutions are the reason
> s behind Gen-Z protest in Nepal."
r; t=0.00 20:00:09

. char q4_2_5[question_ne] "४.२.५ राजनीतिक नेता, दल र सरकारी संस्थाप्रतिको विश्वासको कमी नेपालमा Gen-Z आन्दोलन हुनुका कार
> ण हुन्।"
r; t=0.00 20:00:09

. char q4_2_5[form_type] "select_one agree5"
r; t=0.00 20:00:09

. char q4_2_5[form_relevant] ""
r; t=0.00 20:00:09

. rename src100 q4_2_6
r; t=0.00 20:00:09

. label variable q4_2_6 "Gen-Z protest cause: Nepotism/elite capture"
r; t=0.00 20:00:09

. char q4_2_6[source_name] "q4_2_6"
r; t=0.00 20:00:09

. notes q4_2_6: 4.2.6 Nepotism and elite capture are the reasons behind Gen-Z protest in Nepal.
r; t=0.00 20:00:09

. char q4_2_6[question_en] "4.2.6 Nepotism and elite capture are the reasons behind Gen-Z protest in Nepal."
r; t=0.00 20:00:09

. char q4_2_6[question_ne] "४.२.६ नातावाद र सीमित पहुचयोग्य  वर्गको वर्चस्वनै  नेपालमा Gen-Z आन्दोलन हुनुका कारण हुन्।"
r; t=0.00 20:00:09

. char q4_2_6[form_type] "select_one agree5"
r; t=0.00 20:00:09

. char q4_2_6[form_relevant] ""
r; t=0.00 20:00:09

. rename src101 q4_2_7
r; t=0.00 20:00:09

. label variable q4_2_7 "Gen-Z protest cause: Social media ban"
r; t=0.00 20:00:09

. char q4_2_7[source_name] "q4_2_7"
r; t=0.00 20:00:09

. notes q4_2_7: 4.2.7 Sudden ban of social media is the reason behind Gen-Z protest in Nepal.
r; t=0.00 20:00:09

. char q4_2_7[question_en] "4.2.7 Sudden ban of social media is the reason behind Gen-Z protest in Nepal."
r; t=0.00 20:00:09

. char q4_2_7[question_ne] "४.२.७ सामाजिक सञ्जालमाथिको अचानक लगाइएको प्रतिबन्ध नेपालमा Gen-Z आन्दोलन हुनुको कारण हो।"
r; t=0.00 20:00:09

. char q4_2_7[form_type] "select_one agree5"
r; t=0.00 20:00:09

. char q4_2_7[form_relevant] ""
r; t=0.00 20:00:09

. rename src102 q4_2_8
r; t=0.00 20:00:09

. label variable q4_2_8 "Gen-Z protest cause: Foreign/external influence"
r; t=0.00 20:00:09

. char q4_2_8[source_name] "q4_2_8"
r; t=0.00 20:00:09

. notes q4_2_8: 4.2.8 External influence or outside forces is the major reason behind Gen-Z protest in Nepal.
r; t=0.00 20:00:09

. char q4_2_8[question_en] "4.2.8 External influence or outside forces is the major reason behind Gen-Z protest in Nepal.
> "
r; t=0.00 20:00:09

. char q4_2_8[question_ne] "४.२.८ बाह्य प्रभाव वा बाह्य शक्तिहरू नेपालमा Gen-Z आन्दोलन हुनुको प्रमुख कारण हो।"
r; t=0.00 20:00:09

. char q4_2_8[form_type] "select_one agree5"
r; t=0.00 20:00:09

. char q4_2_8[form_relevant] ""
r; t=0.00 20:00:09

. rename src103 q4_3
r; t=0.00 20:00:09

. label variable q4_3 "4.3 Gen-Z protest: turning point in political history"
r; t=0.00 20:00:09

. char q4_3[source_name] "q4_3"
r; t=0.00 20:00:09

. notes q4_3: 4.3.  To what extent do you agree that the recent Gen-Z protest represents a turning point in Nepal’s polit
> ical history?
r; t=0.00 20:00:09

. char q4_3[question_en] "4.3.  To what extent do you agree that the recent Gen-Z protest represents a turning point in N
> epal’s political history?"
r; t=0.00 20:00:09

. char q4_3[question_ne] "४.३ हालैको Gen-Z आन्दोलनले नेपालको राजनीतिक इतिहासमा एउटा महत्वपूर्ण मोड ल्याएको छ भन्ने कुरामा
>  तपाईं कत्तिको सहमत हुनुहुन्छ?"
r; t=0.00 20:00:09

. char q4_3[form_type] "select_one agree5"
r; t=0.00 20:00:09

. char q4_3[form_relevant] ""
r; t=0.00 20:00:09

. rename src104 q4_4
r; t=0.00 20:00:09

. label variable q4_4 "4.4 Gen-Z protest: greater youth civic/political participation"
r; t=0.00 20:00:09

. char q4_4[source_name] "q4_4"
r; t=0.00 20:00:09

. notes q4_4: 4.4.  To what extent do you agree that the Gen-Z protest has encouraged greater civic and political partici
> pation among young people? Gen-Z
r; t=0.00 20:00:09

. char q4_4[question_en] "4.4.  To what extent do you agree that the Gen-Z protest has encouraged greater civic and polit
> ical participation among young people? Gen-Z"
r; t=0.00 20:00:09

. char q4_4[question_ne] "४.४ आन्दोलनले युवाहरूको सामाजिक  तथा राजनीतिक सहभागिता बढाउन प्रोत्साहन गरेको छ भन्ने कुरामा तप
> ाईं कत्तिको सहमत हुनुहुन्छ?"
r; t=0.00 20:00:09

. char q4_4[form_type] "select_one agree5"
r; t=0.00 20:00:09

. char q4_4[form_relevant] ""
r; t=0.00 20:00:09

. rename src105 q4_5
r; t=0.00 20:00:09

. label variable q4_5 "4.5 Gen-Z protest: youth voices included in mainstream politics"
r; t=0.00 20:00:09

. char q4_5[source_name] "q4_5"
r; t=0.00 20:00:09

. notes q4_5: 4.5.  To what extent do you agree Gen-Z protest have led to inclusion of youth voices into mainstream polit
> ics? Gen-Z
r; t=0.00 20:00:09

. char q4_5[question_en] "4.5.  To what extent do you agree Gen-Z protest have led to inclusion of youth voices into main
> stream politics? Gen-Z"
r; t=0.00 20:00:09

. char q4_5[question_ne] "४.५ आन्दोलनले युवाहरूका आवाजलाई मूलधारको राजनीतिमा समेट्न योगदान गरेको छ भन्ने कुरामा तपाईं कत्
> तिको सहमत हुनुहुन्छ?"
r; t=0.00 20:00:09

. char q4_5[form_type] "select_one agree5"
r; t=0.00 20:00:09

. char q4_5[form_relevant] ""
r; t=0.00 20:00:09

. rename src106 q4_6
r; t=0.00 20:00:09

. label variable q4_6 "4.6 Gen-Z protest: increased public support for RSP"
r; t=0.00 20:00:09

. char q4_6[source_name] "q4_6"
r; t=0.00 20:00:09

. notes q4_6: 4.6.  To what extent do you agree that the Gen Z protest contributed to the rise of public support for the 
> Rastriya Swatantra Party (RSP)? Gen-Z
r; t=0.00 20:00:09

. char q4_6[question_en] "4.6.  To what extent do you agree that the Gen Z protest contributed to the rise of public supp
> ort for the Rastriya Swatantra Party (RSP)? Gen-Z"
r; t=0.00 20:00:09

. char q4_6[question_ne] "४.६ आन्दोलनले हालको बहुमत प्राप्त सरकार प्रति जनसमर्थन बढाउन योगदान गरेको छ भन्ने कुरामा तपाईं 
> कत्तिको सहमत हुनुहुन्छ?"
r; t=0.00 20:00:09

. char q4_6[form_type] "select_one agree5"
r; t=0.00 20:00:09

. char q4_6[form_relevant] ""
r; t=0.00 20:00:09

. rename src107 q4_7
r; t=0.00 20:00:09

. label variable q4_7 "4.7 Current government represents youth interests"
r; t=0.00 20:00:09

. char q4_7[source_name] "q4_7"
r; t=0.00 20:00:09

. notes q4_7: 4.7.  To what extent do you agree that the current government represents the interests of the young generat
> ion in Nepal?
r; t=0.00 20:00:09

. char q4_7[question_en] "4.7.  To what extent do you agree that the current government represents the interests of the y
> oung generation in Nepal?"
r; t=0.00 20:00:09

. char q4_7[question_ne] "४.७ हालको सरकारले नेपालका युवापुस्ताको हितको प्रतिनिधित्व गर्छ भन्ने कुरामा तपाईं कत्तिको सहमत 
> हुनुहुन्छ?"
r; t=0.00 20:00:09

. char q4_7[form_type] "select_one agree5"
r; t=0.00 20:00:09

. char q4_7[form_relevant] ""
r; t=0.00 20:00:09

. rename src108 q4_8
r; t=0.00 20:00:09

. label variable q4_8 "4.8 Government will continue to advance youth interests"
r; t=0.00 20:00:09

. char q4_8[source_name] "q4_8"
r; t=0.00 20:00:09

. notes q4_8: 4.8.  To what extent do you agree that the current government will continue to represent and advance the in
> terest of young people?
r; t=0.00 20:00:09

. char q4_8[question_en] "4.8.  To what extent do you agree that the current government will continue to represent and ad
> vance the interest of young people?"
r; t=0.00 20:00:09

. char q4_8[question_ne] "४.८ हालको सरकारले आगामी दिनमा पनि युवाहरूको हितको प्रतिनिधित्व र प्रवर्द्धन गरिरहनेछ भन्ने कुरा
> मा तपाईं कत्तिको सहमत हुनुहुन्छ?"
r; t=0.00 20:00:09

. char q4_8[form_type] "select_one agree5"
r; t=0.00 20:00:09

. char q4_8[form_relevant] ""
r; t=0.00 20:00:09

. assert missing(src109)
r; t=0.00 20:00:09

. drop src109
r; t=0.00 20:00:09

. assert missing(src110)
r; t=0.00 20:00:09

. drop src110
r; t=0.00 20:00:09

. rename src111 q5_1
r; t=0.00 20:00:09

. label variable q5_1 "5.1 Attention to protests in other Asian countries"
r; t=0.00 20:00:09

. char q5_1[source_name] "q5_1"
r; t=0.00 20:00:09

. notes q5_1: 5.1.  How closely have you followed Gen-Z or other protests in other Asian countries Indonesia, Bangladesh,
>  Sri Lanka, and India?
r; t=0.00 20:00:09

. char q5_1[question_en] "5.1.  How closely have you followed Gen-Z or other protests in other Asian countries Indonesia,
>  Bangladesh, Sri Lanka, and India?"
r; t=0.00 20:00:09

. char q5_1[question_ne] "५.१ इन्डोनेसिया, बंगलादेश, श्रीलंका र भारतलगायत अन्य एसियाली देशहरूमा भएका Gen-Z वा अन्य आन्दोल
> नलाई तपाईंले कत्तिको नजिकबाट चासो  राख्नु भएको छ?"
r; t=0.00 20:00:09

. char q5_1[form_type] "select_one south_follow"
r; t=0.00 20:00:09

. char q5_1[form_relevant] ""
r; t=0.00 20:00:09

. assert missing(src112)
r; t=0.00 20:00:09

. drop src112
r; t=0.00 20:00:09

. rename src113 q5_2_1
r; t=0.00 20:00:09

. label variable q5_2_1 "South Asia dissent cause: Governance/corruption/public services"
r; t=0.00 20:00:09

. char q5_2_1[source_name] "q5_2_1"
r; t=0.00 20:00:09

. notes q5_2_1: 5.2.1 Young people in South Asia are expressing their dissent against the existing political regime becau
> se of lack good governance, rampant corruption, and poor public service delivery.
r; t=0.00 20:00:09

. char q5_2_1[question_en] "5.2.1 Young people in South Asia are expressing their dissent against the existing political 
> regime because of lack good governance, rampant corruption, and poor public service delivery."
r; t=0.00 20:00:09

. char q5_2_1[question_ne] "५.२.१ दक्षिण एसियाका युवाहरूले सुशासनको कमी, व्यापक भ्रष्टाचार र कमजोर सार्वजनिक सेवा प्रवाहक
> ा कारण विद्यमान राजनीतिक व्यवस्थाप्रति असहमति व्यक्त गरिरहेका छन्।"
r; t=0.00 20:00:09

. char q5_2_1[form_type] "select_one agree6"
r; t=0.00 20:00:09

. char q5_2_1[form_relevant] ""
r; t=0.00 20:00:09

. rename src114 q5_2_2
r; t=0.00 20:00:09

. label variable q5_2_2 "South Asia dissent cause: Unemployment/economic opportunities"
r; t=0.00 20:00:09

. char q5_2_2[source_name] "q5_2_2"
r; t=0.00 20:00:09

. notes q5_2_2: 5.2.2 Young people in South Asia are expressing their dissent against the existing political regime becau
> se of unemployment and lack of economic opportunities.
r; t=0.00 20:00:09

. char q5_2_2[question_en] "5.2.2 Young people in South Asia are expressing their dissent against the existing political 
> regime because of unemployment and lack of economic opportunities."
r; t=0.00 20:00:09

. char q5_2_2[question_ne] "५.२.२ दक्षिण एसियाका युवाहरूले बेरोजगारी र आर्थिक अवसरको कमीका कारण विद्यमान राजनीतिक व्यवस्थ
> ाप्रति असहमति व्यक्त गरिरहेका छन्।"
r; t=0.00 20:00:09

. char q5_2_2[form_type] "select_one agree6"
r; t=0.00 20:00:09

. char q5_2_2[form_relevant] ""
r; t=0.00 20:00:09

. rename src115 q5_2_3
r; t=0.00 20:00:09

. label variable q5_2_3 "South Asia dissent cause: Distrust of leaders/parties/institutions"
r; t=0.00 20:00:09

. char q5_2_3[source_name] "q5_2_3"
r; t=0.00 20:00:09

. notes q5_2_3: 5.2.3 Young people in South Asia are expressing their dissent against the existing political regime becau
> se of lack of trust in political leaders, political parties, and government institutions
r; t=0.00 20:00:09

. char q5_2_3[question_en] "5.2.3 Young people in South Asia are expressing their dissent against the existing political 
> regime because of lack of trust in political leaders, political parties, and government institutions"
r; t=0.00 20:00:09

. char q5_2_3[question_ne] "५.२.३ दक्षिण एसियाका युवाहरूले राजनीतिक नेता, दल र सरकारी संस्थाप्रतिको विश्वासको कमीका कारण 
> विद्यमान राजनीतिक व्यवस्थाप्रति असहमति व्यक्त गरिरहेका छन्।"
r; t=0.00 20:00:09

. char q5_2_3[form_type] "select_one agree6"
r; t=0.00 20:00:09

. char q5_2_3[form_relevant] ""
r; t=0.00 20:00:09

. rename src116 q5_2_4
r; t=0.00 20:00:09

. label variable q5_2_4 "South Asia dissent cause: Political exclusion"
r; t=0.00 20:00:09

. char q5_2_4[source_name] "q5_2_4"
r; t=0.00 20:00:09

. notes q5_2_4: 5.2.4 Young people in South Asia are expressing their dissent against the existing political regime becau
> se of their exclusion from politics.
r; t=0.00 20:00:09

. char q5_2_4[question_en] "5.2.4 Young people in South Asia are expressing their dissent against the existing political 
> regime because of their exclusion from politics."
r; t=0.00 20:00:09

. char q5_2_4[question_ne] "५.२.४ दक्षिण एसियाका युवाहरूले राजनीतिबाट आफूहरू बहिष्कृत भएको कारण विद्यमान राजनीतिक व्यवस्थ
> ाप्रति असहमति व्यक्त गरिरहेका छन्।"
r; t=0.00 20:00:09

. char q5_2_4[form_type] "select_one agree6"
r; t=0.00 20:00:09

. char q5_2_4[form_relevant] ""
r; t=0.00 20:00:09

. rename src117 q5_2_5
r; t=0.00 20:00:09

. label variable q5_2_5 "South Asia dissent cause: Nepotism/elite capture"
r; t=0.00 20:00:09

. char q5_2_5[source_name] "q5_2_5"
r; t=0.00 20:00:09

. notes q5_2_5: 5.2.5 Young people in South Asia are expressing their dissent against the existing political regime becau
> se of nepotism and elite capture.
r; t=0.00 20:00:09

. char q5_2_5[question_en] "5.2.5 Young people in South Asia are expressing their dissent against the existing political 
> regime because of nepotism and elite capture."
r; t=0.00 20:00:09

. char q5_2_5[question_ne] "५.२.५ दक्षिण एसियाका युवाहरूले नातावाद र पहुँचयोग्य वर्गको वर्चस्व  कारण विद्यमान राजनीतिक व्
> यवस्थाप्रति असहमति व्यक्त गरिरहेका छन्।"
r; t=0.00 20:00:09

. char q5_2_5[form_type] "select_one agree6"
r; t=0.00 20:00:09

. char q5_2_5[form_relevant] ""
r; t=0.00 20:00:09

. rename src118 q5_2_6
r; t=0.00 20:00:09

. label variable q5_2_6 "South Asia dissent cause: Foreign/external influence"
r; t=0.00 20:00:09

. char q5_2_6[source_name] "q5_2_6"
r; t=0.00 20:00:09

. notes q5_2_6: 5.2.6 Young people in South Asia are expressing their dissent against the existing political regime becau
> se of external or outside influence.
r; t=0.00 20:00:09

. char q5_2_6[question_en] "5.2.6 Young people in South Asia are expressing their dissent against the existing political 
> regime because of external or outside influence."
r; t=0.00 20:00:09

. char q5_2_6[question_ne] "५.२.६ दक्षिण एसियाका युवाहरूले बाह्य प्रभावका कारण विद्यमान राजनीतिक व्यवस्थाप्रति असहमति व्य
> क्त गरिरहेका छन्।"
r; t=0.00 20:00:09

. char q5_2_6[form_type] "select_one agree6"
r; t=0.00 20:00:09

. char q5_2_6[form_relevant] ""
r; t=0.00 20:00:09

. assert missing(src119)
r; t=0.00 20:00:09

. drop src119
r; t=0.00 20:00:09

. rename src120 q5_3
r; t=0.00 20:00:09

. label variable q5_3 "5.3 Protests in one country encourage others in South Asia"
r; t=0.00 20:00:09

. char q5_3[source_name] "q5_3"
r; t=0.00 20:00:09

. notes q5_3: 5.3. To what extent do you agree with the following statement? Protest in one country has encouraged protes
> ts in other countries in South Asia.
r; t=0.00 20:00:09

. char q5_3[question_en] "5.3. To what extent do you agree with the following statement? Protest in one country has encou
> raged protests in other countries in South Asia."
r; t=0.00 20:00:09

. char q5_3[question_ne] "५.३ तलका भनाइहरूसँग तपाईं कत्तिको सहमत हुनुहुन्छ? एउटा देशमा भएको आन्दोलनले दक्षिण एसियाका अन्य
>  देशहरूमा पनि आन्दोलन गर्न प्रोत्साहन गरेको छ।"
r; t=0.00 20:00:09

. char q5_3[form_type] "select_one agree5"
r; t=0.00 20:00:09

. char q5_3[form_relevant] ""
r; t=0.00 20:00:09

. rename src121 q5_4
r; t=0.00 20:00:09

. label variable q5_4 "5.4 Political stability of South Asia today"
r; t=0.00 20:00:09

. char q5_4[source_name] "q5_4"
r; t=0.00 20:00:09

. notes q5_4: 5.4.  How would you rate the political stability of the entire South Asian region today?
r; t=0.00 20:00:09

. char q5_4[question_en] "5.4.  How would you rate the political stability of the entire South Asian region today?"
r; t=0.00 20:00:09

. char q5_4[question_ne] "५.४ आजको अवस्थामा समग्र दक्षिण एसियाली क्षेत्रको राजनीतिक स्थिरतालाई तपाईं कसरी मूल्याङ्कन गर्न
> ुहुन्छ?"
r; t=0.00 20:00:09

. char q5_4[form_type] "select_one south_stability"
r; t=0.00 20:00:09

. char q5_4[form_relevant] ""
r; t=0.00 20:00:09

. rename src122 q5_5
r; t=0.00 20:00:09

. label variable q5_5 "5.5 Optimism for South Asian stability over next five years"
r; t=0.00 20:00:09

. char q5_5[source_name] "q5_5"
r; t=0.00 20:00:09

. notes q5_5: 5.5.  Overall, how optimistic are you about political stability in South Asia over the next five years?
r; t=0.00 20:00:09

. char q5_5[question_en] "5.5.  Overall, how optimistic are you about political stability in South Asia over the next fiv
> e years?"
r; t=0.00 20:00:09

. char q5_5[question_ne] "५.५ समग्रमा, आगामी पाँच वर्षमा दक्षिण एसियाली क्षेत्रको राजनीतिक स्थिरताबारे तपाईं कत्तिको आशाव
> ादी हुनुहुन्छ?"
r; t=0.00 20:00:09

. char q5_5[form_type] "select_one optimism"
r; t=0.00 20:00:09

. char q5_5[form_relevant] ""
r; t=0.00 20:00:09

. assert missing(src123)
r; t=0.00 20:00:09

. drop src123
r; t=0.00 20:00:09

. rename src124 q5_6_1
r; t=0.00 20:00:09

. label variable q5_6_1 "South Asia stability risk: Corruption/lack of accountability"
r; t=0.00 20:00:09

. char q5_6_1[source_name] "q5_6_1"
r; t=0.00 20:00:09

. notes q5_6_1: 5.6.1. Corruption/ lack of accountability poses a great risk to political stability in South Asia
r; t=0.00 20:00:09

. char q5_6_1[question_en] "5.6.1. Corruption/ lack of accountability poses a great risk to political stability in South 
> Asia"
r; t=0.00 20:00:09

. char q5_6_1[question_ne] "५.६.१ भ्रष्टाचार/जवाफदेहिताको कमीले भविष्यमा दक्षिण एसियाली क्षेत्रको  राजनीतिक स्थिरतामा ठूल
> ो जोखिम निम्त्याउन सक्छ"
r; t=0.00 20:00:09

. char q5_6_1[form_type] "select_one agree5"
r; t=0.00 20:00:09

. char q5_6_1[form_relevant] ""
r; t=0.00 20:00:09

. rename src125 q5_6_2
r; t=0.00 20:00:09

. label variable q5_6_2 "South Asia stability risk: Unemployment/economic opportunities"
r; t=0.00 20:00:09

. char q5_6_2[source_name] "q5_6_2"
r; t=0.00 20:00:09

. notes q5_6_2: 5.6.2 Unemployment and lack of economic opportunities pose a great risk to political stability in South A
> sia.
r; t=0.00 20:00:09

. char q5_6_2[question_en] "5.6.2 Unemployment and lack of economic opportunities pose a great risk to political stabilit
> y in South Asia."
r; t=0.00 20:00:09

. char q5_6_2[question_ne] "५.६.२ बेरोजगारी र आर्थिक अवसरको कमीले भविष्यमा दक्षिण एसियाली क्षेत्रको राजनीतिक स्थिरतामा ठू
> लो जोखिम निम्त्याउन सक्छ"
r; t=0.00 20:00:09

. char q5_6_2[form_type] "select_one agree5"
r; t=0.00 20:00:09

. char q5_6_2[form_relevant] ""
r; t=0.00 20:00:09

. rename src126 q5_6_3
r; t=0.00 20:00:09

. label variable q5_6_3 "South Asia stability risk: Political exclusion"
r; t=0.00 20:00:09

. char q5_6_3[source_name] "q5_6_3"
r; t=0.00 20:00:09

. notes q5_6_3: 5.6.3 Political exclusion of certain groups poses a great risk to political stability in South Asia.
r; t=0.00 20:00:09

. char q5_6_3[question_en] "5.6.3 Political exclusion of certain groups poses a great risk to political stability in Sout
> h Asia."
r; t=0.00 20:00:09

. char q5_6_3[question_ne] "५.६.३ सरकारी संयत्रमा समावेशिताको कमिले भविष्यमा दक्षिण एसियाली क्षेत्रको राजनीतिक स्थिरतामा 
> ठूलो जोखिम निम्त्याउन सक्छ"
r; t=0.00 20:00:09

. char q5_6_3[form_type] "select_one agree5"
r; t=0.00 20:00:09

. char q5_6_3[form_relevant] ""
r; t=0.00 20:00:09

. rename src127 q5_6_4
r; t=0.00 20:00:09

. label variable q5_6_4 "South Asia stability risk: Rising cost of living"
r; t=0.00 20:00:09

. char q5_6_4[source_name] "q5_6_4"
r; t=0.00 20:00:09

. notes q5_6_4: 5.6.4 Rising cost of living poses a great risk to political stability in South Asia.
r; t=0.00 20:00:09

. char q5_6_4[question_en] "5.6.4 Rising cost of living poses a great risk to political stability in South Asia."
r; t=0.00 20:00:09

. char q5_6_4[question_ne] "५.६.४ बढ्दो महंगीले भविष्यमा दक्षिण एसियाली क्षेत्रको राजनीतिक स्थिरतामा ठूलो जोखिम निम्त्याउ
> न सक्छ"
r; t=0.00 20:00:09

. char q5_6_4[form_type] "select_one agree5"
r; t=0.00 20:00:09

. char q5_6_4[form_relevant] ""
r; t=0.00 20:00:09

. rename src128 q5_6_5
r; t=0.00 20:00:09

. label variable q5_6_5 "South Asia stability risk: Social media misinformation"
r; t=0.00 20:00:09

. char q5_6_5[source_name] "q5_6_5"
r; t=0.00 20:00:09

. notes q5_6_5: 5.6.5 Misinformation through social media poses a great risk to political stability in South Asia.
r; t=0.00 20:00:09

. char q5_6_5[question_en] "5.6.5 Misinformation through social media poses a great risk to political stability in South 
> Asia."
r; t=0.00 20:00:09

. char q5_6_5[question_ne] "५.६.५ सामाजिक सञ्जालमार्फत फैलिने गलत/मिथ्य/भ्रामक  सूचनाले भविष्यमा दक्षिण एसियाली क्षेत्रको
>  राजनीतिक स्थिरतामा ठूलो जोखिम निम्त्याउन सक्छ ।"
r; t=0.00 20:00:09

. char q5_6_5[form_type] "select_one agree5"
r; t=0.00 20:00:09

. char q5_6_5[form_relevant] ""
r; t=0.00 20:00:09

. rename src129 q5_6_6
r; t=0.00 20:00:09

. label variable q5_6_6 "South Asia stability risk: Foreign/external influence"
r; t=0.00 20:00:09

. char q5_6_6[source_name] "q5_6_6"
r; t=0.00 20:00:09

. notes q5_6_6: 5.6.6 Influence of foreign/external forces poses a great risk to political stability in South Asia.
r; t=0.00 20:00:09

. char q5_6_6[question_en] "5.6.6 Influence of foreign/external forces poses a great risk to political stability in South
>  Asia."
r; t=0.00 20:00:09

. char q5_6_6[question_ne] "५.६.६ विदेशी/बाह्य शक्तिको प्रभावले भविष्यमा दक्षिण एसियाली क्षेत्रको राजनीतिक स्थिरतामा ठूलो
>  जोखिम निम्त्याउन सक्छ"
r; t=0.00 20:00:09

. char q5_6_6[form_type] "select_one agree5"
r; t=0.00 20:00:09

. char q5_6_6[form_relevant] ""
r; t=0.00 20:00:09

. rename src130 q5_6_7
r; t=0.00 20:00:09

. label variable q5_6_7 "South Asia stability risk: Ethnic/religious conflict"
r; t=0.00 20:00:09

. char q5_6_7[source_name] "q5_6_7"
r; t=0.00 20:00:09

. notes q5_6_7: 5.6.7 Ethnic or religious tension/conflict poses a great risk to political stability in South Asia.
r; t=0.00 20:00:09

. char q5_6_7[question_en] "5.6.7 Ethnic or religious tension/conflict poses a great risk to political stability in South
>  Asia."
r; t=0.00 20:00:09

. char q5_6_7[question_ne] "५.६.७ जातीय वा धार्मिक तनाव/द्वन्द्वले भविष्यमा दक्षिण एसियाली क्षेत्रको राजनीतिक स्थिरतामा ठ
> ूलो जोखिम निम्त्याउन सक्छ"
r; t=0.00 20:00:09

. char q5_6_7[form_type] "select_one agree5"
r; t=0.00 20:00:09

. char q5_6_7[form_relevant] ""
r; t=0.00 20:00:09

. assert missing(src131)
r; t=0.00 20:00:09

. drop src131
r; t=0.00 20:00:09

. rename src132 q5_7_1
r; t=0.00 20:00:09

. label variable q5_7_1 "South Asia hope: Governance/anti-corruption reforms"
r; t=0.00 20:00:09

. char q5_7_1[source_name] "q5_7_1"
r; t=0.00 20:00:09

. notes q5_7_1: 5.7.1 I am hopeful for South Asia’s future because South Asian countries have adopted better governance a
> nd anti-corruption reforms.
r; t=0.00 20:00:09

. char q5_7_1[question_en] "5.7.1 I am hopeful for South Asia’s future because South Asian countries have adopted better 
> governance and anti-corruption reforms."
r; t=0.00 20:00:09

. char q5_7_1[question_ne] "५.७.१ दक्षिण एसियाली देशहरूले सुशासन र भ्रष्टाचारविरोधी सुधारहरू अपनाएकाले म दक्षिण एसियाली क
> ्षेत्रको भविष्यप्रति आशावादी छु।"
r; t=0.00 20:00:09

. char q5_7_1[form_type] "select_one agree5"
r; t=0.00 20:00:09

. char q5_7_1[form_relevant] ""
r; t=0.00 20:00:09

. rename src133 q5_7_2
r; t=0.00 20:00:09

. label variable q5_7_2 "South Asia hope: Youth political participation"
r; t=0.00 20:00:09

. char q5_7_2[source_name] "q5_7_2"
r; t=0.00 20:00:09

. notes q5_7_2: 5.7.2 I am hopeful about South Asia’s future because of greater youth participation in politics in South 
> Asia.
r; t=0.00 20:00:09

. char q5_7_2[question_en] "5.7.2 I am hopeful about South Asia’s future because of greater youth participation in politi
> cs in South Asia."
r; t=0.00 20:00:09

. char q5_7_2[question_ne] "५.७.२ दक्षिण एसियाली राजनीतिमा युवाहरूको बढ्दो सहभागिताका कारण म दक्षिण एसियाली क्षेत्रको भवि
> ष्यप्रति आशावादी छु।"
r; t=0.00 20:00:09

. char q5_7_2[form_type] "select_one agree5"
r; t=0.00 20:00:09

. char q5_7_2[form_relevant] ""
r; t=0.00 20:00:09

. rename src134 q5_7_3
r; t=0.00 20:00:09

. label variable q5_7_3 "South Asia hope: Improved democracy"
r; t=0.00 20:00:09

. char q5_7_3[source_name] "q5_7_3"
r; t=0.00 20:00:09

. notes q5_7_3: 5.7.3 I am hopeful about South Asia’s future because of the state of the democracy has improved in South 
> Asia.
r; t=0.00 20:00:09

. char q5_7_3[question_en] "5.7.3 I am hopeful about South Asia’s future because of the state of the democracy has improv
> ed in South Asia."
r; t=0.00 20:00:09

. char q5_7_3[question_ne] "५.७.३ दक्षिण एसियामा लोकतन्त्रको अवस्था सुधार भएकाले म दक्षिण एसियाली क्षेत्रको भविष्यप्रति आ
> शावादी छु।"
r; t=0.00 20:00:09

. char q5_7_3[form_type] "select_one agree5"
r; t=0.00 20:00:09

. char q5_7_3[form_relevant] ""
r; t=0.00 20:00:09

. rename src135 q5_7_4
r; t=0.00 20:00:09

. label variable q5_7_4 "South Asia hope: Economic/employment prospects"
r; t=0.00 20:00:09

. char q5_7_4[source_name] "q5_7_4"
r; t=0.00 20:00:09

. notes q5_7_4: 5.7.4  I am hopeful about South Asia’s future because economic and employment prospect is in increasing t
> rend.
r; t=0.00 20:00:09

. char q5_7_4[question_en] "5.7.4  I am hopeful about South Asia’s future because economic and employment prospect is in 
> increasing trend."
r; t=0.00 20:00:09

. char q5_7_4[question_ne] "५.७.४ आर्थिक तथा रोजगारीका सम्भावना बढ्दो क्रममा रहेकाले म दक्षिण एसियाली क्षेत्रको भविष्यप्र
> ति आशावादी छु।"
r; t=0.00 20:00:09

. char q5_7_4[form_type] "select_one agree5"
r; t=0.00 20:00:09

. char q5_7_4[form_relevant] ""
r; t=0.00 20:00:09

. assert missing(src136)
r; t=0.00 20:00:09

. drop src136
r; t=0.00 20:00:09

. rename src137 gps_raw
r; t=0.00 20:00:09

. label variable gps_raw "Original GPS point: latitude longitude altitude accuracy"
r; t=0.00 20:00:09

. char gps_raw[source_name] "Record_your_current_location"
r; t=0.00 20:00:09

. notes gps_raw: Record your current location
r; t=0.00 20:00:09

. char gps_raw[question_en] "Record your current location"
r; t=0.00 20:00:09

. char gps_raw[question_ne] "Location"
r; t=0.00 20:00:09

. char gps_raw[form_type] "geopoint"
r; t=0.00 20:00:09

. char gps_raw[form_relevant] "USD {consent_agree} = '1'"
r; t=0.00 20:00:09

. rename src138 gps_latitude
r; t=0.00 20:00:09

. label variable gps_latitude "GPS latitude (decimal degrees)"
r; t=0.00 20:00:09

. char gps_latitude[source_name] "_Record_your_current_location_latitude"
r; t=0.00 20:00:09

. notes gps_latitude: _Record_your_current_location_latitude
r; t=0.00 20:00:09

. rename src139 gps_longitude
r; t=0.00 20:00:09

. label variable gps_longitude "GPS longitude (decimal degrees)"
r; t=0.00 20:00:09

. char gps_longitude[source_name] "_Record_your_current_location_longitude"
r; t=0.00 20:00:09

. notes gps_longitude: _Record_your_current_location_longitude
r; t=0.00 20:00:09

. rename src140 gps_altitude
r; t=0.00 20:00:09

. label variable gps_altitude "GPS altitude (metres)"
r; t=0.00 20:00:09

. char gps_altitude[source_name] "_Record_your_current_location_altitude"
r; t=0.00 20:00:09

. notes gps_altitude: _Record_your_current_location_altitude
r; t=0.00 20:00:09

. rename src141 gps_accuracy
r; t=0.00 20:00:09

. label variable gps_accuracy "GPS horizontal accuracy (metres)"
r; t=0.00 20:00:09

. char gps_accuracy[source_name] "_Record_your_current_location_precision"
r; t=0.00 20:00:09

. notes gps_accuracy: _Record_your_current_location_precision
r; t=0.00 20:00:09

. assert missing(src142)
r; t=0.00 20:00:09

. drop src142
r; t=0.00 20:00:09

. assert missing(src143)
r; t=0.00 20:00:09

. drop src143
r; t=0.00 20:00:09

. assert missing(src144)
r; t=0.00 20:00:09

. drop src144
r; t=0.00 20:00:09

. rename src145 submission_id
r; t=0.00 20:00:09

. label variable submission_id "Submission ID (Kobo)"
r; t=0.00 20:00:09

. char submission_id[source_name] "_id"
r; t=0.00 20:00:09

. notes submission_id: _id
r; t=0.00 20:00:09

. rename src146 submission_uuid
r; t=0.00 20:00:09

. label variable submission_uuid "Submission UUID (Kobo)"
r; t=0.00 20:00:09

. char submission_uuid[source_name] "_uuid"
r; t=0.00 20:00:09

. notes submission_uuid: _uuid
r; t=0.00 20:00:09

. rename src147 submission_datetime_raw
r; t=0.00 20:00:09

. label variable submission_datetime_raw "Submission date and time: source value, timezone unspecified"
r; t=0.00 20:00:09

. char submission_datetime_raw[source_name] "_submission_time"
r; t=0.00 20:00:09

. notes submission_datetime_raw: _submission_time
r; t=0.00 20:00:09

. rename src148 validation_status
r; t=0.00 20:00:09

. label variable validation_status "Submission validation status"
r; t=0.00 20:00:09

. char validation_status[source_name] "_validation_status"
r; t=0.00 20:00:09

. notes validation_status: _validation_status
r; t=0.00 20:00:09

. rename src149 submission_notes
r; t=0.00 20:00:09

. label variable submission_notes "Submission notes"
r; t=0.00 20:00:09

. char submission_notes[source_name] "_notes"
r; t=0.00 20:00:09

. notes submission_notes: _notes
r; t=0.00 20:00:09

. rename src150 submission_status
r; t=0.00 20:00:09

. label variable submission_status "Submission status"
r; t=0.00 20:00:09

. char submission_status[source_name] "_status"
r; t=0.00 20:00:09

. notes submission_status: _status
r; t=0.00 20:00:09

. rename src151 submitted_by
r; t=0.00 20:00:09

. label variable submitted_by "Account submitting the response"
r; t=0.00 20:00:09

. char submitted_by[source_name] "_submitted_by"
r; t=0.00 20:00:09

. notes submitted_by: _submitted_by
r; t=0.00 20:00:09

. rename src152 form_version
r; t=0.00 20:00:09

. label variable form_version "Form version identifier"
r; t=0.00 20:00:09

. char form_version[source_name] "__version__"
r; t=0.00 20:00:09

. notes form_version: __version__
r; t=0.00 20:00:09

. rename src153 submission_tags
r; t=0.00 20:00:09

. label variable submission_tags "Submission tags"
r; t=0.00 20:00:09

. char submission_tags[source_name] "_tags"
r; t=0.00 20:00:09

. notes submission_tags: _tags
r; t=0.00 20:00:09

. rename src154 root_uuid
r; t=0.00 20:00:09

. label variable root_uuid "Root submission UUID"
r; t=0.00 20:00:09

. char root_uuid[source_name] "meta/rootUuid"
r; t=0.00 20:00:09

. notes root_uuid: meta/rootUuid
r; t=0.00 20:00:09

. rename src155 source_index
r; t=0.00 20:00:09

. label variable source_index "Original export row index"
r; t=0.00 20:00:09

. char source_index[source_name] "_index"
r; t=0.00 20:00:09

. notes source_index: _index
r; t=0.00 20:00:09

. 
. * Reusable flags. These identify review cases; they never overwrite responses.
. generate int qc_unknown_codes = 0
r; t=0.00 20:00:09

. generate int qc_required_missing = 0
r; t=0.00 20:00:09

. generate int qc_skip_conflicts = 0
r; t=0.00 20:00:09

. generate int qc_applicable_missing = 0
r; t=0.00 20:00:09

. label define qc 0 "No" 1 "Yes"
r; t=0.00 20:00:09

. label define missing_status 0 "Answered" 1 "Missing: expected by form routing" 2 "Missing: outside form routing" 3 "Mis
> sing: routing undetermined" 4 "Answered outside form routing" 5 "Answered: routing undetermined"
r; t=0.00 20:00:09

. 
. label define vl_yes_no 1 "Yes" 2 "No" .r "Prefer not to say" .d "Don't know" .u "Unmapped source response (review)"
r; t=0.00 20:00:09

. label define vl_screener 1 "Yes" 2 "No" .r "Prefer not to say" .d "Don't know" .u "Unmapped source response (review)"
r; t=0.00 20:00:09

. label define vl_xq9zw28 1 "Biwash" 2 "Buddhi" 3 "Janak" 4 "Januka" 5 "Kanti" 6 "Manju" 7 "Nabin" 8 "Pankaj" 9 "Sagar" 1
> 0 "Shreeya" 11 "Sumitra" 12 "Susmita" 13 "Usha" .r "Prefer not to say" .d "Don't know" .u "Unmapped source response (re
> view)"
r; t=0.00 20:00:09

. label define vl_ar01j09 1 "Koshi" 2 "Madhesh" 3 "Bagmati" 4 "Gandaki" 5 "Lumbini" 6 "Sudurpaschim" 7 "Karnali" .r "Pref
> er not to say" .d "Don't know" .u "Unmapped source response (review)"
r; t=0.00 20:00:09

. label define vl_gender 1 "Male" 2 "Female" 3 "Others" .r "Prefer not to say" .d "Don't know" .u "Unmapped source respon
> se (review)"
r; t=0.00 20:00:09

. label define vl_education 1 "Bachelors 1st year" 2 "Bachelors 2nd year" 3 "Bachelors 3rd year" 4 "Bachelors 4th year" 5
>  "Bachelors 5th year" 6 "Masters 1st year" 7 "Masters 2nd year" 8 "PHD" .r "Prefer not to say" .d "Don't know" .u "Unma
> pped source response (review)"
r; t=0.00 20:00:09

. label define vl_private_public 1 "Private" 2 "Public" .r "Prefer not to say" .d "Don't know" .u "Unmapped source respon
> se (review)"
r; t=0.00 20:00:09

. label define vl_cp3qw00 1 "Bhramin/Chettri" 2 "Dalit" 3 "Janajati" 4 "Muslim" 5 "Madhesi" .r "Prefer not to say" .d "Do
> n't know" .u "Unmapped source response (review)"
r; t=0.00 20:00:09

. label define vl_yes_no_unsure 1 "Yes" 2 "No" 3 "Not Sure" .r "Prefer not to say" .d "Don't know" .u "Unmapped source re
> sponse (review)"
r; t=0.00 20:00:09

. label define vl_hn9bp27 1 "Hindu" 2 "Muslim" 3 "Christian" 4 "Buddhist" 5 "Others" .r "Prefer not to say" .d "Don't kno
> w" .u "Unmapped source response (review)"
r; t=0.00 20:00:09

. label define vl_marital 1 "Never Married" 2 "Married" 3 "Divorced/separated/widowed" .r "Prefer not to say" .d "Don't k
> now" .u "Unmapped source response (review)"
r; t=0.00 20:00:09

. label define vl_urban_rural 1 "Urban" 2 "Rural" .r "Prefer not to say" .d "Don't know" .u "Unmapped source response (re
> view)"
r; t=0.00 20:00:09

. label define vl_yes_no_pns 1 "Yes" 2 "No" .r "Prefer not to say" .d "Don't know" .u "Unmapped source response (review)"
r; t=0.00 20:00:09

. label define vl_yes_no_dk_pns 1 "Yes" 2 "No" 3 "Don't know/Unsure" .r "Prefer not to say" .d "Don't know" .u "Unmapped 
> source response (review)"
r; t=0.00 20:00:09

. label define vl_migration_plan 1 "Go Abroad" 2 "Stay in Nepal" 3 "Don't know/Unsure" .r "Prefer not to say" .d "Don't k
> now" .u "Unmapped source response (review)"
r; t=0.00 20:00:09

. label define vl_abroad_purpose 1 "Study" 2 "Work" 3 "Study and Work" 4 "Travel" .r "Prefer not to say" .d "Don't know" 
> .u "Unmapped source response (review)"
r; t=0.00 20:00:09

. label define vl_nepal_plan 1 "Study Further" 2 "Seek a Job" 3 "Start a business" 4 "Study and Seek a job" 5 "Study and 
> Start a business" 6 "Seek a job and Start a business" .r "Prefer not to say" .d "Don't know" .u "Unmapped source respon
> se (review)"
r; t=0.00 20:00:09

. label define vl_agree5 1 "Strongly agree" 2 "Agree" 3 "Neutral" 4 "Disagree" 5 "Strongly disagree" .r "Prefer not to sa
> y" .d "Don't know" .u "Unmapped source response (review)"
r; t=0.00 20:00:09

. label define vl_newsfreq 1 "Daily" 2 "Several times a week" 3 "Weekly" 4 "Occasionally" 5 "Never" .r "Prefer not to say
> " .d "Don't know" .u "Unmapped source response (review)"
r; t=0.00 20:00:09

. label define vl_vote 1 "Yes" 2 "No" 3 "Voted, but does not know at which level" .r "Prefer not to say" .d "Don't know" 
> .u "Unmapped source response (review)"
r; t=0.00 20:00:09

. label define vl_nonvote_reason 1 "Did not register" 3 "Away from registered voting location" 4 "Health/family issue" 5 
> "Not interested in voting process" 6 "Did not trust political parties/candidates" 7 "Intentionally boycotted the electi
> on" 8 "My vote would make no difference" .r "Prefer not to say" 96 "Others Please Specify" .d "Don't know" .u "Unmapped
>  source response (review)"
r; t=0.00 20:00:09

. label define vl_future_vote 1 "Very Likely" 2 "Somewhat Likely" 3 "Somewhat unlikely" 4 "Very unlikely" .d "Don't know"
>  .r "Prefer not to say" .u "Unmapped source response (review)"
r; t=0.00 20:00:09

. label define vl_unlikely_reason 1 "Did not register" 2 "Away from registered voting location" 3 "Not interested in voti
> ng process" 4 "Do not trust political parties/candidates" 5 "Intentionally boycott the election" 6 "My vote would make 
> no difference" .r "Prefer not to say" .d "Don't know" .u "Unmapped source response (review)"
r; t=0.00 20:00:09

. label define vl_civic_yes_no 1 "Yes" 2 "No" .r "Prefer not to say" .d "Don't know" .u "Unmapped source response (review
> )"
r; t=0.00 20:00:09

. label define vl_confidence 1 "Very confident" 2 "Confident" 3 "Neutral" 4 "Not confident" 5 "Not at all confident" .r "
> Prefer not to say" .d "Don't know" .u "Unmapped source response (review)"
r; t=0.00 20:00:09

. label define vl_vx7xv18 1 "Strongly agree" 2 "Agree" 3 "Neutral" 4 "Disagree" 5 "Strongly disagree" .r "Prefer not to s
> ay" .d "Don't know" .u "Unmapped source response (review)"
r; t=0.00 20:00:09

. label define vl_fx1wd71 1 "Strongly agree" 2 "Agree" 3 "Neutral" 4 "Disagree" 5 "Strongly disagree" .r "Prefer not to s
> ay" .d "Don't know" .u "Unmapped source response (review)"
r; t=0.00 20:00:09

. label define vl_stability 1 "Very stable" 2 "Stable" 3 "Neutral" 4 "Unstable" 5 "Very unstable" .r "Prefer not to say" 
> .d "Don't know" .u "Unmapped source response (review)"
r; t=0.00 20:00:09

. label define vl_comparison 1 "Much more stable" 2 "Somewhat more stable" 3 "About the same" 4 "Somewhat less stable" 5 
> "Much less stable" .r "Prefer not to say" .d "Don't know" .u "Unmapped source response (review)"
r; t=0.00 20:00:09

. label define vl_likelihood 1 "Very Likely" 2 "Somewhat Likely" 3 "Neutral/ Not sure" 4 "Somewhat unlikely" 5 "Very unli
> kely" .r "Prefer not to say" .d "Don't know" .u "Unmapped source response (review)"
r; t=0.00 20:00:09

. label define vl_sn7om92 1 "Strongly agree" 2 "Agree" 3 "Neutral" 4 "Disagree" 5 "Strongly disagree" .r "Prefer not to s
> ay" .d "Don't know" .u "Unmapped source response (review)"
r; t=0.00 20:00:09

. label define vl_follow_genz 1 "Engaged directly" 2 "Very closely" 3 "Somewhat closely" 4 "Heard but followed very littl
> e" 5 "Not at all" .r "Prefer not to say" .d "Don't know" .u "Unmapped source response (review)"
r; t=0.00 20:00:09

. label define vl_south_follow 1 "Very Closely" 2 "Somewhat Closely" 3 "Not very Closely" 4 "Not at all" .r "Prefer not t
> o say" .d "Don't know" .u "Unmapped source response (review)"
r; t=0.00 20:00:09

. label define vl_agree6 1 "Strongly Agree" 2 "Agree" 3 "Neutral" 4 "Disagree" 5 "Strongly disagree" .r "Prefer not to sa
> y" .d "Don't know" .u "Unmapped source response (review)"
r; t=0.00 20:00:09

. label define vl_south_stability 1 "Very Stable" 2 "Stable" 3 "Neutral" 4 "Unstable" 5 "Very Unstable" .d "Don't know" .
> r "Prefer not to say" .u "Unmapped source response (review)"
r; t=0.00 20:00:09

. label define vl_optimism 1 "Very Optimistic" 2 "Somewhat Optimistic" 3 "Neutral" 4 "Somewhat Pessimistic" 5 "Very Pessi
> mistic" .d "Don't know" .r "Prefer not to say" .u "Unmapped source response (review)"
r; t=0.00 20:00:09

. 
. * consent_agree: yes_no
. rename consent_agree consent_agree_raw
r; t=0.00 20:00:09

. generate double consent_agree = .
(884 missing values generated)
r; t=0.00 20:00:09

. replace consent_agree = 1 if ustrtrim(consent_agree_raw) == "1"
(884 real changes made)
r; t=0.00 20:00:09

. replace consent_agree = 2 if ustrtrim(consent_agree_raw) == "2"
(0 real changes made)
r; t=0.00 20:00:09

. replace consent_agree = .u if consent_agree == . & !missing(ustrtrim(consent_agree_raw))
(0 real changes made)
r; t=0.00 20:00:09

. replace qc_unknown_codes = qc_unknown_codes + (consent_agree == .u)
(0 real changes made)
r; t=0.00 20:00:09

. label values consent_agree vl_yes_no
r; t=0.00 20:00:09

. label variable consent_agree "Consent to participate"
r; t=0.00 20:00:09

. char consent_agree[source_name] "consent_agree"
r; t=0.00 20:00:09

. char consent_agree[question_en] "Do you understand the information I have provided, and do you agree to participate in 
> this survey?"
r; t=0.00 20:00:09

. char consent_agree[question_ne] "मैले दिएको जानकारी तपाईंले बुझ्नुभयो र यस सर्वेक्षणमा सहभागी हुन सहमत हुनुहुन्छ?"
r; t=0.00 20:00:09

. notes consent_agree: Do you understand the information I have provided, and do you agree to participate in this survey?
r; t=0.03 20:00:09

. notes consent_agree: .r = refusal; .d = explicit do not know; .u = unresolved source code. Mixed uncertainty categories
>  retain source codes. See consent_agree_raw for original code.
r; t=0.00 20:00:09

. order consent_agree, before(consent_agree_raw)
r; t=0.00 20:00:09

. label variable consent_agree_raw "Original code: consent_agree"
r; t=0.00 20:00:09

. 
. * screener: screener
. rename screener screener_raw
r; t=0.00 20:00:09

. generate double screener = .
(884 missing values generated)
r; t=0.00 20:00:09

. replace screener = 1 if ustrtrim(screener_raw) == "1"
(884 real changes made)
r; t=0.00 20:00:09

. replace screener = 2 if ustrtrim(screener_raw) == "2"
(0 real changes made)
r; t=0.00 20:00:09

. replace screener = .u if screener == . & !missing(ustrtrim(screener_raw))
(0 real changes made)
r; t=0.00 20:00:09

. replace qc_unknown_codes = qc_unknown_codes + (screener == .u)
(0 real changes made)
r; t=0.00 20:00:09

. label values screener vl_screener
r; t=0.00 20:00:09

. label variable screener "Eligible: age 18-35 and student at sampled institution"
r; t=0.00 20:00:09

. char screener[source_name] "screener"
r; t=0.00 20:00:09

. char screener[question_en] "Are you currently between the age of 18-35 and are a student at this college/university."
r; t=0.00 20:00:09

. char screener[question_ne] "के तपाईं हाल १८–३५ वर्ष उमेर समूहमा पर्नुहुन्छ र यस कलेज/विश्वविद्यालयमा अध्ययनरत विद्यार्थ
> ी हुनुहुन्छ?"
r; t=0.00 20:00:09

. notes screener: Are you currently between the age of 18-35 and are a student at this college/university.
r; t=0.00 20:00:09

. notes screener: .r = refusal; .d = explicit do not know; .u = unresolved source code. Mixed uncertainty categories reta
> in source codes. See screener_raw for original code.
r; t=0.00 20:00:09

. order screener, before(screener_raw)
r; t=0.00 20:00:09

. label variable screener_raw "Original code: screener"
r; t=0.00 20:00:09

. 
. * interviewer: xq9zw28
. rename interviewer interviewer_raw
r; t=0.00 20:00:09

. generate double interviewer = .
(884 missing values generated)
r; t=0.00 20:00:09

. replace interviewer = 1 if ustrtrim(interviewer_raw) == "biwash"
(89 real changes made)
r; t=0.00 20:00:09

. replace interviewer = 2 if ustrtrim(interviewer_raw) == "buddhi"
(0 real changes made)
r; t=0.00 20:00:09

. replace interviewer = 3 if ustrtrim(interviewer_raw) == "janak"
(107 real changes made)
r; t=0.00 20:00:09

. replace interviewer = 4 if ustrtrim(interviewer_raw) == "januka"
(71 real changes made)
r; t=0.00 20:00:09

. replace interviewer = 5 if ustrtrim(interviewer_raw) == "kanti"
(75 real changes made)
r; t=0.00 20:00:09

. replace interviewer = 6 if ustrtrim(interviewer_raw) == "manju"
(73 real changes made)
r; t=0.00 20:00:09

. replace interviewer = 7 if ustrtrim(interviewer_raw) == "nabin"
(88 real changes made)
r; t=0.00 20:00:09

. replace interviewer = 8 if ustrtrim(interviewer_raw) == "pankaj"
(66 real changes made)
r; t=0.00 20:00:09

. replace interviewer = 9 if ustrtrim(interviewer_raw) == "sagar"
(67 real changes made)
r; t=0.00 20:00:09

. replace interviewer = 10 if ustrtrim(interviewer_raw) == "shreeya"
(101 real changes made)
r; t=0.00 20:00:09

. replace interviewer = 11 if ustrtrim(interviewer_raw) == "sumitra"
(74 real changes made)
r; t=0.00 20:00:09

. replace interviewer = 12 if ustrtrim(interviewer_raw) == "susmita"
(73 real changes made)
r; t=0.00 20:00:09

. replace interviewer = 13 if ustrtrim(interviewer_raw) == "usha"
(0 real changes made)
r; t=0.00 20:00:09

. replace interviewer = .u if interviewer == . & !missing(ustrtrim(interviewer_raw))
(0 real changes made)
r; t=0.00 20:00:09

. replace qc_unknown_codes = qc_unknown_codes + (interviewer == .u)
(0 real changes made)
r; t=0.00 20:00:09

. label values interviewer vl_xq9zw28
r; t=0.00 20:00:09

. label variable interviewer "Interviewer"
r; t=0.00 20:00:09

. char interviewer[source_name] "Interviewer_Name"
r; t=0.00 20:00:09

. char interviewer[question_en] "Interviewer Name"
r; t=0.00 20:00:09

. char interviewer[question_ne] "गणकको  नाम "
r; t=0.00 20:00:09

. notes interviewer: Interviewer Name
r; t=0.00 20:00:09

. notes interviewer: .r = refusal; .d = explicit do not know; .u = unresolved source code. Mixed uncertainty categories r
> etain source codes. See interviewer_raw for original code.
r; t=0.00 20:00:09

. order interviewer, before(interviewer_raw)
r; t=0.00 20:00:09

. label variable interviewer_raw "Original code: interviewer"
r; t=0.00 20:00:09

. 
. * province: ar01j09
. rename province province_raw
r; t=0.00 20:00:09

. generate double province = .
(884 missing values generated)
r; t=0.00 20:00:09

. replace province = 1 if ustrtrim(province_raw) == "koshi"
(136 real changes made)
r; t=0.00 20:00:09

. replace province = 2 if ustrtrim(province_raw) == "madhesh"
(167 real changes made)
r; t=0.00 20:00:09

. replace province = 3 if ustrtrim(province_raw) == "bagamati"
(253 real changes made)
r; t=0.00 20:00:09

. replace province = 4 if ustrtrim(province_raw) == "gandaki"
(63 real changes made)
r; t=0.00 20:00:09

. replace province = 5 if ustrtrim(province_raw) == "lumbini"
(139 real changes made)
r; t=0.00 20:00:09

. replace province = 6 if ustrtrim(province_raw) == "sudurpaschim"
(79 real changes made)
r; t=0.00 20:00:09

. replace province = 7 if ustrtrim(province_raw) == "karnali"
(45 real changes made)
r; t=0.00 20:00:09

. replace province = .u if province == . & !missing(ustrtrim(province_raw))
(0 real changes made)
r; t=0.00 20:00:09

. replace qc_unknown_codes = qc_unknown_codes + (province == .u)
(0 real changes made)
r; t=0.00 20:00:09

. label values province vl_ar01j09
r; t=0.00 20:00:09

. label variable province "Province (explicit codes follow supplied choice-list order)"
r; t=0.00 20:00:09

. char province[source_name] "Province"
r; t=0.00 20:00:09

. char province[question_en] "Province"
r; t=0.00 20:00:09

. char province[question_ne] "प्रदेश "
r; t=0.00 20:00:09

. notes province: Province
r; t=0.00 20:00:09

. notes province: .r = refusal; .d = explicit do not know; .u = unresolved source code. Mixed uncertainty categories reta
> in source codes. See province_raw for original code.
r; t=0.00 20:00:09

. order province, before(province_raw)
r; t=0.00 20:00:09

. label variable province_raw "Original code: province"
r; t=0.00 20:00:09

. 
. * gender: gender
. rename gender gender_raw
r; t=0.00 20:00:09

. generate double gender = .
(884 missing values generated)
r; t=0.00 20:00:09

. replace gender = 1 if ustrtrim(gender_raw) == "1"
(481 real changes made)
r; t=0.00 20:00:09

. replace gender = 2 if ustrtrim(gender_raw) == "2"
(403 real changes made)
r; t=0.00 20:00:09

. replace gender = 3 if ustrtrim(gender_raw) == "3"
(0 real changes made)
r; t=0.00 20:00:09

. replace gender = .r if ustrtrim(gender_raw) == "-99"
(0 real changes made)
r; t=0.00 20:00:09

. replace gender = .u if gender == . & !missing(ustrtrim(gender_raw))
(0 real changes made)
r; t=0.00 20:00:09

. replace qc_unknown_codes = qc_unknown_codes + (gender == .u)
(0 real changes made)
r; t=0.00 20:00:09

. label values gender vl_gender
r; t=0.00 20:00:09

. label variable gender "1.2 Gender"
r; t=0.00 20:00:09

. char gender[source_name] "gender"
r; t=0.00 20:00:09

. char gender[question_en] "1.2 What is your Gender?"
r; t=0.00 20:00:09

. char gender[question_ne] "१.२ हजुरको लिंग के हो?"
r; t=0.00 20:00:09

. notes gender: 1.2 What is your Gender?
r; t=0.00 20:00:09

. notes gender: .r = refusal; .d = explicit do not know; .u = unresolved source code. Mixed uncertainty categories retain
>  source codes. See gender_raw for original code.
r; t=0.00 20:00:09

. order gender, before(gender_raw)
r; t=0.00 20:00:09

. label variable gender_raw "Original code: gender"
r; t=0.00 20:00:09

. 
. * education: education
. rename education education_raw
r; t=0.00 20:00:09

. generate double education = .
(884 missing values generated)
r; t=0.00 20:00:09

. replace education = 1 if ustrtrim(education_raw) == "1"
(166 real changes made)
r; t=0.00 20:00:09

. replace education = 2 if ustrtrim(education_raw) == "2"
(182 real changes made)
r; t=0.00 20:00:09

. replace education = 3 if ustrtrim(education_raw) == "3"
(226 real changes made)
r; t=0.00 20:00:09

. replace education = 4 if ustrtrim(education_raw) == "4"
(188 real changes made)
r; t=0.00 20:00:09

. replace education = 5 if ustrtrim(education_raw) == "5"
(16 real changes made)
r; t=0.00 20:00:09

. replace education = 6 if ustrtrim(education_raw) == "6"
(70 real changes made)
r; t=0.00 20:00:09

. replace education = 7 if ustrtrim(education_raw) == "7"
(35 real changes made)
r; t=0.00 20:00:09

. replace education = 8 if ustrtrim(education_raw) == "8"
(1 real change made)
r; t=0.00 20:00:09

. replace education = .r if ustrtrim(education_raw) == "-99"
(0 real changes made)
r; t=0.00 20:00:09

. replace education = .u if education == . & !missing(ustrtrim(education_raw))
(0 real changes made)
r; t=0.00 20:00:09

. replace qc_unknown_codes = qc_unknown_codes + (education == .u)
(0 real changes made)
r; t=0.00 20:00:09

. label values education vl_education
r; t=0.00 20:00:09

. label variable education "1.3 Current education level and year"
r; t=0.00 20:00:09

. char education[source_name] "education"
r; t=0.00 20:00:09

. char education[question_en] "1.3 What is the highest level of education you are currently pursuing?"
r; t=0.00 20:00:09

. char education[question_ne] "१.३ तपाईंले हाल अध्ययन गर्नु भएको  उच्चतम शैक्षिक तह कुन हो ?"
r; t=0.00 20:00:09

. notes education: 1.3 What is the highest level of education you are currently pursuing?
r; t=0.00 20:00:09

. notes education: .r = refusal; .d = explicit do not know; .u = unresolved source code. Mixed uncertainty categories ret
> ain source codes. See education_raw for original code.
r; t=0.00 20:00:09

. order education, before(education_raw)
r; t=0.00 20:00:09

. label variable education_raw "Original code: education"
r; t=0.00 20:00:09

. 
. * edu_school: private_public
. rename edu_school edu_school_raw
r; t=0.00 20:00:09

. generate double edu_school = .
(884 missing values generated)
r; t=0.00 20:00:09

. replace edu_school = 1 if ustrtrim(edu_school_raw) == "1"
(447 real changes made)
r; t=0.00 20:00:09

. replace edu_school = 2 if ustrtrim(edu_school_raw) == "2"
(436 real changes made)
r; t=0.00 20:00:09

. replace edu_school = .r if ustrtrim(edu_school_raw) == "-99"
(0 real changes made)
r; t=0.00 20:00:09

. replace edu_school = .u if edu_school == . & !missing(ustrtrim(edu_school_raw))
(0 real changes made)
r; t=0.00 20:00:09

. replace qc_unknown_codes = qc_unknown_codes + (edu_school == .u)
(0 real changes made)
r; t=0.00 20:00:09

. label values edu_school vl_private_public
r; t=0.00 20:00:09

. label variable edu_school "1.3.1 SLC/SEE school: private or public"
r; t=0.00 20:00:09

. char edu_school[source_name] "edu_school"
r; t=0.00 20:00:09

. char edu_school[question_en] "1.3.1 Did you attend a private or public school for your SLC/SEE education?"
r; t=0.00 20:00:09

. char edu_school[question_ne] "१.३.१ तपाईंले एसएलसी/एसईई तहमा निजी वा सरकारी/सार्वजनिक विद्यालयमध्ये कुनमा अध्ययन गर्नुभ
> एको थियो?"
r; t=0.00 20:00:09

. notes edu_school: 1.3.1 Did you attend a private or public school for your SLC/SEE education?
r; t=0.00 20:00:09

. notes edu_school: .r = refusal; .d = explicit do not know; .u = unresolved source code. Mixed uncertainty categories re
> tain source codes. See edu_school_raw for original code.
r; t=0.00 20:00:09

. order edu_school, before(edu_school_raw)
r; t=0.00 20:00:09

. label variable edu_school_raw "Original code: edu_school"
r; t=0.00 20:00:09

. 
. * edu_plus2: private_public
. rename edu_plus2 edu_plus2_raw
r; t=0.00 20:00:09

. generate double edu_plus2 = .
(884 missing values generated)
r; t=0.00 20:00:09

. replace edu_plus2 = 1 if ustrtrim(edu_plus2_raw) == "1"
(511 real changes made)
r; t=0.00 20:00:09

. replace edu_plus2 = 2 if ustrtrim(edu_plus2_raw) == "2"
(372 real changes made)
r; t=0.00 20:00:09

. replace edu_plus2 = .r if ustrtrim(edu_plus2_raw) == "-99"
(0 real changes made)
r; t=0.00 20:00:09

. replace edu_plus2 = .u if edu_plus2 == . & !missing(ustrtrim(edu_plus2_raw))
(0 real changes made)
r; t=0.00 20:00:09

. replace qc_unknown_codes = qc_unknown_codes + (edu_plus2 == .u)
(0 real changes made)
r; t=0.00 20:00:09

. label values edu_plus2 vl_private_public
r; t=0.00 20:00:09

. label variable edu_plus2 "1.3.2 Plus-two institution: private or public"
r; t=0.00 20:00:09

. char edu_plus2[source_name] "edu_plus2"
r; t=0.00 20:00:09

. char edu_plus2[question_en] "1.3.2 Did you attend a private or public institution for your +2 education?"
r; t=0.00 20:00:09

. char edu_plus2[question_ne] "१.३.२ तपाईंले +२ तहमा निजी वा सरकारी/सार्वजनिक शैक्षिक संस्थामध्ये कुनमा अध्ययन गर्नुभएको 
> थियो?"
r; t=0.00 20:00:09

. notes edu_plus2: 1.3.2 Did you attend a private or public institution for your +2 education?
r; t=0.00 20:00:09

. notes edu_plus2: .r = refusal; .d = explicit do not know; .u = unresolved source code. Mixed uncertainty categories ret
> ain source codes. See edu_plus2_raw for original code.
r; t=0.00 20:00:09

. order edu_plus2, before(edu_plus2_raw)
r; t=0.00 20:00:09

. label variable edu_plus2_raw "Original code: edu_plus2"
r; t=0.00 20:00:09

. 
. * edu_bachelors: private_public
. rename edu_bachelors edu_bachelors_raw
r; t=0.00 20:00:09

. generate double edu_bachelors = .
(884 missing values generated)
r; t=0.00 20:00:09

. replace edu_bachelors = 1 if ustrtrim(edu_bachelors_raw) == "1"
(23 real changes made)
r; t=0.00 20:00:09

. replace edu_bachelors = 2 if ustrtrim(edu_bachelors_raw) == "2"
(83 real changes made)
r; t=0.00 20:00:09

. replace edu_bachelors = .r if ustrtrim(edu_bachelors_raw) == "-99"
(0 real changes made)
r; t=0.00 20:00:09

. replace edu_bachelors = .u if edu_bachelors == . & !missing(ustrtrim(edu_bachelors_raw))
(0 real changes made)
r; t=0.00 20:00:09

. replace qc_unknown_codes = qc_unknown_codes + (edu_bachelors == .u)
(0 real changes made)
r; t=0.00 20:00:09

. label values edu_bachelors vl_private_public
r; t=0.00 20:00:09

. label variable edu_bachelors "1.3.3 Bachelor's institution: private or public"
r; t=0.00 20:00:09

. char edu_bachelors[source_name] "edu_bachelors"
r; t=0.00 20:00:09

. char edu_bachelors[question_en] "1.3.3 Did you attend a private or public institution for your Bachelor's degree?"
r; t=0.00 20:00:09

. char edu_bachelors[question_ne] "१.३.३ तपाईंले स्नातक तहमा निजी वा सरकारी/सार्वजनिक शैक्षिक संस्थामध्ये कुनमा अध्ययन गर
> ्नुभएको थियो?"
r; t=0.00 20:00:09

. notes edu_bachelors: 1.3.3 Did you attend a private or public institution for your Bachelor's degree?
r; t=0.00 20:00:09

. notes edu_bachelors: .r = refusal; .d = explicit do not know; .u = unresolved source code. Mixed uncertainty categories
>  retain source codes. See edu_bachelors_raw for original code.
r; t=0.00 20:00:09

. order edu_bachelors, before(edu_bachelors_raw)
r; t=0.00 20:00:09

. label variable edu_bachelors_raw "Original code: edu_bachelors"
r; t=0.00 20:00:09

. 
. * edu_masters: private_public
. rename edu_masters edu_masters_raw
r; t=0.00 20:00:09

. generate double edu_masters = .
(884 missing values generated)
r; t=0.00 20:00:09

. replace edu_masters = 1 if ustrtrim(edu_masters_raw) == "1"
(11 real changes made)
r; t=0.00 20:00:09

. replace edu_masters = 2 if ustrtrim(edu_masters_raw) == "2"
(60 real changes made)
r; t=0.00 20:00:09

. replace edu_masters = .r if ustrtrim(edu_masters_raw) == "-99"
(0 real changes made)
r; t=0.00 20:00:09

. replace edu_masters = .u if edu_masters == . & !missing(ustrtrim(edu_masters_raw))
(0 real changes made)
r; t=0.00 20:00:09

. replace qc_unknown_codes = qc_unknown_codes + (edu_masters == .u)
(0 real changes made)
r; t=0.00 20:00:09

. label values edu_masters vl_private_public
r; t=0.00 20:00:09

. label variable edu_masters "1.3.4 Master's or higher institution: private or public"
r; t=0.00 20:00:09

. char edu_masters[source_name] "edu_masters"
r; t=0.00 20:00:09

. char edu_masters[question_en] "1.3.4 Did you attend a private or public institution for your Master's degree or above?"
r; t=0.00 20:00:09

. char edu_masters[question_ne] "१.३.४ तपाईंले स्नातकोत्तर वा सोभन्दा माथिको तहमा निजी वा सरकारी/सार्वजनिक शैक्षिक संस्था
> मध्ये कुनमा अध्ययन गर्नुभएको थियो?"
r; t=0.00 20:00:09

. notes edu_masters: 1.3.4 Did you attend a private or public institution for your Master's degree or above?
r; t=0.00 20:00:09

. notes edu_masters: .r = refusal; .d = explicit do not know; .u = unresolved source code. Mixed uncertainty categories r
> etain source codes. See edu_masters_raw for original code.
r; t=0.00 20:00:09

. order edu_masters, before(edu_masters_raw)
r; t=0.00 20:00:09

. label variable edu_masters_raw "Original code: edu_masters"
r; t=0.00 20:00:09

. 
. * ethnicity: cp3qw00
. rename ethnicity ethnicity_raw
r; t=0.00 20:00:09

. generate double ethnicity = .
(884 missing values generated)
r; t=0.00 20:00:09

. replace ethnicity = 1 if ustrtrim(ethnicity_raw) == "1"
(384 real changes made)
r; t=0.00 20:00:09

. replace ethnicity = 2 if ustrtrim(ethnicity_raw) == "2"
(64 real changes made)
r; t=0.00 20:00:09

. replace ethnicity = 3 if ustrtrim(ethnicity_raw) == "3"
(170 real changes made)
r; t=0.00 20:00:09

. replace ethnicity = 4 if ustrtrim(ethnicity_raw) == "4"
(18 real changes made)
r; t=0.00 20:00:09

. replace ethnicity = 5 if ustrtrim(ethnicity_raw) == "5"
(247 real changes made)
r; t=0.00 20:00:09

. replace ethnicity = .r if ustrtrim(ethnicity_raw) == "-99"
(0 real changes made)
r; t=0.00 20:00:09

. replace ethnicity = .u if ethnicity == . & !missing(ustrtrim(ethnicity_raw))
(0 real changes made)
r; t=0.00 20:00:09

. replace qc_unknown_codes = qc_unknown_codes + (ethnicity == .u)
(0 real changes made)
r; t=0.00 20:00:09

. label values ethnicity vl_cp3qw00
r; t=0.00 20:00:09

. label variable ethnicity "1.4 Caste/ethnicity"
r; t=0.00 20:00:09

. char ethnicity[source_name] "_1_4_What_is_your_caste_ethnicity"
r; t=0.00 20:00:09

. char ethnicity[question_en] "1.4 What is your caste/ethnicity?"
r; t=0.00 20:00:09

. char ethnicity[question_ne] "१.४ तपाई को जात/जातियता के हो?"
r; t=0.00 20:00:09

. notes ethnicity: 1.4 What is your caste/ethnicity?
r; t=0.00 20:00:09

. notes ethnicity: .r = refusal; .d = explicit do not know; .u = unresolved source code. Mixed uncertainty categories ret
> ain source codes. See ethnicity_raw for original code.
r; t=0.00 20:00:09

. order ethnicity, before(ethnicity_raw)
r; t=0.00 20:00:09

. label variable ethnicity_raw "Original code: ethnicity"
r; t=0.00 20:00:09

. 
. * religious_belief: yes_no_unsure
. rename religious_belief religious_belief_raw
r; t=0.00 20:00:09

. generate double religious_belief = .
(884 missing values generated)
r; t=0.00 20:00:09

. replace religious_belief = 1 if ustrtrim(religious_belief_raw) == "1"
(870 real changes made)
r; t=0.00 20:00:09

. replace religious_belief = 2 if ustrtrim(religious_belief_raw) == "2"
(13 real changes made)
r; t=0.00 20:00:09

. replace religious_belief = 3 if ustrtrim(religious_belief_raw) == "3"
(1 real change made)
r; t=0.00 20:00:09

. replace religious_belief = .r if ustrtrim(religious_belief_raw) == "-99"
(0 real changes made)
r; t=0.00 20:00:09

. replace religious_belief = .u if religious_belief == . & !missing(ustrtrim(religious_belief_raw))
(0 real changes made)
r; t=0.00 20:00:09

. replace qc_unknown_codes = qc_unknown_codes + (religious_belief == .u)
(0 real changes made)
r; t=0.00 20:00:09

. label values religious_belief vl_yes_no_unsure
r; t=0.00 20:00:09

. label variable religious_belief "1.5 Considers self a person with religious beliefs"
r; t=0.00 20:00:09

. char religious_belief[source_name] "religious_belief"
r; t=0.00 20:00:09

. char religious_belief[question_en] "1.5.  Do you consider yourself a person with religious beliefs?"
r; t=0.00 20:00:09

. char religious_belief[question_ne] "१.५ आफूलाई धार्मिक आस्था भएको व्यक्ति मान्नुहुन्छ?"
r; t=0.00 20:00:09

. notes religious_belief: 1.5.  Do you consider yourself a person with religious beliefs?
r; t=0.00 20:00:09

. notes religious_belief: .r = refusal; .d = explicit do not know; .u = unresolved source code. Mixed uncertainty categor
> ies retain source codes. See religious_belief_raw for original code.
r; t=0.00 20:00:09

. order religious_belief, before(religious_belief_raw)
r; t=0.00 20:00:09

. label variable religious_belief_raw "Original code: religious_belief"
r; t=0.00 20:00:09

. 
. * religion: hn9bp27
. rename religion religion_raw
r; t=0.00 20:00:09

. generate double religion = .
(884 missing values generated)
r; t=0.00 20:00:09

. replace religion = 1 if ustrtrim(religion_raw) == "1"
(770 real changes made)
r; t=0.00 20:00:09

. replace religion = 2 if ustrtrim(religion_raw) == "2"
(21 real changes made)
r; t=0.00 20:00:09

. replace religion = 3 if ustrtrim(religion_raw) == "3"
(31 real changes made)
r; t=0.00 20:00:09

. replace religion = 4 if ustrtrim(religion_raw) == "4_1"
(0 real changes made)
r; t=0.00 20:00:09

. replace religion = 5 if ustrtrim(religion_raw) == "5"
(11 real changes made)
r; t=0.00 20:00:09

. replace religion = .r if ustrtrim(religion_raw) == "prefer_not_to_say"
(2 real changes made, 2 to missing)
r; t=0.00 20:00:09

. if `buddhist_41_confirmed' == 1 {
.     replace religion = 4 if ustrtrim(religion_raw) == "41"
(34 real changes made)
r; t=0.00 20:00:09
. }
r; t=0.00 20:00:09

. replace religion = .u if religion == . & !missing(ustrtrim(religion_raw))
(0 real changes made)
r; t=0.00 20:00:09

. replace qc_unknown_codes = qc_unknown_codes + (religion == .u)
(0 real changes made)
r; t=0.00 20:00:09

. label values religion vl_hn9bp27
r; t=0.00 20:00:09

. label variable religion "1.6 Religion"
r; t=0.00 20:00:09

. char religion[source_name] "_1_6_Which_religion_do_you_identify_with"
r; t=0.00 20:00:09

. char religion[question_en] "1.6 Which religion do you identify with?"
r; t=0.00 20:00:09

. char religion[question_ne] "१.६ तपाई को धर्म के हो ?"
r; t=0.00 20:00:09

. notes religion: 1.6 Which religion do you identify with?
r; t=0.00 20:00:09

. notes religion: .r = refusal; .d = explicit do not know; .u = unresolved source code. Mixed uncertainty categories reta
> in source codes. See religion_raw for original code.
r; t=0.00 20:00:09

. order religion, before(religion_raw)
r; t=0.00 20:00:09

. label variable religion_raw "Original code: religion"
r; t=0.00 20:00:09

. 
. * marital_status: marital
. rename marital_status marital_status_raw
r; t=0.00 20:00:09

. generate double marital_status = .
(884 missing values generated)
r; t=0.00 20:00:09

. replace marital_status = 1 if ustrtrim(marital_status_raw) == "1"
(815 real changes made)
r; t=0.00 20:00:09

. replace marital_status = 2 if ustrtrim(marital_status_raw) == "2"
(69 real changes made)
r; t=0.00 20:00:09

. replace marital_status = 3 if ustrtrim(marital_status_raw) == "3"
(0 real changes made)
r; t=0.00 20:00:09

. replace marital_status = .u if marital_status == . & !missing(ustrtrim(marital_status_raw))
(0 real changes made)
r; t=0.00 20:00:09

. replace qc_unknown_codes = qc_unknown_codes + (marital_status == .u)
(0 real changes made)
r; t=0.00 20:00:09

. label values marital_status vl_marital
r; t=0.00 20:00:09

. label variable marital_status "1.7 Marital status"
r; t=0.00 20:00:09

. char marital_status[source_name] "marital_status"
r; t=0.00 20:00:09

. char marital_status[question_en] "1.7.  What is your marital status?"
r; t=0.00 20:00:09

. char marital_status[question_ne] "१.७ तपाईंको वैवाहिक अवस्था के हो?"
r; t=0.00 20:00:09

. notes marital_status: 1.7.  What is your marital status?
r; t=0.00 20:00:09

. notes marital_status: .r = refusal; .d = explicit do not know; .u = unresolved source code. Mixed uncertainty categorie
> s retain source codes. See marital_status_raw for original code.
r; t=0.00 20:00:09

. order marital_status, before(marital_status_raw)
r; t=0.00 20:00:09

. label variable marital_status_raw "Original code: marital_status"
r; t=0.00 20:00:09

. 
. * life_place: urban_rural
. rename life_place life_place_raw
r; t=0.00 20:00:09

. generate double life_place = .
(884 missing values generated)
r; t=0.00 20:00:09

. replace life_place = 1 if ustrtrim(life_place_raw) == "1"
(516 real changes made)
r; t=0.00 20:00:09

. replace life_place = 2 if ustrtrim(life_place_raw) == "2"
(368 real changes made)
r; t=0.00 20:00:09

. replace life_place = .r if ustrtrim(life_place_raw) == "-99"
(0 real changes made)
r; t=0.00 20:00:09

. replace life_place = .u if life_place == . & !missing(ustrtrim(life_place_raw))
(0 real changes made)
r; t=0.00 20:00:09

. replace qc_unknown_codes = qc_unknown_codes + (life_place == .u)
(0 real changes made)
r; t=0.00 20:00:09

. label values life_place vl_urban_rural
r; t=0.00 20:00:09

. label variable life_place "1.8 Urban/rural location of most of life"
r; t=0.00 20:00:09

. char life_place[source_name] "life_place"
r; t=0.00 20:00:09

. char life_place[question_en] "1.8.  Where have you spent most of your life in?"
r; t=0.00 20:00:09

. char life_place[question_ne] "१.८ तपाईंले आफ्नो जीवनको अधिकांश समय कहाँ बिताउनुभएको छ?"
r; t=0.00 20:00:09

. notes life_place: 1.8.  Where have you spent most of your life in?
r; t=0.00 20:00:09

. notes life_place: .r = refusal; .d = explicit do not know; .u = unresolved source code. Mixed uncertainty categories re
> tain source codes. See life_place_raw for original code.
r; t=0.00 20:00:09

. order life_place, before(life_place_raw)
r; t=0.00 20:00:09

. label variable life_place_raw "Original code: life_place"
r; t=0.00 20:00:09

. 
. * family_abroad: yes_no_pns
. rename family_abroad family_abroad_raw
r; t=0.00 20:00:09

. generate double family_abroad = .
(884 missing values generated)
r; t=0.00 20:00:09

. replace family_abroad = 1 if ustrtrim(family_abroad_raw) == "1"
(374 real changes made)
r; t=0.00 20:00:09

. replace family_abroad = 2 if ustrtrim(family_abroad_raw) == "2"
(510 real changes made)
r; t=0.00 20:00:09

. replace family_abroad = .r if ustrtrim(family_abroad_raw) == "-99"
(0 real changes made)
r; t=0.00 20:00:09

. replace family_abroad = .u if family_abroad == . & !missing(ustrtrim(family_abroad_raw))
(0 real changes made)
r; t=0.00 20:00:09

. replace qc_unknown_codes = qc_unknown_codes + (family_abroad == .u)
(0 real changes made)
r; t=0.00 20:00:09

. label values family_abroad vl_yes_no_pns
r; t=0.00 20:00:09

. label variable family_abroad "1.9 Close family member has lived or lives abroad"
r; t=0.00 20:00:09

. char family_abroad[source_name] "family_abroad"
r; t=0.00 20:00:09

. char family_abroad[question_en] "1.9.  Have any of your close family member lived abroad or is currently living abroad?
> "
r; t=0.00 20:00:09

. char family_abroad[question_ne] "१.९ तपाईंका नजिकका परिवारका कुनै सदस्य विदेशमा बस्नुभएको छ वा हाल विदेशमा बसिरहनुभएको 
> छ?"
r; t=0.00 20:00:09

. notes family_abroad: 1.9.  Have any of your close family member lived abroad or is currently living abroad?
r; t=0.00 20:00:09

. notes family_abroad: .r = refusal; .d = explicit do not know; .u = unresolved source code. Mixed uncertainty categories
>  retain source codes. See family_abroad_raw for original code.
r; t=0.01 20:00:09

. order family_abroad, before(family_abroad_raw)
r; t=0.00 20:00:09

. label variable family_abroad_raw "Original code: family_abroad"
r; t=0.00 20:00:09

. 
. * family_returned: yes_no_dk_pns
. rename family_returned family_returned_raw
r; t=0.00 20:00:09

. generate double family_returned = .
(884 missing values generated)
r; t=0.00 20:00:09

. replace family_returned = 1 if ustrtrim(family_returned_raw) == "1"
(60 real changes made)
r; t=0.00 20:00:09

. replace family_returned = 2 if ustrtrim(family_returned_raw) == "2"
(312 real changes made)
r; t=0.00 20:00:09

. replace family_returned = 3 if ustrtrim(family_returned_raw) == "3"
(2 real changes made)
r; t=0.00 20:00:09

. replace family_returned = .r if ustrtrim(family_returned_raw) == "-99"
(0 real changes made)
r; t=0.00 20:00:09

. replace family_returned = .u if family_returned == . & !missing(ustrtrim(family_returned_raw))
(0 real changes made)
r; t=0.00 20:00:09

. replace qc_unknown_codes = qc_unknown_codes + (family_returned == .u)
(0 real changes made)
r; t=0.00 20:00:09

. label values family_returned vl_yes_no_dk_pns
r; t=0.00 20:00:09

. label variable family_returned "1.9.1 Family member abroad returned permanently"
r; t=0.00 20:00:09

. char family_returned[source_name] "family_returned"
r; t=0.00 20:00:09

. char family_returned[question_en] "1.9.1. Has he/she returned permanetly?"
r; t=0.00 20:00:09

. char family_returned[question_ne] "१.९.१ उहाँ सधै को लागि फर्केर आउनुभएको छ?"
r; t=0.00 20:00:09

. notes family_returned: 1.9.1. Has he/she returned permanetly?
r; t=0.00 20:00:09

. notes family_returned: .r = refusal; .d = explicit do not know; .u = unresolved source code. Mixed uncertainty categori
> es retain source codes. See family_returned_raw for original code.
r; t=0.00 20:00:09

. order family_returned, before(family_returned_raw)
r; t=0.00 20:00:09

. label variable family_returned_raw "Original code: family_returned"
r; t=0.00 20:00:09

. 
. * migration_plan: migration_plan
. rename migration_plan migration_plan_raw
r; t=0.00 20:00:09

. generate double migration_plan = .
(884 missing values generated)
r; t=0.00 20:00:09

. replace migration_plan = 1 if ustrtrim(migration_plan_raw) == "1"
(324 real changes made)
r; t=0.00 20:00:09

. replace migration_plan = 2 if ustrtrim(migration_plan_raw) == "2"
(446 real changes made)
r; t=0.00 20:00:09

. replace migration_plan = 3 if ustrtrim(migration_plan_raw) == "3"
(114 real changes made)
r; t=0.00 20:00:09

. replace migration_plan = .r if ustrtrim(migration_plan_raw) == "-99"
(0 real changes made)
r; t=0.00 20:00:09

. replace migration_plan = .u if migration_plan == . & !missing(ustrtrim(migration_plan_raw))
(0 real changes made)
r; t=0.00 20:00:09

. replace qc_unknown_codes = qc_unknown_codes + (migration_plan == .u)
(0 real changes made)
r; t=0.00 20:00:09

. label values migration_plan vl_migration_plan
r; t=0.00 20:00:09

. label variable migration_plan "1.10 Plans to go abroad or stay in Nepal"
r; t=0.00 20:00:09

. char migration_plan[source_name] "migration_plan"
r; t=0.00 20:00:09

. char migration_plan[question_en] "1.10.  Are you planning to go abroad or stay in Nepal?"
r; t=0.00 20:00:09

. char migration_plan[question_ne] "१.१० तपाईं विदेश जाने योजना बनाउँदै हुनुहुन्छ कि नेपालमै बस्ने?"
r; t=0.00 20:00:09

. notes migration_plan: 1.10.  Are you planning to go abroad or stay in Nepal?
r; t=0.00 20:00:09

. notes migration_plan: .r = refusal; .d = explicit do not know; .u = unresolved source code. Mixed uncertainty categorie
> s retain source codes. See migration_plan_raw for original code.
r; t=0.00 20:00:09

. order migration_plan, before(migration_plan_raw)
r; t=0.00 20:00:09

. label variable migration_plan_raw "Original code: migration_plan"
r; t=0.00 20:00:09

. 
. * abroad_purpose: abroad_purpose
. rename abroad_purpose abroad_purpose_raw
r; t=0.00 20:00:09

. generate double abroad_purpose = .
(884 missing values generated)
r; t=0.00 20:00:09

. replace abroad_purpose = 1 if ustrtrim(abroad_purpose_raw) == "1"
(63 real changes made)
r; t=0.00 20:00:09

. replace abroad_purpose = 2 if ustrtrim(abroad_purpose_raw) == "2"
(71 real changes made)
r; t=0.00 20:00:09

. replace abroad_purpose = 3 if ustrtrim(abroad_purpose_raw) == "3"
(181 real changes made)
r; t=0.00 20:00:09

. replace abroad_purpose = 4 if ustrtrim(abroad_purpose_raw) == "4"
(9 real changes made)
r; t=0.00 20:00:09

. replace abroad_purpose = .u if abroad_purpose == . & !missing(ustrtrim(abroad_purpose_raw))
(0 real changes made)
r; t=0.00 20:00:09

. replace qc_unknown_codes = qc_unknown_codes + (abroad_purpose == .u)
(0 real changes made)
r; t=0.00 20:00:09

. label values abroad_purpose vl_abroad_purpose
r; t=0.00 20:00:09

. label variable abroad_purpose "1.10.1a Purpose of going abroad"
r; t=0.00 20:00:09

. char abroad_purpose[source_name] "abroad_purpose"
r; t=0.00 20:00:09

. char abroad_purpose[question_en] "1.10.1a.  Are you planning to study or work?"
r; t=0.00 20:00:09

. char abroad_purpose[question_ne] "१.१०.१क  तपाईं अध्ययन गर्न जाने योजना बनाउँदै हुनुहुन्छ कि काम गर्न?"
r; t=0.00 20:00:09

. notes abroad_purpose: 1.10.1a.  Are you planning to study or work?
r; t=0.00 20:00:09

. notes abroad_purpose: .r = refusal; .d = explicit do not know; .u = unresolved source code. Mixed uncertainty categorie
> s retain source codes. See abroad_purpose_raw for original code.
r; t=0.00 20:00:09

. order abroad_purpose, before(abroad_purpose_raw)
r; t=0.00 20:00:09

. label variable abroad_purpose_raw "Original code: abroad_purpose"
r; t=0.00 20:00:09

. 
. * nepal_plan: nepal_plan
. rename nepal_plan nepal_plan_raw
r; t=0.00 20:00:09

. generate double nepal_plan = .
(884 missing values generated)
r; t=0.00 20:00:09

. replace nepal_plan = 1 if ustrtrim(nepal_plan_raw) == "1"
(144 real changes made)
r; t=0.00 20:00:09

. replace nepal_plan = 2 if ustrtrim(nepal_plan_raw) == "2"
(6 real changes made)
r; t=0.00 20:00:09

. replace nepal_plan = 3 if ustrtrim(nepal_plan_raw) == "3"
(14 real changes made)
r; t=0.00 20:00:09

. replace nepal_plan = 4 if ustrtrim(nepal_plan_raw) == "4"
(238 real changes made)
r; t=0.00 20:00:09

. replace nepal_plan = 5 if ustrtrim(nepal_plan_raw) == "5"
(40 real changes made)
r; t=0.00 20:00:09

. replace nepal_plan = 6 if ustrtrim(nepal_plan_raw) == "6"
(4 real changes made)
r; t=0.00 20:00:09

. replace nepal_plan = .u if nepal_plan == . & !missing(ustrtrim(nepal_plan_raw))
(0 real changes made)
r; t=0.00 20:00:09

. replace qc_unknown_codes = qc_unknown_codes + (nepal_plan == .u)
(0 real changes made)
r; t=0.00 20:00:09

. label values nepal_plan vl_nepal_plan
r; t=0.00 20:00:09

. label variable nepal_plan "1.10.1b Plans while staying in Nepal"
r; t=0.00 20:00:09

. char nepal_plan[source_name] "nepal_plan"
r; t=0.00 20:00:09

. char nepal_plan[question_en] "1.10.1b.  Are you planning to continue your study, seek a job or start your business?"
r; t=0.00 20:00:09

. char nepal_plan[question_ne] "१.१०.१ख तपाईं आफ्नो अध्ययनलाई निरन्तरता दिने, रोजगारी खोज्ने वा व्यवसाय सुरु गर्ने योजनाम
> ा हुनुहुन्छ?"
r; t=0.00 20:00:09

. notes nepal_plan: 1.10.1b.  Are you planning to continue your study, seek a job or start your business?
r; t=0.00 20:00:09

. notes nepal_plan: .r = refusal; .d = explicit do not know; .u = unresolved source code. Mixed uncertainty categories re
> tain source codes. See nepal_plan_raw for original code.
r; t=0.00 20:00:09

. order nepal_plan, before(nepal_plan_raw)
r; t=0.00 20:00:09

. label variable nepal_plan_raw "Original code: nepal_plan"
r; t=0.00 20:00:09

. 
. * q2_1: agree5
. rename q2_1 q2_1_raw
r; t=0.00 20:00:09

. generate double q2_1 = .
(884 missing values generated)
r; t=0.00 20:00:09

. replace q2_1 = 1 if ustrtrim(q2_1_raw) == "1"
(93 real changes made)
r; t=0.00 20:00:09

. replace q2_1 = 2 if ustrtrim(q2_1_raw) == "2"
(244 real changes made)
r; t=0.00 20:00:09

. replace q2_1 = 3 if ustrtrim(q2_1_raw) == "3"
(162 real changes made)
r; t=0.00 20:00:09

. replace q2_1 = 4 if ustrtrim(q2_1_raw) == "4"
(218 real changes made)
r; t=0.00 20:00:09

. replace q2_1 = 5 if ustrtrim(q2_1_raw) == "5"
(155 real changes made)
r; t=0.00 20:00:09

. replace q2_1 = .r if ustrtrim(q2_1_raw) == "-99"
(0 real changes made)
r; t=0.00 20:00:09

. replace q2_1 = .d if ustrtrim(q2_1_raw) == "6"
(12 real changes made, 12 to missing)
r; t=0.00 20:00:09

. replace q2_1 = .u if q2_1 == . & !missing(ustrtrim(q2_1_raw))
(0 real changes made)
r; t=0.00 20:00:09

. replace qc_unknown_codes = qc_unknown_codes + (q2_1 == .u)
(0 real changes made)
r; t=0.00 20:00:09

. label values q2_1 vl_agree5
r; t=0.00 20:00:09

. label variable q2_1 "2.1 Agreement: politics is central to living in Nepal"
r; t=0.00 20:00:09

. char q2_1[source_name] "q2_1"
r; t=0.00 20:00:09

. char q2_1[question_en] "2.1. To what extent do you agree with the following statement? “Involvement on politics is cent
> ral to living in Nepal”"
r; t=0.00 20:00:09

. char q2_1[question_ne] "२.१ तलका भनाइहरूसँग तपाईं कत्तिको सहमत हुनुहुन्छ? “नेपालमा जीवन बिताउन राजनीतिमा संलग्नता महत्व
> पूर्ण छ ।”"
r; t=0.00 20:00:09

. notes q2_1: 2.1. To what extent do you agree with the following statement? “Involvement on politics is central to livin
> g in Nepal”
r; t=0.00 20:00:09

. notes q2_1: .r = refusal; .d = explicit do not know; .u = unresolved source code. Mixed uncertainty categories retain s
> ource codes. See q2_1_raw for original code.
r; t=0.00 20:00:09

. order q2_1, before(q2_1_raw)
r; t=0.00 20:00:09

. label variable q2_1_raw "Original code: q2_1"
r; t=0.00 20:00:09

. 
. * q2_2: newsfreq
. rename q2_2 q2_2_raw
r; t=0.00 20:00:09

. generate double q2_2 = .
(884 missing values generated)
r; t=0.00 20:00:09

. replace q2_2 = 1 if ustrtrim(q2_2_raw) == "1"
(484 real changes made)
r; t=0.00 20:00:09

. replace q2_2 = 2 if ustrtrim(q2_2_raw) == "2"
(215 real changes made)
r; t=0.00 20:00:09

. replace q2_2 = 3 if ustrtrim(q2_2_raw) == "3"
(32 real changes made)
r; t=0.00 20:00:09

. replace q2_2 = 4 if ustrtrim(q2_2_raw) == "4"
(140 real changes made)
r; t=0.00 20:00:09

. replace q2_2 = 5 if ustrtrim(q2_2_raw) == "5"
(13 real changes made)
r; t=0.00 20:00:09

. replace q2_2 = .u if q2_2 == . & !missing(ustrtrim(q2_2_raw))
(0 real changes made)
r; t=0.00 20:00:09

. replace qc_unknown_codes = qc_unknown_codes + (q2_2 == .u)
(0 real changes made)
r; t=0.00 20:00:09

. label values q2_2 vl_newsfreq
r; t=0.00 20:00:09

. label variable q2_2 "2.2 Frequency of following political news"
r; t=0.00 20:00:09

. char q2_2[source_name] "q2_2"
r; t=0.00 20:00:09

. char q2_2[question_en] "2.2.  How often do you follow political news?"
r; t=0.00 20:00:09

. char q2_2[question_ne] "२.२ तपाईं राजनीतिक समाचार कत्तिको  हेर्नु वा पढ्नुहुन्छ?"
r; t=0.00 20:00:09

. notes q2_2: 2.2.  How often do you follow political news?
r; t=0.00 20:00:09

. notes q2_2: .r = refusal; .d = explicit do not know; .u = unresolved source code. Mixed uncertainty categories retain s
> ource codes. See q2_2_raw for original code.
r; t=0.00 20:00:09

. order q2_2, before(q2_2_raw)
r; t=0.00 20:00:09

. label variable q2_2_raw "Original code: q2_2"
r; t=0.00 20:00:09

. 
. * q2_3: yes_no_pns
. rename q2_3 q2_3_raw
r; t=0.00 20:00:09

. generate double q2_3 = .
(884 missing values generated)
r; t=0.00 20:00:09

. replace q2_3 = 1 if ustrtrim(q2_3_raw) == "1"
(184 real changes made)
r; t=0.00 20:00:09

. replace q2_3 = 2 if ustrtrim(q2_3_raw) == "2"
(700 real changes made)
r; t=0.00 20:00:09

. replace q2_3 = .r if ustrtrim(q2_3_raw) == "-99"
(0 real changes made)
r; t=0.00 20:00:09

. replace q2_3 = .u if q2_3 == . & !missing(ustrtrim(q2_3_raw))
(0 real changes made)
r; t=0.00 20:00:09

. replace qc_unknown_codes = qc_unknown_codes + (q2_3 == .u)
(0 real changes made)
r; t=0.00 20:00:09

. label values q2_3 vl_yes_no_pns
r; t=0.00 20:00:09

. label variable q2_3 "2.3 Active involvement in politics/political organizations"
r; t=0.00 20:00:09

. char q2_3[source_name] "q2_3"
r; t=0.00 20:00:09

. char q2_3[question_en] "2.3.  Have you been actively involved in politics/political organizations?"
r; t=0.00 20:00:09

. char q2_3[question_ne] "२.३ के तपाईं राजनीतिमा वा राजनीतिक संस्थाहरूमा (जस्तै राजनीतिक दल, कलेज/विस्वविध्यालयको  संगठनह
> रु, दलको भात्री संगठन, टोल सुधार समिति हरु, युवा क्लभहरू)    सक्रिय रूपमा संलग्न हुनुभएको छ/हुनु हुन्छ ?"
r; t=0.00 20:00:09

. notes q2_3: 2.3.  Have you been actively involved in politics/political organizations?
r; t=0.00 20:00:09

. notes q2_3: .r = refusal; .d = explicit do not know; .u = unresolved source code. Mixed uncertainty categories retain s
> ource codes. See q2_3_raw for original code.
r; t=0.00 20:00:09

. order q2_3, before(q2_3_raw)
r; t=0.00 20:00:09

. label variable q2_3_raw "Original code: q2_3"
r; t=0.00 20:00:09

. 
. * q2_4: vote
. rename q2_4 q2_4_raw
r; t=0.00 20:00:09

. generate double q2_4 = .
(884 missing values generated)
r; t=0.00 20:00:09

. replace q2_4 = 1 if ustrtrim(q2_4_raw) == "1"
(244 real changes made)
r; t=0.00 20:00:09

. replace q2_4 = 2 if ustrtrim(q2_4_raw) == "2"
(237 real changes made)
r; t=0.00 20:00:09

. replace q2_4 = 3 if ustrtrim(q2_4_raw) == "3"
(8 real changes made)
r; t=0.00 20:00:09

. replace q2_4 = .r if ustrtrim(q2_4_raw) == "-99"
(0 real changes made)
r; t=0.00 20:00:09

. replace q2_4 = .u if q2_4 == . & !missing(ustrtrim(q2_4_raw))
(0 real changes made)
r; t=0.00 20:00:09

. replace qc_unknown_codes = qc_unknown_codes + (q2_4 == .u)
(0 real changes made)
r; t=0.00 20:00:09

. label values q2_4 vl_vote
r; t=0.00 20:00:09

. label variable q2_4 "2.4 Voted in 2022 federal election"
r; t=0.00 20:00:09

. char q2_4[source_name] "q2_4"
r; t=0.00 20:00:09

. char q2_4[question_en] "2.4.  Did you vote in the 2022 federal election? (Ask only for respondents above or equal to th
> e age of 22)"
r; t=0.00 20:00:09

. char q2_4[question_ne] "२.४ के तपाईंले २०७९ को प्रतिनिधिसभा निर्वाचनमा मतदान गर्नुभयो?"
r; t=0.00 20:00:09

. notes q2_4: 2.4.  Did you vote in the 2022 federal election? (Ask only for respondents above or equal to the age of 22)
r; t=0.00 20:00:09

. notes q2_4: .r = refusal; .d = explicit do not know; .u = unresolved source code. Mixed uncertainty categories retain s
> ource codes. See q2_4_raw for original code.
r; t=0.00 20:00:09

. order q2_4, before(q2_4_raw)
r; t=0.00 20:00:09

. label variable q2_4_raw "Original code: q2_4"
r; t=0.00 20:00:09

. 
. * q2_4_1: nonvote_reason
. rename q2_4_1 q2_4_1_raw
r; t=0.00 20:00:09

. generate double q2_4_1 = .
(884 missing values generated)
r; t=0.00 20:00:09

. replace q2_4_1 = 1 if ustrtrim(q2_4_1_raw) == "1"
(161 real changes made)
r; t=0.00 20:00:09

. replace q2_4_1 = 3 if ustrtrim(q2_4_1_raw) == "3"
(31 real changes made)
r; t=0.00 20:00:09

. replace q2_4_1 = 4 if ustrtrim(q2_4_1_raw) == "4"
(5 real changes made)
r; t=0.00 20:00:09

. replace q2_4_1 = 5 if ustrtrim(q2_4_1_raw) == "5"
(6 real changes made)
r; t=0.00 20:00:09

. replace q2_4_1 = 6 if ustrtrim(q2_4_1_raw) == "6"
(8 real changes made)
r; t=0.00 20:00:09

. replace q2_4_1 = 7 if ustrtrim(q2_4_1_raw) == "7"
(5 real changes made)
r; t=0.00 20:00:09

. replace q2_4_1 = 8 if ustrtrim(q2_4_1_raw) == "8"
(5 real changes made)
r; t=0.00 20:00:09

. replace q2_4_1 = .r if ustrtrim(q2_4_1_raw) == "-99"
(0 real changes made)
r; t=0.00 20:00:09

. replace q2_4_1 = 96 if ustrtrim(q2_4_1_raw) == "others_please_specify"
(16 real changes made)
r; t=0.00 20:00:09

. replace q2_4_1 = .u if q2_4_1 == . & !missing(ustrtrim(q2_4_1_raw))
(0 real changes made)
r; t=0.00 20:00:09

. replace qc_unknown_codes = qc_unknown_codes + (q2_4_1 == .u)
(0 real changes made)
r; t=0.00 20:00:09

. label values q2_4_1 vl_nonvote_reason
r; t=0.00 20:00:09

. label variable q2_4_1 "2.4.1 Reason for not voting: federal"
r; t=0.00 20:00:09

. char q2_4_1[source_name] "q2_4_1"
r; t=0.00 20:00:09

. char q2_4_1[question_en] "2.4.1.  Why didn’t you vote?"
r; t=0.00 20:00:09

. char q2_4_1[question_ne] "२.४.१ तपाईंले किन मतदान गर्नुभएन?"
r; t=0.00 20:00:09

. notes q2_4_1: 2.4.1.  Why didn’t you vote?
r; t=0.00 20:00:09

. notes q2_4_1: .r = refusal; .d = explicit do not know; .u = unresolved source code. Mixed uncertainty categories retain
>  source codes. See q2_4_1_raw for original code.
r; t=0.00 20:00:09

. order q2_4_1, before(q2_4_1_raw)
r; t=0.00 20:00:09

. label variable q2_4_1_raw "Original code: q2_4_1"
r; t=0.00 20:00:09

. 
. * q2_5: vote
. rename q2_5 q2_5_raw
r; t=0.00 20:00:09

. generate double q2_5 = .
(884 missing values generated)
r; t=0.00 20:00:09

. replace q2_5 = 1 if ustrtrim(q2_5_raw) == "1"
(232 real changes made)
r; t=0.00 20:00:09

. replace q2_5 = 2 if ustrtrim(q2_5_raw) == "2"
(24 real changes made)
r; t=0.00 20:00:09

. replace q2_5 = 3 if ustrtrim(q2_5_raw) == "3"
(1 real change made)
r; t=0.00 20:00:09

. replace q2_5 = .r if ustrtrim(q2_5_raw) == "-99"
(0 real changes made)
r; t=0.00 20:00:09

. replace q2_5 = .u if q2_5 == . & !missing(ustrtrim(q2_5_raw))
(0 real changes made)
r; t=0.00 20:00:09

. replace qc_unknown_codes = qc_unknown_codes + (q2_5 == .u)
(0 real changes made)
r; t=0.00 20:00:09

. label values q2_5 vl_vote
r; t=0.00 20:00:09

. label variable q2_5 "2.5 Voted in 2022 provincial election"
r; t=0.00 20:00:09

. char q2_5[source_name] "q2_5"
r; t=0.00 20:00:09

. char q2_5[question_en] "2.5.  Did you vote in the 2022 provincial election? (Ask only for respondents above or equal to
>  the age of 22)"
r; t=0.00 20:00:09

. char q2_5[question_ne] "२.५ के तपाईंले २०७९ को प्रदेशसभा निर्वाचनमा मतदान गर्नुभयो?"
r; t=0.00 20:00:09

. notes q2_5: 2.5.  Did you vote in the 2022 provincial election? (Ask only for respondents above or equal to the age of 
> 22)
r; t=0.00 20:00:09

. notes q2_5: .r = refusal; .d = explicit do not know; .u = unresolved source code. Mixed uncertainty categories retain s
> ource codes. See q2_5_raw for original code.
r; t=0.00 20:00:09

. order q2_5, before(q2_5_raw)
r; t=0.00 20:00:09

. label variable q2_5_raw "Original code: q2_5"
r; t=0.00 20:00:09

. 
. * q2_5_1: nonvote_reason
. rename q2_5_1 q2_5_1_raw
r; t=0.00 20:00:09

. generate double q2_5_1 = .
(884 missing values generated)
r; t=0.00 20:00:09

. replace q2_5_1 = 1 if ustrtrim(q2_5_1_raw) == "1"
(4 real changes made)
r; t=0.00 20:00:09

. replace q2_5_1 = 3 if ustrtrim(q2_5_1_raw) == "3"
(2 real changes made)
r; t=0.00 20:00:09

. replace q2_5_1 = 4 if ustrtrim(q2_5_1_raw) == "4"
(2 real changes made)
r; t=0.00 20:00:09

. replace q2_5_1 = 5 if ustrtrim(q2_5_1_raw) == "5"
(2 real changes made)
r; t=0.00 20:00:09

. replace q2_5_1 = 6 if ustrtrim(q2_5_1_raw) == "6"
(1 real change made)
r; t=0.00 20:00:09

. replace q2_5_1 = 7 if ustrtrim(q2_5_1_raw) == "7"
(2 real changes made)
r; t=0.00 20:00:09

. replace q2_5_1 = 8 if ustrtrim(q2_5_1_raw) == "8"
(2 real changes made)
r; t=0.00 20:00:09

. replace q2_5_1 = .r if ustrtrim(q2_5_1_raw) == "-99"
(0 real changes made)
r; t=0.00 20:00:09

. replace q2_5_1 = 96 if ustrtrim(q2_5_1_raw) == "others_please_specify"
(9 real changes made)
r; t=0.00 20:00:09

. replace q2_5_1 = .u if q2_5_1 == . & !missing(ustrtrim(q2_5_1_raw))
(0 real changes made)
r; t=0.00 20:00:09

. replace qc_unknown_codes = qc_unknown_codes + (q2_5_1 == .u)
(0 real changes made)
r; t=0.00 20:00:09

. label values q2_5_1 vl_nonvote_reason
r; t=0.00 20:00:09

. label variable q2_5_1 "2.5.1 Reason for not voting: provincial"
r; t=0.00 20:00:09

. char q2_5_1[source_name] "q2_5_1"
r; t=0.00 20:00:09

. char q2_5_1[question_en] "2.5.1.  Why didn’t you vote?"
r; t=0.00 20:00:09

. char q2_5_1[question_ne] "२.५.१ तपाईंले किन मतदान गर्नुभएन?"
r; t=0.00 20:00:09

. notes q2_5_1: 2.5.1.  Why didn’t you vote?
r; t=0.00 20:00:09

. notes q2_5_1: .r = refusal; .d = explicit do not know; .u = unresolved source code. Mixed uncertainty categories retain
>  source codes. See q2_5_1_raw for original code.
r; t=0.00 20:00:09

. order q2_5_1, before(q2_5_1_raw)
r; t=0.00 20:00:09

. label variable q2_5_1_raw "Original code: q2_5_1"
r; t=0.00 20:00:09

. 
. * q2_6: vote
. rename q2_6 q2_6_raw
r; t=0.00 20:00:09

. generate double q2_6 = .
(884 missing values generated)
r; t=0.00 20:00:09

. replace q2_6 = 1 if ustrtrim(q2_6_raw) == "1"
(239 real changes made)
r; t=0.00 20:00:09

. replace q2_6 = 2 if ustrtrim(q2_6_raw) == "2"
(239 real changes made)
r; t=0.00 20:00:09

. replace q2_6 = 3 if ustrtrim(q2_6_raw) == "3"
(10 real changes made)
r; t=0.00 20:00:09

. replace q2_6 = .r if ustrtrim(q2_6_raw) == "-99"
(1 real change made, 1 to missing)
r; t=0.00 20:00:09

. replace q2_6 = .u if q2_6 == . & !missing(ustrtrim(q2_6_raw))
(0 real changes made)
r; t=0.00 20:00:09

. replace qc_unknown_codes = qc_unknown_codes + (q2_6 == .u)
(0 real changes made)
r; t=0.00 20:00:09

. label values q2_6 vl_vote
r; t=0.00 20:00:09

. label variable q2_6 "2.6 Voted in 2022 local election"
r; t=0.00 20:00:09

. char q2_6[source_name] "q2_6"
r; t=0.00 20:00:09

. char q2_6[question_en] "2.6.  Did you vote in the 2022 local election? (Ask only for respondents above or equal to the 
> age of 22)"
r; t=0.00 20:00:09

. char q2_6[question_ne] "२.६ के तपाईंले २०७९ को स्थानीय तह निर्वाचनमा मतदान गर्नुभयो?"
r; t=0.00 20:00:09

. notes q2_6: 2.6.  Did you vote in the 2022 local election? (Ask only for respondents above or equal to the age of 22)
r; t=0.00 20:00:09

. notes q2_6: .r = refusal; .d = explicit do not know; .u = unresolved source code. Mixed uncertainty categories retain s
> ource codes. See q2_6_raw for original code.
r; t=0.00 20:00:09

. order q2_6, before(q2_6_raw)
r; t=0.00 20:00:09

. label variable q2_6_raw "Original code: q2_6"
r; t=0.00 20:00:09

. 
. * q2_6_1: nonvote_reason
. rename q2_6_1 q2_6_1_raw
r; t=0.00 20:00:09

. generate double q2_6_1 = .
(884 missing values generated)
r; t=0.00 20:00:09

. replace q2_6_1 = 1 if ustrtrim(q2_6_1_raw) == "1"
(160 real changes made)
r; t=0.00 20:00:09

. replace q2_6_1 = 3 if ustrtrim(q2_6_1_raw) == "3"
(36 real changes made)
r; t=0.00 20:00:09

. replace q2_6_1 = 4 if ustrtrim(q2_6_1_raw) == "4"
(6 real changes made)
r; t=0.00 20:00:09

. replace q2_6_1 = 5 if ustrtrim(q2_6_1_raw) == "5"
(6 real changes made)
r; t=0.00 20:00:09

. replace q2_6_1 = 6 if ustrtrim(q2_6_1_raw) == "6"
(6 real changes made)
r; t=0.00 20:00:09

. replace q2_6_1 = 7 if ustrtrim(q2_6_1_raw) == "7"
(4 real changes made)
r; t=0.00 20:00:09

. replace q2_6_1 = 8 if ustrtrim(q2_6_1_raw) == "8"
(5 real changes made)
r; t=0.00 20:00:09

. replace q2_6_1 = .r if ustrtrim(q2_6_1_raw) == "-99"
(0 real changes made)
r; t=0.00 20:00:09

. replace q2_6_1 = 96 if ustrtrim(q2_6_1_raw) == "others_please_specify"
(16 real changes made)
r; t=0.00 20:00:09

. replace q2_6_1 = .u if q2_6_1 == . & !missing(ustrtrim(q2_6_1_raw))
(0 real changes made)
r; t=0.00 20:00:09

. replace qc_unknown_codes = qc_unknown_codes + (q2_6_1 == .u)
(0 real changes made)
r; t=0.00 20:00:09

. label values q2_6_1 vl_nonvote_reason
r; t=0.00 20:00:09

. label variable q2_6_1 "2.6.1 Reason for not voting: local"
r; t=0.00 20:00:09

. char q2_6_1[source_name] "q2_6_1"
r; t=0.00 20:00:09

. char q2_6_1[question_en] "2.6.1.  Why didn’t you vote?"
r; t=0.00 20:00:09

. char q2_6_1[question_ne] "२.६.१ तपाईंले किन मतदान गर्नुभएन?"
r; t=0.00 20:00:09

. notes q2_6_1: 2.6.1.  Why didn’t you vote?
r; t=0.00 20:00:09

. notes q2_6_1: .r = refusal; .d = explicit do not know; .u = unresolved source code. Mixed uncertainty categories retain
>  source codes. See q2_6_1_raw for original code.
r; t=0.00 20:00:09

. order q2_6_1, before(q2_6_1_raw)
r; t=0.00 20:00:09

. label variable q2_6_1_raw "Original code: q2_6_1"
r; t=0.00 20:00:09

. 
. * q2_7: future_vote
. rename q2_7 q2_7_raw
r; t=0.00 20:00:09

. generate double q2_7 = .
(884 missing values generated)
r; t=0.00 20:00:09

. replace q2_7 = 1 if ustrtrim(q2_7_raw) == "1"
(575 real changes made)
r; t=0.00 20:00:09

. replace q2_7 = 2 if ustrtrim(q2_7_raw) == "2"
(170 real changes made)
r; t=0.00 20:00:09

. replace q2_7 = 3 if ustrtrim(q2_7_raw) == "3"
(28 real changes made)
r; t=0.00 20:00:09

. replace q2_7 = 4 if ustrtrim(q2_7_raw) == "4"
(61 real changes made)
r; t=0.00 20:00:09

. replace q2_7 = .d if ustrtrim(q2_7_raw) == "5"
(50 real changes made, 50 to missing)
r; t=0.00 20:00:09

. replace q2_7 = .r if ustrtrim(q2_7_raw) == "-99"
(0 real changes made)
r; t=0.00 20:00:09

. replace q2_7 = .u if q2_7 == . & !missing(ustrtrim(q2_7_raw))
(0 real changes made)
r; t=0.00 20:00:09

. replace qc_unknown_codes = qc_unknown_codes + (q2_7 == .u)
(0 real changes made)
r; t=0.00 20:00:09

. label values q2_7 vl_future_vote
r; t=0.00 20:00:09

. label variable q2_7 "2.7 Likelihood of voting in 2027 local elections"
r; t=0.00 20:00:09

. char q2_7[source_name] "q2_7"
r; t=0.00 20:00:09

. char q2_7[question_en] "2.7.  How likely are you to vote in the upcoming 2027 local elections?"
r; t=0.00 20:00:09

. char q2_7[question_ne] "२.७ आगामी २०८४ को स्थानीय तह निर्वाचनमा तपाईंले मतदान गर्ने सम्भावना कत्तिको छ?"
r; t=0.00 20:00:09

. notes q2_7: 2.7.  How likely are you to vote in the upcoming 2027 local elections?
r; t=0.00 20:00:09

. notes q2_7: .r = refusal; .d = explicit do not know; .u = unresolved source code. Mixed uncertainty categories retain s
> ource codes. See q2_7_raw for original code.
r; t=0.00 20:00:09

. order q2_7, before(q2_7_raw)
r; t=0.00 20:00:09

. label variable q2_7_raw "Original code: q2_7"
r; t=0.00 20:00:09

. 
. * q2_7_1: unlikely_reason
. rename q2_7_1 q2_7_1_raw
r; t=0.00 20:00:09

. generate double q2_7_1 = .
(884 missing values generated)
r; t=0.00 20:00:09

. replace q2_7_1 = 1 if ustrtrim(q2_7_1_raw) == "1"
(44 real changes made)
r; t=0.00 20:00:09

. replace q2_7_1 = 2 if ustrtrim(q2_7_1_raw) == "2"
(18 real changes made)
r; t=0.00 20:00:09

. replace q2_7_1 = 3 if ustrtrim(q2_7_1_raw) == "3"
(11 real changes made)
r; t=0.00 20:00:09

. replace q2_7_1 = 4 if ustrtrim(q2_7_1_raw) == "4"
(13 real changes made)
r; t=0.00 20:00:09

. replace q2_7_1 = 5 if ustrtrim(q2_7_1_raw) == "5"
(2 real changes made)
r; t=0.00 20:00:09

. replace q2_7_1 = 6 if ustrtrim(q2_7_1_raw) == "6"
(1 real change made)
r; t=0.00 20:00:09

. replace q2_7_1 = .r if ustrtrim(q2_7_1_raw) == "-99"
(0 real changes made)
r; t=0.00 20:00:09

. replace q2_7_1 = .u if q2_7_1 == . & !missing(ustrtrim(q2_7_1_raw))
(0 real changes made)
r; t=0.00 20:00:09

. replace qc_unknown_codes = qc_unknown_codes + (q2_7_1 == .u)
(0 real changes made)
r; t=0.00 20:00:09

. label values q2_7_1 vl_unlikely_reason
r; t=0.00 20:00:09

. label variable q2_7_1 "2.7.1 Reason unlikely to vote in 2027 local elections"
r; t=0.00 20:00:09

. char q2_7_1[source_name] "q2_7_1"
r; t=0.00 20:00:09

. char q2_7_1[question_en] "2.7.1.  Why are you unlikely to vote?"
r; t=0.00 20:00:09

. char q2_7_1[question_ne] "२.७.१ तपाईंले मतदान गर्ने सम्भावना कम हुनुको मुख्य कारण के हो?"
r; t=0.00 20:00:09

. notes q2_7_1: 2.7.1.  Why are you unlikely to vote?
r; t=0.00 20:00:09

. notes q2_7_1: .r = refusal; .d = explicit do not know; .u = unresolved source code. Mixed uncertainty categories retain
>  source codes. See q2_7_1_raw for original code.
r; t=0.00 20:00:09

. order q2_7_1, before(q2_7_1_raw)
r; t=0.00 20:00:09

. label variable q2_7_1_raw "Original code: q2_7_1"
r; t=0.00 20:00:09

. 
. * q2_8_1: civic_yes_no
. rename q2_8_1 q2_8_1_raw
r; t=0.00 20:00:09

. generate double q2_8_1 = .
(884 missing values generated)
r; t=0.00 20:00:09

. replace q2_8_1 = 1 if ustrtrim(q2_8_1_raw) == "1"
(191 real changes made)
r; t=0.00 20:00:09

. replace q2_8_1 = 2 if ustrtrim(q2_8_1_raw) == "2"
(693 real changes made)
r; t=0.00 20:00:09

. replace q2_8_1 = .u if q2_8_1 == . & !missing(ustrtrim(q2_8_1_raw))
(0 real changes made)
r; t=0.00 20:00:09

. replace qc_unknown_codes = qc_unknown_codes + (q2_8_1 == .u)
(0 real changes made)
r; t=0.00 20:00:09

. label values q2_8_1 vl_civic_yes_no
r; t=0.00 20:00:09

. label variable q2_8_1 "2.8.1 Past 12 months: Attended campaign/rally"
r; t=0.00 20:00:09

. char q2_8_1[source_name] "q2_8_1"
r; t=0.00 20:00:09

. char q2_8_1[question_en] "Attend a political campaign or election rally"
r; t=0.00 20:00:09

. char q2_8_1[question_ne] "राजनीतिक अभियान वा चुनावी सभामा सहभागी भएको"
r; t=0.00 20:00:09

. notes q2_8_1: Attend a political campaign or election rally
r; t=0.00 20:00:09

. notes q2_8_1: .r = refusal; .d = explicit do not know; .u = unresolved source code. Mixed uncertainty categories retain
>  source codes. See q2_8_1_raw for original code.
r; t=0.00 20:00:09

. order q2_8_1, before(q2_8_1_raw)
r; t=0.00 20:00:09

. label variable q2_8_1_raw "Original code: q2_8_1"
r; t=0.00 20:00:09

. 
. * q2_8_2: civic_yes_no
. rename q2_8_2 q2_8_2_raw
r; t=0.00 20:00:09

. generate double q2_8_2 = .
(884 missing values generated)
r; t=0.00 20:00:09

. replace q2_8_2 = 1 if ustrtrim(q2_8_2_raw) == "1"
(98 real changes made)
r; t=0.00 20:00:09

. replace q2_8_2 = 2 if ustrtrim(q2_8_2_raw) == "2"
(786 real changes made)
r; t=0.00 20:00:09

. replace q2_8_2 = .u if q2_8_2 == . & !missing(ustrtrim(q2_8_2_raw))
(0 real changes made)
r; t=0.00 20:00:09

. replace qc_unknown_codes = qc_unknown_codes + (q2_8_2 == .u)
(0 real changes made)
r; t=0.00 20:00:09

. label values q2_8_2 vl_civic_yes_no
r; t=0.00 20:00:09

. label variable q2_8_2 "2.8.2 Past 12 months: Volunteered for party/campaign"
r; t=0.00 20:00:09

. char q2_8_2[source_name] "q2_8_2"
r; t=0.00 20:00:09

. char q2_8_2[question_en] "Volunteered for a political party or election campaign"
r; t=0.00 20:00:09

. char q2_8_2[question_ne] "राजनीतिक दल वा निर्वाचन अभियानमा स्वयंसेवकका रूपमा काम गरेको"
r; t=0.00 20:00:09

. notes q2_8_2: Volunteered for a political party or election campaign
r; t=0.00 20:00:09

. notes q2_8_2: .r = refusal; .d = explicit do not know; .u = unresolved source code. Mixed uncertainty categories retain
>  source codes. See q2_8_2_raw for original code.
r; t=0.00 20:00:09

. order q2_8_2, before(q2_8_2_raw)
r; t=0.00 20:00:09

. label variable q2_8_2_raw "Original code: q2_8_2"
r; t=0.00 20:00:09

. 
. * q2_8_3: civic_yes_no
. rename q2_8_3 q2_8_3_raw
r; t=0.00 20:00:09

. generate double q2_8_3 = .
(884 missing values generated)
r; t=0.00 20:00:09

. replace q2_8_3 = 1 if ustrtrim(q2_8_3_raw) == "1"
(263 real changes made)
r; t=0.00 20:00:09

. replace q2_8_3 = 2 if ustrtrim(q2_8_3_raw) == "2"
(621 real changes made)
r; t=0.00 20:00:09

. replace q2_8_3 = .u if q2_8_3 == . & !missing(ustrtrim(q2_8_3_raw))
(0 real changes made)
r; t=0.00 20:00:09

. replace qc_unknown_codes = qc_unknown_codes + (q2_8_3 == .u)
(0 real changes made)
r; t=0.00 20:00:09

. label values q2_8_3 vl_civic_yes_no
r; t=0.00 20:00:09

. label variable q2_8_3 "2.8.3 Past 12 months: Joined protest/demonstration"
r; t=0.00 20:00:09

. char q2_8_3[source_name] "q2_8_3"
r; t=0.00 20:00:09

. char q2_8_3[question_en] "Participated in protest/demonstration"
r; t=0.00 20:00:09

. char q2_8_3[question_ne] "विरोध/प्रदर्शनमा सहभागी भएको"
r; t=0.00 20:00:09

. notes q2_8_3: Participated in protest/demonstration
r; t=0.00 20:00:09

. notes q2_8_3: .r = refusal; .d = explicit do not know; .u = unresolved source code. Mixed uncertainty categories retain
>  source codes. See q2_8_3_raw for original code.
r; t=0.00 20:00:09

. order q2_8_3, before(q2_8_3_raw)
r; t=0.00 20:00:09

. label variable q2_8_3_raw "Original code: q2_8_3"
r; t=0.00 20:00:09

. 
. * q2_8_4: civic_yes_no
. rename q2_8_4 q2_8_4_raw
r; t=0.00 20:00:09

. generate double q2_8_4 = .
(884 missing values generated)
r; t=0.00 20:00:09

. replace q2_8_4 = 1 if ustrtrim(q2_8_4_raw) == "1"
(284 real changes made)
r; t=0.00 20:00:09

. replace q2_8_4 = 2 if ustrtrim(q2_8_4_raw) == "2"
(600 real changes made)
r; t=0.00 20:00:09

. replace q2_8_4 = .u if q2_8_4 == . & !missing(ustrtrim(q2_8_4_raw))
(0 real changes made)
r; t=0.00 20:00:09

. replace qc_unknown_codes = qc_unknown_codes + (q2_8_4 == .u)
(0 real changes made)
r; t=0.00 20:00:09

. label values q2_8_4 vl_civic_yes_no
r; t=0.00 20:00:09

. label variable q2_8_4 "2.8.4 Past 12 months: Joined public meeting/discussion"
r; t=0.00 20:00:09

. char q2_8_4[source_name] "q2_8_4"
r; t=0.00 20:00:09

. char q2_8_4[question_en] "Participated in a public meeting/ discussion"
r; t=0.00 20:00:09

. char q2_8_4[question_ne] "सार्वजनिक बैठक/छलफलमा सहभागी भएको"
r; t=0.00 20:00:09

. notes q2_8_4: Participated in a public meeting/ discussion
r; t=0.00 20:00:09

. notes q2_8_4: .r = refusal; .d = explicit do not know; .u = unresolved source code. Mixed uncertainty categories retain
>  source codes. See q2_8_4_raw for original code.
r; t=0.00 20:00:09

. order q2_8_4, before(q2_8_4_raw)
r; t=0.00 20:00:09

. label variable q2_8_4_raw "Original code: q2_8_4"
r; t=0.00 20:00:09

. 
. * q2_8_5: civic_yes_no
. rename q2_8_5 q2_8_5_raw
r; t=0.00 20:00:09

. generate double q2_8_5 = .
(884 missing values generated)
r; t=0.00 20:00:09

. replace q2_8_5 = 1 if ustrtrim(q2_8_5_raw) == "1"
(185 real changes made)
r; t=0.00 20:00:09

. replace q2_8_5 = 2 if ustrtrim(q2_8_5_raw) == "2"
(699 real changes made)
r; t=0.00 20:00:09

. replace q2_8_5 = .u if q2_8_5 == . & !missing(ustrtrim(q2_8_5_raw))
(0 real changes made)
r; t=0.00 20:00:09

. replace qc_unknown_codes = qc_unknown_codes + (q2_8_5 == .u)
(0 real changes made)
r; t=0.00 20:00:09

. label values q2_8_5 vl_civic_yes_no
r; t=0.00 20:00:09

. label variable q2_8_5 "2.8.5 Past 12 months: Contacted elected representative"
r; t=0.00 20:00:09

. char q2_8_5[source_name] "q2_8_5"
r; t=0.00 20:00:09

. char q2_8_5[question_en] "Contacted an elected representative to raise an issue"
r; t=0.00 20:00:09

. char q2_8_5[question_ne] "कुनै विषय उठाउन निर्वाचित प्रतिनिधिसँग सम्पर्क गरेको"
r; t=0.00 20:00:09

. notes q2_8_5: Contacted an elected representative to raise an issue
r; t=0.00 20:00:09

. notes q2_8_5: .r = refusal; .d = explicit do not know; .u = unresolved source code. Mixed uncertainty categories retain
>  source codes. See q2_8_5_raw for original code.
r; t=0.00 20:00:09

. order q2_8_5, before(q2_8_5_raw)
r; t=0.00 20:00:09

. label variable q2_8_5_raw "Original code: q2_8_5"
r; t=0.00 20:00:09

. 
. * q2_8_6: civic_yes_no
. rename q2_8_6 q2_8_6_raw
r; t=0.00 20:00:09

. generate double q2_8_6 = .
(884 missing values generated)
r; t=0.00 20:00:09

. replace q2_8_6 = 1 if ustrtrim(q2_8_6_raw) == "1"
(37 real changes made)
r; t=0.00 20:00:09

. replace q2_8_6 = 2 if ustrtrim(q2_8_6_raw) == "2"
(847 real changes made)
r; t=0.00 20:00:09

. replace q2_8_6 = .u if q2_8_6 == . & !missing(ustrtrim(q2_8_6_raw))
(0 real changes made)
r; t=0.00 20:00:09

. replace qc_unknown_codes = qc_unknown_codes + (q2_8_6 == .u)
(0 real changes made)
r; t=0.00 20:00:09

. label values q2_8_6 vl_civic_yes_no
r; t=0.00 20:00:09

. label variable q2_8_6 "2.8.6 Past 12 months: Joined ward user committee"
r; t=0.00 20:00:09

. char q2_8_6[source_name] "q2_8_6"
r; t=0.00 20:00:09

. char q2_8_6[question_en] "Become a member of the user’s committee at your ward"
r; t=0.00 20:00:09

. char q2_8_6[question_ne] "आफ्नो वडाको उपभोक्ता समितिको सदस्य बनेको"
r; t=0.00 20:00:09

. notes q2_8_6: Become a member of the user’s committee at your ward
r; t=0.00 20:00:09

. notes q2_8_6: .r = refusal; .d = explicit do not know; .u = unresolved source code. Mixed uncertainty categories retain
>  source codes. See q2_8_6_raw for original code.
r; t=0.00 20:00:09

. order q2_8_6, before(q2_8_6_raw)
r; t=0.00 20:00:09

. label variable q2_8_6_raw "Original code: q2_8_6"
r; t=0.00 20:00:09

. 
. * q2_9: confidence
. rename q2_9 q2_9_raw
r; t=0.00 20:00:09

. generate double q2_9 = .
(884 missing values generated)
r; t=0.00 20:00:09

. replace q2_9 = 1 if ustrtrim(q2_9_raw) == "1"
(343 real changes made)
r; t=0.00 20:00:09

. replace q2_9 = 2 if ustrtrim(q2_9_raw) == "2"
(378 real changes made)
r; t=0.00 20:00:09

. replace q2_9 = 3 if ustrtrim(q2_9_raw) == "3"
(120 real changes made)
r; t=0.00 20:00:09

. replace q2_9 = 4 if ustrtrim(q2_9_raw) == "4"
(36 real changes made)
r; t=0.00 20:00:09

. replace q2_9 = 5 if ustrtrim(q2_9_raw) == "5"
(7 real changes made)
r; t=0.00 20:00:09

. replace q2_9 = .u if q2_9 == . & !missing(ustrtrim(q2_9_raw))
(0 real changes made)
r; t=0.00 20:00:09

. replace qc_unknown_codes = qc_unknown_codes + (q2_9 == .u)
(0 real changes made)
r; t=0.00 20:00:09

. label values q2_9 vl_confidence
r; t=0.00 20:00:09

. label variable q2_9 "2.9 Confidence in influencing government decisions"
r; t=0.00 20:00:09

. char q2_9[source_name] "q2_9"
r; t=0.00 20:00:09

. char q2_9[question_en] "2.9.  How confident are you that people like you can influence government decisions?"
r; t=0.00 20:00:09

. char q2_9[question_ne] "२.९ हजुरको उमेर समुहको नागरिकहरुले  सरकारी निर्णयहरूमा प्रभाव पार्न सक्छन् भन्ने कुरामा तपाईं क
> त्तिको विश्वस्त हुनुहुन्छ?"
r; t=0.00 20:00:09

. notes q2_9: 2.9.  How confident are you that people like you can influence government decisions?
r; t=0.00 20:00:09

. notes q2_9: .r = refusal; .d = explicit do not know; .u = unresolved source code. Mixed uncertainty categories retain s
> ource codes. See q2_9_raw for original code.
r; t=0.00 20:00:09

. order q2_9, before(q2_9_raw)
r; t=0.00 20:00:09

. label variable q2_9_raw "Original code: q2_9"
r; t=0.00 20:00:09

. 
. * q3_1_1: agree5
. rename q3_1_1 q3_1_1_raw
r; t=0.00 20:00:09

. generate double q3_1_1 = .
(884 missing values generated)
r; t=0.00 20:00:09

. replace q3_1_1 = 1 if ustrtrim(q3_1_1_raw) == "1"
(411 real changes made)
r; t=0.00 20:00:09

. replace q3_1_1 = 2 if ustrtrim(q3_1_1_raw) == "2"
(405 real changes made)
r; t=0.00 20:00:09

. replace q3_1_1 = 3 if ustrtrim(q3_1_1_raw) == "3"
(42 real changes made)
r; t=0.00 20:00:09

. replace q3_1_1 = 4 if ustrtrim(q3_1_1_raw) == "4"
(17 real changes made)
r; t=0.00 20:00:09

. replace q3_1_1 = 5 if ustrtrim(q3_1_1_raw) == "5"
(3 real changes made)
r; t=0.00 20:00:09

. replace q3_1_1 = .r if ustrtrim(q3_1_1_raw) == "-99"
(2 real changes made, 2 to missing)
r; t=0.00 20:00:09

. replace q3_1_1 = .d if ustrtrim(q3_1_1_raw) == "6"
(4 real changes made, 4 to missing)
r; t=0.00 20:00:09

. replace q3_1_1 = .u if q3_1_1 == . & !missing(ustrtrim(q3_1_1_raw))
(0 real changes made)
r; t=0.00 20:00:09

. replace qc_unknown_codes = qc_unknown_codes + (q3_1_1 == .u)
(0 real changes made)
r; t=0.00 20:00:09

. label values q3_1_1 vl_agree5
r; t=0.00 20:00:09

. label variable q3_1_1 "Nepal instability cause: Government changes/party conflict"
r; t=0.00 20:00:09

. char q3_1_1[source_name] "q3_1_1"
r; t=0.00 20:00:09

. char q3_1_1[question_en] "3.1.1  Frequent change in government and political conflict within and between parties causes
>  political instability in Nepal."
r; t=0.00 20:00:09

. char q3_1_1[question_ne] "३.१.१ सरकारमा बारम्बार हुने परिवर्तन तथा दलभित्र र दलहरूबीचको राजनीतिक द्वन्द्वले नेपालमा राज
> नीतिक अस्थिरता निम्त्याउँछ।"
r; t=0.00 20:00:09

. notes q3_1_1: 3.1.1  Frequent change in government and political conflict within and between parties causes political i
> nstability in Nepal.
r; t=0.00 20:00:09

. notes q3_1_1: .r = refusal; .d = explicit do not know; .u = unresolved source code. Mixed uncertainty categories retain
>  source codes. See q3_1_1_raw for original code.
r; t=0.00 20:00:09

. order q3_1_1, before(q3_1_1_raw)
r; t=0.00 20:00:09

. label variable q3_1_1_raw "Original code: q3_1_1"
r; t=0.00 20:00:09

. 
. * q3_1_2: agree5
. rename q3_1_2 q3_1_2_raw
r; t=0.00 20:00:09

. generate double q3_1_2 = .
(884 missing values generated)
r; t=0.00 20:00:09

. replace q3_1_2 = 1 if ustrtrim(q3_1_2_raw) == "1"
(398 real changes made)
r; t=0.00 20:00:09

. replace q3_1_2 = 2 if ustrtrim(q3_1_2_raw) == "2"
(421 real changes made)
r; t=0.00 20:00:09

. replace q3_1_2 = 3 if ustrtrim(q3_1_2_raw) == "3"
(28 real changes made)
r; t=0.00 20:00:09

. replace q3_1_2 = 4 if ustrtrim(q3_1_2_raw) == "4"
(27 real changes made)
r; t=0.00 20:00:09

. replace q3_1_2 = 5 if ustrtrim(q3_1_2_raw) == "5"
(9 real changes made)
r; t=0.00 20:00:09

. replace q3_1_2 = .r if ustrtrim(q3_1_2_raw) == "-99"
(0 real changes made)
r; t=0.00 20:00:09

. replace q3_1_2 = .d if ustrtrim(q3_1_2_raw) == "6"
(1 real change made, 1 to missing)
r; t=0.00 20:00:09

. replace q3_1_2 = .u if q3_1_2 == . & !missing(ustrtrim(q3_1_2_raw))
(0 real changes made)
r; t=0.00 20:00:09

. replace qc_unknown_codes = qc_unknown_codes + (q3_1_2 == .u)
(0 real changes made)
r; t=0.00 20:00:09

. label values q3_1_2 vl_agree5
r; t=0.00 20:00:09

. label variable q3_1_2 "Nepal instability cause: Policy formulation failure"
r; t=0.00 20:00:09

. char q3_1_2[source_name] "q3_1_2"
r; t=0.00 20:00:09

. char q3_1_2[question_en] "3.1.2 Inability of the government to formulate policies causes political instability in Nepal
> ."
r; t=0.00 20:00:09

. char q3_1_2[question_ne] "३.१.२ सरकारले नीति बनाउन नसक्दा नेपालमा राजनीतिक अस्थिरता निम्तिन्छ।"
r; t=0.00 20:00:09

. notes q3_1_2: 3.1.2 Inability of the government to formulate policies causes political instability in Nepal.
r; t=0.00 20:00:09

. notes q3_1_2: .r = refusal; .d = explicit do not know; .u = unresolved source code. Mixed uncertainty categories retain
>  source codes. See q3_1_2_raw for original code.
r; t=0.00 20:00:09

. order q3_1_2, before(q3_1_2_raw)
r; t=0.00 20:00:09

. label variable q3_1_2_raw "Original code: q3_1_2"
r; t=0.00 20:00:09

. 
. * q3_1_2_001: vx7xv18
. rename q3_1_2_001 q3_1_2_001_raw
r; t=0.00 20:00:09

. generate double q3_1_2_001 = .
(884 missing values generated)
r; t=0.00 20:00:09

. replace q3_1_2_001 = 1 if ustrtrim(q3_1_2_001_raw) == "1"
(437 real changes made)
r; t=0.00 20:00:09

. replace q3_1_2_001 = 2 if ustrtrim(q3_1_2_001_raw) == "2"
(392 real changes made)
r; t=0.00 20:00:09

. replace q3_1_2_001 = 3 if ustrtrim(q3_1_2_001_raw) == "3"
(35 real changes made)
r; t=0.00 20:00:09

. replace q3_1_2_001 = 4 if ustrtrim(q3_1_2_001_raw) == "4"
(13 real changes made)
r; t=0.00 20:00:09

. replace q3_1_2_001 = 5 if ustrtrim(q3_1_2_001_raw) == "5"
(4 real changes made)
r; t=0.00 20:00:09

. replace q3_1_2_001 = .r if ustrtrim(q3_1_2_001_raw) == "-99"
(3 real changes made, 3 to missing)
r; t=0.00 20:00:09

. replace q3_1_2_001 = .u if q3_1_2_001 == . & !missing(ustrtrim(q3_1_2_001_raw))
(0 real changes made)
r; t=0.00 20:00:09

. replace qc_unknown_codes = qc_unknown_codes + (q3_1_2_001 == .u)
(0 real changes made)
r; t=0.00 20:00:09

. label values q3_1_2_001 vl_vx7xv18
r; t=0.00 20:00:09

. label variable q3_1_2_001 "Nepal instability cause: Policy implementation failure"
r; t=0.00 20:00:09

. char q3_1_2_001[source_name] "q3_1_2_001"
r; t=0.00 20:00:09

. char q3_1_2_001[question_en] "3.1.3 Inability of the government to implement its policies causes political instability 
> in Nepal."
r; t=0.00 20:00:09

. char q3_1_2_001[question_ne] "३.१.२ सरकारले नीति कार्यान्वयन गर्न नसक्दा नेपालमा राजनीतिक अस्थिरता निम्तिन्छ।"
r; t=0.00 20:00:09

. notes q3_1_2_001: 3.1.3 Inability of the government to implement its policies causes political instability in Nepal.
r; t=0.00 20:00:09

. notes q3_1_2_001: .r = refusal; .d = explicit do not know; .u = unresolved source code. Mixed uncertainty categories re
> tain source codes. See q3_1_2_001_raw for original code.
r; t=0.00 20:00:09

. order q3_1_2_001, before(q3_1_2_001_raw)
r; t=0.00 20:00:09

. label variable q3_1_2_001_raw "Original code: q3_1_2_001"
r; t=0.00 20:00:09

. 
. * q3_1_3: agree5
. rename q3_1_3 q3_1_3_raw
r; t=0.00 20:00:09

. generate double q3_1_3 = .
(884 missing values generated)
r; t=0.00 20:00:09

. replace q3_1_3 = 1 if ustrtrim(q3_1_3_raw) == "1"
(512 real changes made)
r; t=0.00 20:00:09

. replace q3_1_3 = 2 if ustrtrim(q3_1_3_raw) == "2"
(332 real changes made)
r; t=0.00 20:00:09

. replace q3_1_3 = 3 if ustrtrim(q3_1_3_raw) == "3"
(22 real changes made)
r; t=0.00 20:00:09

. replace q3_1_3 = 4 if ustrtrim(q3_1_3_raw) == "4"
(10 real changes made)
r; t=0.00 20:00:09

. replace q3_1_3 = 5 if ustrtrim(q3_1_3_raw) == "5"
(5 real changes made)
r; t=0.00 20:00:09

. replace q3_1_3 = .r if ustrtrim(q3_1_3_raw) == "-99"
(0 real changes made)
r; t=0.00 20:00:09

. replace q3_1_3 = .d if ustrtrim(q3_1_3_raw) == "6"
(3 real changes made, 3 to missing)
r; t=0.00 20:00:09

. replace q3_1_3 = .u if q3_1_3 == . & !missing(ustrtrim(q3_1_3_raw))
(0 real changes made)
r; t=0.00 20:00:09

. replace qc_unknown_codes = qc_unknown_codes + (q3_1_3 == .u)
(0 real changes made)
r; t=0.00 20:00:09

. label values q3_1_3 vl_agree5
r; t=0.00 20:00:09

. label variable q3_1_3 "Nepal instability cause: Corruption"
r; t=0.00 20:00:09

. char q3_1_3[source_name] "q3_1_3"
r; t=0.00 20:00:09

. char q3_1_3[question_en] "3.1.4 Corruption causes political instability."
r; t=0.00 20:00:09

. char q3_1_3[question_ne] "३.१.४ भ्रष्टाचारले राजनीतिक अस्थिरता निम्त्याउँछ।"
r; t=0.00 20:00:09

. notes q3_1_3: 3.1.4 Corruption causes political instability.
r; t=0.00 20:00:09

. notes q3_1_3: .r = refusal; .d = explicit do not know; .u = unresolved source code. Mixed uncertainty categories retain
>  source codes. See q3_1_3_raw for original code.
r; t=0.00 20:00:09

. order q3_1_3, before(q3_1_3_raw)
r; t=0.00 20:00:09

. label variable q3_1_3_raw "Original code: q3_1_3"
r; t=0.00 20:00:09

. 
. * q3_1_3_001: fx1wd71
. rename q3_1_3_001 q3_1_3_001_raw
r; t=0.00 20:00:09

. generate double q3_1_3_001 = .
(884 missing values generated)
r; t=0.00 20:00:09

. replace q3_1_3_001 = 1 if ustrtrim(q3_1_3_001_raw) == "1"
(373 real changes made)
r; t=0.00 20:00:09

. replace q3_1_3_001 = 2 if ustrtrim(q3_1_3_001_raw) == "2"
(438 real changes made)
r; t=0.00 20:00:09

. replace q3_1_3_001 = 3 if ustrtrim(q3_1_3_001_raw) == "3"
(51 real changes made)
r; t=0.00 20:00:09

. replace q3_1_3_001 = 4 if ustrtrim(q3_1_3_001_raw) == "4"
(20 real changes made)
r; t=0.00 20:00:09

. replace q3_1_3_001 = 5 if ustrtrim(q3_1_3_001_raw) == "5"
(0 real changes made)
r; t=0.00 20:00:09

. replace q3_1_3_001 = .r if ustrtrim(q3_1_3_001_raw) == "-99"
(2 real changes made, 2 to missing)
r; t=0.00 20:00:09

. replace q3_1_3_001 = .u if q3_1_3_001 == . & !missing(ustrtrim(q3_1_3_001_raw))
(0 real changes made)
r; t=0.00 20:00:09

. replace qc_unknown_codes = qc_unknown_codes + (q3_1_3_001 == .u)
(0 real changes made)
r; t=0.00 20:00:09

. label values q3_1_3_001 vl_fx1wd71
r; t=0.00 20:00:09

. label variable q3_1_3_001 "Nepal instability cause: Lack of accountability"
r; t=0.00 20:00:09

. char q3_1_3_001[source_name] "q3_1_3_001"
r; t=0.00 20:00:09

. char q3_1_3_001[question_en] "3.1.5 Lack of Accountability causes political instability."
r; t=0.00 20:00:09

. char q3_1_3_001[question_ne] "३.१.५ पारदर्शिताको कमिले  राजनीतिक अस्थिरता निम्त्याउँछ।"
r; t=0.00 20:00:09

. notes q3_1_3_001: 3.1.5 Lack of Accountability causes political instability.
r; t=0.00 20:00:09

. notes q3_1_3_001: .r = refusal; .d = explicit do not know; .u = unresolved source code. Mixed uncertainty categories re
> tain source codes. See q3_1_3_001_raw for original code.
r; t=0.00 20:00:09

. order q3_1_3_001, before(q3_1_3_001_raw)
r; t=0.00 20:00:09

. label variable q3_1_3_001_raw "Original code: q3_1_3_001"
r; t=0.00 20:00:09

. 
. * q3_1_4: agree5
. rename q3_1_4 q3_1_4_raw
r; t=0.00 20:00:09

. generate double q3_1_4 = .
(884 missing values generated)
r; t=0.00 20:00:09

. replace q3_1_4 = 1 if ustrtrim(q3_1_4_raw) == "1"
(371 real changes made)
r; t=0.00 20:00:09

. replace q3_1_4 = 2 if ustrtrim(q3_1_4_raw) == "2"
(418 real changes made)
r; t=0.00 20:00:09

. replace q3_1_4 = 3 if ustrtrim(q3_1_4_raw) == "3"
(57 real changes made)
r; t=0.00 20:00:09

. replace q3_1_4 = 4 if ustrtrim(q3_1_4_raw) == "4"
(29 real changes made)
r; t=0.00 20:00:09

. replace q3_1_4 = 5 if ustrtrim(q3_1_4_raw) == "5"
(7 real changes made)
r; t=0.00 20:00:09

. replace q3_1_4 = .r if ustrtrim(q3_1_4_raw) == "-99"
(1 real change made, 1 to missing)
r; t=0.00 20:00:09

. replace q3_1_4 = .d if ustrtrim(q3_1_4_raw) == "6"
(1 real change made, 1 to missing)
r; t=0.00 20:00:09

. replace q3_1_4 = .u if q3_1_4 == . & !missing(ustrtrim(q3_1_4_raw))
(0 real changes made)
r; t=0.00 20:00:09

. replace qc_unknown_codes = qc_unknown_codes + (q3_1_4 == .u)
(0 real changes made)
r; t=0.00 20:00:09

. label values q3_1_4 vl_agree5
r; t=0.00 20:00:09

. label variable q3_1_4 "Nepal instability cause: Protests/violence/civic unrest"
r; t=0.00 20:00:09

. char q3_1_4[source_name] "q3_1_4"
r; t=0.00 20:00:09

. char q3_1_4[question_en] "3.1.6 Frequent public protests, demonstration, violence and civic unrest cause political inst
> ability."
r; t=0.00 20:00:09

. char q3_1_4[question_ne] "३.१.६ बारम्बार हुने सार्वजनिक विरोध, प्रदर्शन, हिंसा र नागरिक अशान्तिले राजनीतिक अस्थिरता निम
> ्त्याउँछ।"
r; t=0.00 20:00:09

. notes q3_1_4: 3.1.6 Frequent public protests, demonstration, violence and civic unrest cause political instability.
r; t=0.00 20:00:09

. notes q3_1_4: .r = refusal; .d = explicit do not know; .u = unresolved source code. Mixed uncertainty categories retain
>  source codes. See q3_1_4_raw for original code.
r; t=0.00 20:00:09

. order q3_1_4, before(q3_1_4_raw)
r; t=0.00 20:00:09

. label variable q3_1_4_raw "Original code: q3_1_4"
r; t=0.00 20:00:09

. 
. * q3_1_5: agree5
. rename q3_1_5 q3_1_5_raw
r; t=0.00 20:00:09

. generate double q3_1_5 = .
(884 missing values generated)
r; t=0.00 20:00:09

. replace q3_1_5 = 1 if ustrtrim(q3_1_5_raw) == "1"
(166 real changes made)
r; t=0.00 20:00:09

. replace q3_1_5 = 2 if ustrtrim(q3_1_5_raw) == "2"
(395 real changes made)
r; t=0.00 20:00:09

. replace q3_1_5 = 3 if ustrtrim(q3_1_5_raw) == "3"
(159 real changes made)
r; t=0.00 20:00:09

. replace q3_1_5 = 4 if ustrtrim(q3_1_5_raw) == "4"
(125 real changes made)
r; t=0.00 20:00:09

. replace q3_1_5 = 5 if ustrtrim(q3_1_5_raw) == "5"
(36 real changes made)
r; t=0.00 20:00:09

. replace q3_1_5 = .r if ustrtrim(q3_1_5_raw) == "-99"
(0 real changes made)
r; t=0.00 20:00:09

. replace q3_1_5 = .d if ustrtrim(q3_1_5_raw) == "6"
(3 real changes made, 3 to missing)
r; t=0.00 20:00:09

. replace q3_1_5 = .u if q3_1_5 == . & !missing(ustrtrim(q3_1_5_raw))
(0 real changes made)
r; t=0.00 20:00:09

. replace qc_unknown_codes = qc_unknown_codes + (q3_1_5 == .u)
(0 real changes made)
r; t=0.00 20:00:09

. label values q3_1_5 vl_agree5
r; t=0.00 20:00:09

. label variable q3_1_5 "Nepal instability cause: Transfers of government officials"
r; t=0.00 20:00:09

. char q3_1_5[source_name] "q3_1_5"
r; t=0.00 20:00:09

. char q3_1_5[question_en] "3.1.7 Frequent transfer of government officials causes political instability."
r; t=0.00 20:00:09

. char q3_1_5[question_ne] "३.१.७ सरकारी अधिकारीहरूको बारम्बार सरुवाले राजनीतिक अस्थिरता निम्त्याउँछ।"
r; t=0.00 20:00:09

. notes q3_1_5: 3.1.7 Frequent transfer of government officials causes political instability.
r; t=0.00 20:00:09

. notes q3_1_5: .r = refusal; .d = explicit do not know; .u = unresolved source code. Mixed uncertainty categories retain
>  source codes. See q3_1_5_raw for original code.
r; t=0.00 20:00:09

. order q3_1_5, before(q3_1_5_raw)
r; t=0.00 20:00:09

. label variable q3_1_5_raw "Original code: q3_1_5"
r; t=0.00 20:00:09

. 
. * q3_1_6: agree5
. rename q3_1_6 q3_1_6_raw
r; t=0.00 20:00:09

. generate double q3_1_6 = .
(884 missing values generated)
r; t=0.00 20:00:09

. replace q3_1_6 = 1 if ustrtrim(q3_1_6_raw) == "1"
(321 real changes made)
r; t=0.00 20:00:09

. replace q3_1_6 = 2 if ustrtrim(q3_1_6_raw) == "2"
(457 real changes made)
r; t=0.00 20:00:09

. replace q3_1_6 = 3 if ustrtrim(q3_1_6_raw) == "3"
(67 real changes made)
r; t=0.00 20:00:09

. replace q3_1_6 = 4 if ustrtrim(q3_1_6_raw) == "4"
(37 real changes made)
r; t=0.00 20:00:09

. replace q3_1_6 = 5 if ustrtrim(q3_1_6_raw) == "5"
(0 real changes made)
r; t=0.00 20:00:09

. replace q3_1_6 = .r if ustrtrim(q3_1_6_raw) == "-99"
(0 real changes made)
r; t=0.00 20:00:09

. replace q3_1_6 = .d if ustrtrim(q3_1_6_raw) == "6"
(2 real changes made, 2 to missing)
r; t=0.00 20:00:09

. replace q3_1_6 = .u if q3_1_6 == . & !missing(ustrtrim(q3_1_6_raw))
(0 real changes made)
r; t=0.00 20:00:09

. replace qc_unknown_codes = qc_unknown_codes + (q3_1_6 == .u)
(0 real changes made)
r; t=0.00 20:00:09

. label values q3_1_6 vl_agree5
r; t=0.00 20:00:09

. label variable q3_1_6 "Nepal instability cause: Conflict between government tiers"
r; t=0.00 20:00:09

. char q3_1_6[source_name] "q3_1_6"
r; t=0.00 20:00:09

. char q3_1_6[question_en] "3.1.6 Conflict between different tiers of government causes political instability"
r; t=0.00 20:00:09

. char q3_1_6[question_ne] "३.१.८ सरकारका विभिन्न तहबीचको (संघ, प्रदेश र स्थानीय) द्वन्द्वले राजनीतिक अस्थिरता निम्त्याउँ
> छ।"
r; t=0.00 20:00:09

. notes q3_1_6: 3.1.6 Conflict between different tiers of government causes political instability
r; t=0.00 20:00:09

. notes q3_1_6: .r = refusal; .d = explicit do not know; .u = unresolved source code. Mixed uncertainty categories retain
>  source codes. See q3_1_6_raw for original code.
r; t=0.00 20:00:09

. order q3_1_6, before(q3_1_6_raw)
r; t=0.00 20:00:09

. label variable q3_1_6_raw "Original code: q3_1_6"
r; t=0.00 20:00:09

. 
. * q3_1_7: agree5
. rename q3_1_7 q3_1_7_raw
r; t=0.00 20:00:09

. generate double q3_1_7 = .
(884 missing values generated)
r; t=0.00 20:00:09

. replace q3_1_7 = 1 if ustrtrim(q3_1_7_raw) == "1"
(253 real changes made)
r; t=0.00 20:00:09

. replace q3_1_7 = 2 if ustrtrim(q3_1_7_raw) == "2"
(410 real changes made)
r; t=0.00 20:00:09

. replace q3_1_7 = 3 if ustrtrim(q3_1_7_raw) == "3"
(133 real changes made)
r; t=0.00 20:00:09

. replace q3_1_7 = 4 if ustrtrim(q3_1_7_raw) == "4"
(62 real changes made)
r; t=0.00 20:00:09

. replace q3_1_7 = 5 if ustrtrim(q3_1_7_raw) == "5"
(15 real changes made)
r; t=0.00 20:00:09

. replace q3_1_7 = .r if ustrtrim(q3_1_7_raw) == "-99"
(1 real change made, 1 to missing)
r; t=0.00 20:00:09

. replace q3_1_7 = .d if ustrtrim(q3_1_7_raw) == "6"
(10 real changes made, 10 to missing)
r; t=0.00 20:00:09

. replace q3_1_7 = .u if q3_1_7 == . & !missing(ustrtrim(q3_1_7_raw))
(0 real changes made)
r; t=0.00 20:00:09

. replace qc_unknown_codes = qc_unknown_codes + (q3_1_7 == .u)
(0 real changes made)
r; t=0.00 20:00:09

. label values q3_1_7 vl_agree5
r; t=0.00 20:00:09

. label variable q3_1_7 "Nepal instability cause: Foreign/external influence"
r; t=0.00 20:00:09

. char q3_1_7[source_name] "q3_1_7"
r; t=0.00 20:00:09

. char q3_1_7[question_en] "3.1.7 Foreign/External influence causes political instability."
r; t=0.00 20:00:09

. char q3_1_7[question_ne] "३.१.९ विदेशी/बाह्य प्रभावले राजनीतिक अस्थिरता निम्त्याउँछ।"
r; t=0.00 20:00:09

. notes q3_1_7: 3.1.7 Foreign/External influence causes political instability.
r; t=0.00 20:00:09

. notes q3_1_7: .r = refusal; .d = explicit do not know; .u = unresolved source code. Mixed uncertainty categories retain
>  source codes. See q3_1_7_raw for original code.
r; t=0.00 20:00:09

. order q3_1_7, before(q3_1_7_raw)
r; t=0.00 20:00:09

. label variable q3_1_7_raw "Original code: q3_1_7"
r; t=0.00 20:00:09

. 
. * q3_2: stability
. rename q3_2 q3_2_raw
r; t=0.00 20:00:09

. generate double q3_2 = .
(884 missing values generated)
r; t=0.00 20:00:09

. replace q3_2 = 1 if ustrtrim(q3_2_raw) == "1"
(46 real changes made)
r; t=0.00 20:00:09

. replace q3_2 = 2 if ustrtrim(q3_2_raw) == "2"
(475 real changes made)
r; t=0.00 20:00:09

. replace q3_2 = 3 if ustrtrim(q3_2_raw) == "3"
(198 real changes made)
r; t=0.00 20:00:09

. replace q3_2 = 4 if ustrtrim(q3_2_raw) == "4"
(126 real changes made)
r; t=0.00 20:00:09

. replace q3_2 = 5 if ustrtrim(q3_2_raw) == "5"
(29 real changes made)
r; t=0.00 20:00:09

. replace q3_2 = .r if ustrtrim(q3_2_raw) == "-99"
(1 real change made, 1 to missing)
r; t=0.00 20:00:09

. replace q3_2 = .d if ustrtrim(q3_2_raw) == "6"
(9 real changes made, 9 to missing)
r; t=0.00 20:00:09

. replace q3_2 = .u if q3_2 == . & !missing(ustrtrim(q3_2_raw))
(0 real changes made)
r; t=0.00 20:00:09

. replace qc_unknown_codes = qc_unknown_codes + (q3_2 == .u)
(0 real changes made)
r; t=0.00 20:00:09

. label values q3_2 vl_stability
r; t=0.00 20:00:09

. label variable q3_2 "3.2 Political stability of Nepal today"
r; t=0.00 20:00:09

. char q3_2[source_name] "q3_2"
r; t=0.00 20:00:09

. char q3_2[question_en] "3.2.  How would you rate the political stability of Nepal today?"
r; t=0.00 20:00:09

. char q3_2[question_ne] "३.२ आजको अवस्थामा नेपालको राजनीतिक स्थिरतालाई तपाईं कसरी मूल्याङ्कन गर्नुहुन्छ?"
r; t=0.00 20:00:09

. notes q3_2: 3.2.  How would you rate the political stability of Nepal today?
r; t=0.00 20:00:09

. notes q3_2: .r = refusal; .d = explicit do not know; .u = unresolved source code. Mixed uncertainty categories retain s
> ource codes. See q3_2_raw for original code.
r; t=0.00 20:00:09

. order q3_2, before(q3_2_raw)
r; t=0.00 20:00:09

. label variable q3_2_raw "Original code: q3_2"
r; t=0.00 20:00:09

. 
. * q3_3: comparison
. rename q3_3 q3_3_raw
r; t=0.00 20:00:09

. generate double q3_3 = .
(884 missing values generated)
r; t=0.00 20:00:09

. replace q3_3 = 1 if ustrtrim(q3_3_raw) == "1"
(62 real changes made)
r; t=0.00 20:00:09

. replace q3_3 = 2 if ustrtrim(q3_3_raw) == "2"
(595 real changes made)
r; t=0.00 20:00:09

. replace q3_3 = 3 if ustrtrim(q3_3_raw) == "3"
(142 real changes made)
r; t=0.00 20:00:09

. replace q3_3 = 4 if ustrtrim(q3_3_raw) == "4"
(50 real changes made)
r; t=0.00 20:00:09

. replace q3_3 = 5 if ustrtrim(q3_3_raw) == "5"
(32 real changes made)
r; t=0.00 20:00:09

. replace q3_3 = .r if ustrtrim(q3_3_raw) == "-99"
(0 real changes made)
r; t=0.00 20:00:09

. replace q3_3 = .d if ustrtrim(q3_3_raw) == "6"
(3 real changes made, 3 to missing)
r; t=0.00 20:00:09

. replace q3_3 = .u if q3_3 == . & !missing(ustrtrim(q3_3_raw))
(0 real changes made)
r; t=0.00 20:00:09

. replace qc_unknown_codes = qc_unknown_codes + (q3_3 == .u)
(0 real changes made)
r; t=0.00 20:00:09

. label values q3_3 vl_comparison
r; t=0.00 20:00:09

. label variable q3_3 "3.3 Nepal stability compared with one year ago"
r; t=0.00 20:00:09

. char q3_3[source_name] "q3_3"
r; t=0.00 20:00:09

. char q3_3[question_en] "3.3.  Compared to one year ago, Nepal is politically:"
r; t=0.00 20:00:09

. char q3_3[question_ne] "३.३ एक वर्षअघिको तुलनामा नेपालको राजनीतिक अवस्था:"
r; t=0.00 20:00:09

. notes q3_3: 3.3.  Compared to one year ago, Nepal is politically:
r; t=0.00 20:00:09

. notes q3_3: .r = refusal; .d = explicit do not know; .u = unresolved source code. Mixed uncertainty categories retain s
> ource codes. See q3_3_raw for original code.
r; t=0.00 20:00:09

. order q3_3, before(q3_3_raw)
r; t=0.00 20:00:09

. label variable q3_3_raw "Original code: q3_3"
r; t=0.00 20:00:09

. 
. * q3_4: comparison
. rename q3_4 q3_4_raw
r; t=0.00 20:00:09

. generate double q3_4 = .
(884 missing values generated)
r; t=0.00 20:00:09

. replace q3_4 = 1 if ustrtrim(q3_4_raw) == "1"
(132 real changes made)
r; t=0.00 20:00:09

. replace q3_4 = 2 if ustrtrim(q3_4_raw) == "2"
(523 real changes made)
r; t=0.00 20:00:09

. replace q3_4 = 3 if ustrtrim(q3_4_raw) == "3"
(128 real changes made)
r; t=0.00 20:00:09

. replace q3_4 = 4 if ustrtrim(q3_4_raw) == "4"
(49 real changes made)
r; t=0.00 20:00:09

. replace q3_4 = 5 if ustrtrim(q3_4_raw) == "5"
(36 real changes made)
r; t=0.00 20:00:09

. replace q3_4 = .r if ustrtrim(q3_4_raw) == "-99"
(0 real changes made)
r; t=0.00 20:00:09

. replace q3_4 = .d if ustrtrim(q3_4_raw) == "6"
(16 real changes made, 16 to missing)
r; t=0.00 20:00:09

. replace q3_4 = .u if q3_4 == . & !missing(ustrtrim(q3_4_raw))
(0 real changes made)
r; t=0.00 20:00:09

. replace qc_unknown_codes = qc_unknown_codes + (q3_4 == .u)
(0 real changes made)
r; t=0.00 20:00:09

. label values q3_4 vl_comparison
r; t=0.00 20:00:09

. label variable q3_4 "3.4 Nepal stability compared with five years ago"
r; t=0.00 20:00:09

. char q3_4[source_name] "q3_4"
r; t=0.00 20:00:09

. char q3_4[question_en] "3.4.  Compared to five years ago, Nepal is politically:"
r; t=0.00 20:00:09

. char q3_4[question_ne] "३.४ पाँच वर्षअघिको तुलनामा नेपालको राजनीतिक अवस्था:"
r; t=0.00 20:00:09

. notes q3_4: 3.4.  Compared to five years ago, Nepal is politically:
r; t=0.00 20:00:09

. notes q3_4: .r = refusal; .d = explicit do not know; .u = unresolved source code. Mixed uncertainty categories retain s
> ource codes. See q3_4_raw for original code.
r; t=0.00 20:00:09

. order q3_4, before(q3_4_raw)
r; t=0.00 20:00:09

. label variable q3_4_raw "Original code: q3_4"
r; t=0.00 20:00:09

. 
. * q3_5: comparison
. rename q3_5 q3_5_raw
r; t=0.00 20:00:09

. generate double q3_5 = .
(884 missing values generated)
r; t=0.00 20:00:09

. replace q3_5 = 1 if ustrtrim(q3_5_raw) == "1"
(252 real changes made)
r; t=0.00 20:00:09

. replace q3_5 = 2 if ustrtrim(q3_5_raw) == "2"
(377 real changes made)
r; t=0.00 20:00:09

. replace q3_5 = 3 if ustrtrim(q3_5_raw) == "3"
(74 real changes made)
r; t=0.00 20:00:09

. replace q3_5 = 4 if ustrtrim(q3_5_raw) == "4"
(24 real changes made)
r; t=0.00 20:00:09

. replace q3_5 = 5 if ustrtrim(q3_5_raw) == "5"
(34 real changes made)
r; t=0.00 20:00:09

. replace q3_5 = .r if ustrtrim(q3_5_raw) == "-99"
(4 real changes made, 4 to missing)
r; t=0.00 20:00:09

. replace q3_5 = .d if ustrtrim(q3_5_raw) == "6"
(119 real changes made, 119 to missing)
r; t=0.00 20:00:09

. replace q3_5 = .u if q3_5 == . & !missing(ustrtrim(q3_5_raw))
(0 real changes made)
r; t=0.00 20:00:09

. replace qc_unknown_codes = qc_unknown_codes + (q3_5 == .u)
(0 real changes made)
r; t=0.00 20:00:09

. label values q3_5 vl_comparison
r; t=0.00 20:00:09

. label variable q3_5 "3.5 Expected Nepal stability in five years"
r; t=0.00 20:00:09

. char q3_5[source_name] "q3_5"
r; t=0.00 20:00:09

. char q3_5[question_en] "3.5.  Compared to now, in 5 years Nepal will be:"
r; t=0.00 20:00:09

. char q3_5[question_ne] "३.५ अहिलेको तुलनामा पाँच वर्षपछि नेपालको राजनीतिक अवस्था कस्तो हुनेछ?"
r; t=0.00 20:00:09

. notes q3_5: 3.5.  Compared to now, in 5 years Nepal will be:
r; t=0.00 20:00:09

. notes q3_5: .r = refusal; .d = explicit do not know; .u = unresolved source code. Mixed uncertainty categories retain s
> ource codes. See q3_5_raw for original code.
r; t=0.00 20:00:09

. order q3_5, before(q3_5_raw)
r; t=0.00 20:00:09

. label variable q3_5_raw "Original code: q3_5"
r; t=0.00 20:00:09

. 
. * q3_6: likelihood
. rename q3_6 q3_6_raw
r; t=0.00 20:00:09

. generate double q3_6 = .
(884 missing values generated)
r; t=0.00 20:00:09

. replace q3_6 = 1 if ustrtrim(q3_6_raw) == "1"
(46 real changes made)
r; t=0.00 20:00:09

. replace q3_6 = 2 if ustrtrim(q3_6_raw) == "2"
(123 real changes made)
r; t=0.00 20:00:09

. replace q3_6 = 3 if ustrtrim(q3_6_raw) == "3"
(180 real changes made)
r; t=0.00 20:00:09

. replace q3_6 = 4 if ustrtrim(q3_6_raw) == "4"
(136 real changes made)
r; t=0.00 20:00:09

. replace q3_6 = 5 if ustrtrim(q3_6_raw) == "5"
(399 real changes made)
r; t=0.00 20:00:09

. replace q3_6 = .r if ustrtrim(q3_6_raw) == "-99"
(0 real changes made)
r; t=0.00 20:00:09

. replace q3_6 = .u if q3_6 == . & !missing(ustrtrim(q3_6_raw))
(0 real changes made)
r; t=0.00 20:00:09

. replace qc_unknown_codes = qc_unknown_codes + (q3_6 == .u)
(0 real changes made)
r; t=0.00 20:00:09

. label values q3_6 vl_likelihood
r; t=0.00 20:00:09

. label variable q3_6 "3.6 Likelihood government changes within one year"
r; t=0.00 20:00:09

. char q3_6[source_name] "q3_6"
r; t=0.00 20:00:09

. char q3_6[question_en] "3.6.  How likely do you think the government will change in the next one year?"
r; t=0.00 20:00:09

. char q3_6[question_ne] "३.६ आगामी एक वर्षमा सरकार परिवर्तन हुने सम्भावना कत्तिको छ भन्ने तपाईंलाई लाग्छ?"
r; t=0.00 20:00:09

. notes q3_6: 3.6.  How likely do you think the government will change in the next one year?
r; t=0.00 20:00:09

. notes q3_6: .r = refusal; .d = explicit do not know; .u = unresolved source code. Mixed uncertainty categories retain s
> ource codes. See q3_6_raw for original code.
r; t=0.00 20:00:09

. order q3_6, before(q3_6_raw)
r; t=0.00 20:00:09

. label variable q3_6_raw "Original code: q3_6"
r; t=0.00 20:00:09

. 
. * q3_7: likelihood
. rename q3_7 q3_7_raw
r; t=0.00 20:00:09

. generate double q3_7 = .
(884 missing values generated)
r; t=0.00 20:00:09

. replace q3_7 = 1 if ustrtrim(q3_7_raw) == "1"
(64 real changes made)
r; t=0.00 20:00:09

. replace q3_7 = 2 if ustrtrim(q3_7_raw) == "2"
(149 real changes made)
r; t=0.00 20:00:09

. replace q3_7 = 3 if ustrtrim(q3_7_raw) == "3"
(231 real changes made)
r; t=0.00 20:00:09

. replace q3_7 = 4 if ustrtrim(q3_7_raw) == "4"
(169 real changes made)
r; t=0.00 20:00:09

. replace q3_7 = 5 if ustrtrim(q3_7_raw) == "5"
(270 real changes made)
r; t=0.00 20:00:09

. replace q3_7 = .r if ustrtrim(q3_7_raw) == "-99"
(1 real change made, 1 to missing)
r; t=0.00 20:00:09

. replace q3_7 = .u if q3_7 == . & !missing(ustrtrim(q3_7_raw))
(0 real changes made)
r; t=0.00 20:00:09

. replace qc_unknown_codes = qc_unknown_codes + (q3_7 == .u)
(0 real changes made)
r; t=0.00 20:00:09

. label values q3_7 vl_likelihood
r; t=0.00 20:00:09

. label variable q3_7 "3.7 Likelihood government changes before next federal election"
r; t=0.00 20:00:09

. char q3_7[source_name] "q3_7"
r; t=0.00 20:00:09

. char q3_7[question_en] "3.7.  How likely do you think the government will change before the next federal election?"
r; t=0.00 20:00:09

. char q3_7[question_ne] "३.७ अर्को प्रतिनिधिसभा निर्वाचनअघि सरकार परिवर्तन हुने सम्भावना कत्तिको छ भन्ने तपाईंलाई लाग्छ?
> "
r; t=0.00 20:00:09

. notes q3_7: 3.7.  How likely do you think the government will change before the next federal election?
r; t=0.00 20:00:09

. notes q3_7: .r = refusal; .d = explicit do not know; .u = unresolved source code. Mixed uncertainty categories retain s
> ource codes. See q3_7_raw for original code.
r; t=0.00 20:00:09

. order q3_7, before(q3_7_raw)
r; t=0.00 20:00:09

. label variable q3_7_raw "Original code: q3_7"
r; t=0.00 20:00:09

. 
. * q3_8: likelihood
. rename q3_8 q3_8_raw
r; t=0.00 20:00:09

. generate double q3_8 = .
(884 missing values generated)
r; t=0.00 20:00:09

. replace q3_8 = 1 if ustrtrim(q3_8_raw) == "1"
(97 real changes made)
r; t=0.00 20:00:09

. replace q3_8 = 2 if ustrtrim(q3_8_raw) == "2"
(269 real changes made)
r; t=0.00 20:00:09

. replace q3_8 = 3 if ustrtrim(q3_8_raw) == "3"
(290 real changes made)
r; t=0.00 20:00:09

. replace q3_8 = 4 if ustrtrim(q3_8_raw) == "4"
(121 real changes made)
r; t=0.00 20:00:09

. replace q3_8 = 5 if ustrtrim(q3_8_raw) == "5"
(107 real changes made)
r; t=0.00 20:00:09

. replace q3_8 = .r if ustrtrim(q3_8_raw) == "-99"
(0 real changes made)
r; t=0.00 20:00:09

. replace q3_8 = .u if q3_8 == . & !missing(ustrtrim(q3_8_raw))
(0 real changes made)
r; t=0.00 20:00:09

. replace qc_unknown_codes = qc_unknown_codes + (q3_8 == .u)
(0 real changes made)
r; t=0.00 20:00:09

. label values q3_8 vl_likelihood
r; t=0.00 20:00:09

. label variable q3_8 "3.8 Likelihood of major political event within five years"
r; t=0.00 20:00:09

. char q3_8[source_name] "q3_8"
r; t=0.00 20:00:09

. char q3_8[question_en] "3.8.  How likely do you think Nepal will experience a major political event, movement or revolu
> tion within the next five years?"
r; t=0.00 20:00:09

. char q3_8[question_ne] "३.८ आगामी पाँच वर्षभित्र नेपालमा कुनै ठूलो राजनीतिक घटना, आन्दोलन वा राजनीतिक परिवर्तन हुने सम्
> भावना कत्तिको छ?"
r; t=0.00 20:00:09

. notes q3_8: 3.8.  How likely do you think Nepal will experience a major political event, movement or revolution within 
> the next five years?
r; t=0.00 20:00:09

. notes q3_8: .r = refusal; .d = explicit do not know; .u = unresolved source code. Mixed uncertainty categories retain s
> ource codes. See q3_8_raw for original code.
r; t=0.00 20:00:09

. order q3_8, before(q3_8_raw)
r; t=0.00 20:00:09

. label variable q3_8_raw "Original code: q3_8"
r; t=0.00 20:00:09

. 
. * q3_9: likelihood
. rename q3_9 q3_9_raw
r; t=0.00 20:00:09

. generate double q3_9 = .
(884 missing values generated)
r; t=0.00 20:00:09

. replace q3_9 = 1 if ustrtrim(q3_9_raw) == "1"
(96 real changes made)
r; t=0.00 20:00:09

. replace q3_9 = 2 if ustrtrim(q3_9_raw) == "2"
(269 real changes made)
r; t=0.00 20:00:09

. replace q3_9 = 3 if ustrtrim(q3_9_raw) == "3"
(211 real changes made)
r; t=0.00 20:00:09

. replace q3_9 = 4 if ustrtrim(q3_9_raw) == "4"
(124 real changes made)
r; t=0.00 20:00:09

. replace q3_9 = 5 if ustrtrim(q3_9_raw) == "5"
(184 real changes made)
r; t=0.00 20:00:09

. replace q3_9 = .r if ustrtrim(q3_9_raw) == "-99"
(0 real changes made)
r; t=0.00 20:00:09

. replace q3_9 = .u if q3_9 == . & !missing(ustrtrim(q3_9_raw))
(0 real changes made)
r; t=0.00 20:00:09

. replace qc_unknown_codes = qc_unknown_codes + (q3_9 == .u)
(0 real changes made)
r; t=0.00 20:00:09

. label values q3_9 vl_likelihood
r; t=0.00 20:00:09

. label variable q3_9 "3.9 Likelihood of new political force within five years"
r; t=0.00 20:00:09

. char q3_9[source_name] "q3_9"
r; t=0.00 20:00:09

. char q3_9[question_en] "3.9.  How likely is a new political party or political force to emerge in the next five years?"
r; t=0.00 20:00:09

. char q3_9[question_ne] "३.९ आगामी पाँच वर्षमा नयाँ राजनीतिक दल वा राजनीतिक शक्ति उदाउने सम्भावना कत्तिको छ?"
r; t=0.00 20:00:09

. notes q3_9: 3.9.  How likely is a new political party or political force to emerge in the next five years?
r; t=0.00 20:00:09

. notes q3_9: .r = refusal; .d = explicit do not know; .u = unresolved source code. Mixed uncertainty categories retain s
> ource codes. See q3_9_raw for original code.
r; t=0.00 20:00:09

. order q3_9, before(q3_9_raw)
r; t=0.00 20:00:09

. label variable q3_9_raw "Original code: q3_9"
r; t=0.00 20:00:09

. 
. * q3_10_11: agree5
. rename q3_10_11 q3_10_11_raw
r; t=0.00 20:00:09

. generate double q3_10_11 = .
(884 missing values generated)
r; t=0.00 20:00:09

. replace q3_10_11 = 1 if ustrtrim(q3_10_11_raw) == "1"
(565 real changes made)
r; t=0.00 20:00:09

. replace q3_10_11 = 2 if ustrtrim(q3_10_11_raw) == "2"
(282 real changes made)
r; t=0.00 20:00:09

. replace q3_10_11 = 3 if ustrtrim(q3_10_11_raw) == "3"
(19 real changes made)
r; t=0.00 20:00:09

. replace q3_10_11 = 4 if ustrtrim(q3_10_11_raw) == "4"
(13 real changes made)
r; t=0.00 20:00:09

. replace q3_10_11 = 5 if ustrtrim(q3_10_11_raw) == "5"
(3 real changes made)
r; t=0.00 20:00:09

. replace q3_10_11 = .r if ustrtrim(q3_10_11_raw) == "-99"
(1 real change made, 1 to missing)
r; t=0.00 20:00:09

. replace q3_10_11 = .d if ustrtrim(q3_10_11_raw) == "6"
(1 real change made, 1 to missing)
r; t=0.00 20:00:09

. replace q3_10_11 = .u if q3_10_11 == . & !missing(ustrtrim(q3_10_11_raw))
(0 real changes made)
r; t=0.00 20:00:09

. replace qc_unknown_codes = qc_unknown_codes + (q3_10_11 == .u)
(0 real changes made)
r; t=0.00 20:00:09

. label values q3_10_11 vl_agree5
r; t=0.00 20:00:09

. label variable q3_10_11 "Nepal stability risk: Corruption"
r; t=0.00 20:00:09

. char q3_10_11[source_name] "q3_10_11"
r; t=0.00 20:00:09

. char q3_10_11[question_en] "3.10.1 Corruption poses a great risk to political stability in Nepal."
r; t=0.00 20:00:09

. char q3_10_11[question_ne] "३.१०.१ भ्रष्टाचारले भविष्यमा नेपालको राजनीतिक स्थिरतामा ठूलो जोखिम निम्त्याउँन सक्छ ।"
r; t=0.00 20:00:09

. notes q3_10_11: 3.10.1 Corruption poses a great risk to political stability in Nepal.
r; t=0.00 20:00:09

. notes q3_10_11: .r = refusal; .d = explicit do not know; .u = unresolved source code. Mixed uncertainty categories reta
> in source codes. See q3_10_11_raw for original code.
r; t=0.00 20:00:09

. order q3_10_11, before(q3_10_11_raw)
r; t=0.00 20:00:09

. label variable q3_10_11_raw "Original code: q3_10_11"
r; t=0.00 20:00:09

. 
. * q3_10_11_001: sn7om92
. rename q3_10_11_001 q3_10_11_001_raw
r; t=0.01 20:00:09

. generate double q3_10_11_001 = .
(884 missing values generated)
r; t=0.00 20:00:09

. replace q3_10_11_001 = 1 if ustrtrim(q3_10_11_001_raw) == "1"
(413 real changes made)
r; t=0.00 20:00:09

. replace q3_10_11_001 = 2 if ustrtrim(q3_10_11_001_raw) == "2"
(413 real changes made)
r; t=0.00 20:00:09

. replace q3_10_11_001 = 3 if ustrtrim(q3_10_11_001_raw) == "3"
(41 real changes made)
r; t=0.00 20:00:09

. replace q3_10_11_001 = 4 if ustrtrim(q3_10_11_001_raw) == "4"
(13 real changes made)
r; t=0.00 20:00:09

. replace q3_10_11_001 = 5 if ustrtrim(q3_10_11_001_raw) == "5"
(3 real changes made)
r; t=0.00 20:00:09

. replace q3_10_11_001 = .r if ustrtrim(q3_10_11_001_raw) == "-99"
(0 real changes made)
r; t=0.00 20:00:09

. replace q3_10_11_001 = .d if ustrtrim(q3_10_11_001_raw) == "dont_know"
(1 real change made, 1 to missing)
r; t=0.00 20:00:09

. replace q3_10_11_001 = .u if q3_10_11_001 == . & !missing(ustrtrim(q3_10_11_001_raw))
(0 real changes made)
r; t=0.00 20:00:09

. replace qc_unknown_codes = qc_unknown_codes + (q3_10_11_001 == .u)
(0 real changes made)
r; t=0.00 20:00:09

. label values q3_10_11_001 vl_sn7om92
r; t=0.00 20:00:09

. label variable q3_10_11_001 "Nepal stability risk: Lack of accountability"
r; t=0.00 20:00:09

. char q3_10_11_001[source_name] "q3_10_11_001"
r; t=0.00 20:00:09

. char q3_10_11_001[question_en] "3.10.2 lack of accountability poses a great risk to political stability in Nepal."
r; t=0.00 20:00:09

. char q3_10_11_001[question_ne] "३.१०.२ जवाफदेहिताको कमीले भविष्यमा नेपालको राजनीतिक स्थिरतामा ठूलो जोखिम निम्त्याउँन सक
> ्छ ।"
r; t=0.00 20:00:09

. notes q3_10_11_001: 3.10.2 lack of accountability poses a great risk to political stability in Nepal.
r; t=0.00 20:00:09

. notes q3_10_11_001: .r = refusal; .d = explicit do not know; .u = unresolved source code. Mixed uncertainty categories 
> retain source codes. See q3_10_11_001_raw for original code.
r; t=0.00 20:00:09

. order q3_10_11_001, before(q3_10_11_001_raw)
r; t=0.00 20:00:09

. label variable q3_10_11_001_raw "Original code: q3_10_11_001"
r; t=0.00 20:00:09

. 
. * q3_10_12: agree5
. rename q3_10_12 q3_10_12_raw
r; t=0.00 20:00:09

. generate double q3_10_12 = .
(884 missing values generated)
r; t=0.00 20:00:09

. replace q3_10_12 = 1 if ustrtrim(q3_10_12_raw) == "1"
(474 real changes made)
r; t=0.00 20:00:09

. replace q3_10_12 = 2 if ustrtrim(q3_10_12_raw) == "2"
(362 real changes made)
r; t=0.00 20:00:09

. replace q3_10_12 = 3 if ustrtrim(q3_10_12_raw) == "3"
(29 real changes made)
r; t=0.00 20:00:09

. replace q3_10_12 = 4 if ustrtrim(q3_10_12_raw) == "4"
(15 real changes made)
r; t=0.00 20:00:09

. replace q3_10_12 = 5 if ustrtrim(q3_10_12_raw) == "5"
(3 real changes made)
r; t=0.00 20:00:09

. replace q3_10_12 = .r if ustrtrim(q3_10_12_raw) == "-99"
(0 real changes made)
r; t=0.00 20:00:09

. replace q3_10_12 = .d if ustrtrim(q3_10_12_raw) == "6"
(1 real change made, 1 to missing)
r; t=0.00 20:00:09

. replace q3_10_12 = .u if q3_10_12 == . & !missing(ustrtrim(q3_10_12_raw))
(0 real changes made)
r; t=0.00 20:00:09

. replace qc_unknown_codes = qc_unknown_codes + (q3_10_12 == .u)
(0 real changes made)
r; t=0.00 20:00:09

. label values q3_10_12 vl_agree5
r; t=0.00 20:00:09

. label variable q3_10_12 "Nepal stability risk: Unemployment/economic opportunities"
r; t=0.00 20:00:09

. char q3_10_12[source_name] "q3_10_12"
r; t=0.00 20:00:09

. char q3_10_12[question_en] "3.10.3 Unemployment and lack of economic opportunities pose a great risk to political stabi
> lity in Nepal."
r; t=0.00 20:00:09

. char q3_10_12[question_ne] "३.१०.३ बेरोजगारी र आर्थिक अवसरको कमीले भविष्यमा नेपालको राजनीतिक स्थिरतामा ठूलो जोखिम निम्त
> ्याउँन सक्छ ।"
r; t=0.00 20:00:09

. notes q3_10_12: 3.10.3 Unemployment and lack of economic opportunities pose a great risk to political stability in Nepa
> l.
r; t=0.00 20:00:09

. notes q3_10_12: .r = refusal; .d = explicit do not know; .u = unresolved source code. Mixed uncertainty categories reta
> in source codes. See q3_10_12_raw for original code.
r; t=0.00 20:00:09

. order q3_10_12, before(q3_10_12_raw)
r; t=0.00 20:00:09

. label variable q3_10_12_raw "Original code: q3_10_12"
r; t=0.00 20:00:09

. 
. * q3_10_13: agree5
. rename q3_10_13 q3_10_13_raw
r; t=0.00 20:00:09

. generate double q3_10_13 = .
(884 missing values generated)
r; t=0.00 20:00:09

. replace q3_10_13 = 1 if ustrtrim(q3_10_13_raw) == "1"
(344 real changes made)
r; t=0.00 20:00:09

. replace q3_10_13 = 2 if ustrtrim(q3_10_13_raw) == "2"
(424 real changes made)
r; t=0.00 20:00:09

. replace q3_10_13 = 3 if ustrtrim(q3_10_13_raw) == "3"
(87 real changes made)
r; t=0.00 20:00:09

. replace q3_10_13 = 4 if ustrtrim(q3_10_13_raw) == "4"
(25 real changes made)
r; t=0.00 20:00:09

. replace q3_10_13 = 5 if ustrtrim(q3_10_13_raw) == "5"
(2 real changes made)
r; t=0.00 20:00:09

. replace q3_10_13 = .r if ustrtrim(q3_10_13_raw) == "-99"
(2 real changes made, 2 to missing)
r; t=0.00 20:00:09

. replace q3_10_13 = .d if ustrtrim(q3_10_13_raw) == "6"
(0 real changes made)
r; t=0.00 20:00:09

. replace q3_10_13 = .u if q3_10_13 == . & !missing(ustrtrim(q3_10_13_raw))
(0 real changes made)
r; t=0.00 20:00:09

. replace qc_unknown_codes = qc_unknown_codes + (q3_10_13 == .u)
(0 real changes made)
r; t=0.00 20:00:09

. label values q3_10_13 vl_agree5
r; t=0.00 20:00:09

. label variable q3_10_13 "Nepal stability risk: Political exclusion"
r; t=0.00 20:00:09

. char q3_10_13[source_name] "q3_10_13"
r; t=0.00 20:00:09

. char q3_10_13[question_en] "3.10.3 Political exclusion of certain groups poses a great risk to political stability in N
> epal."
r; t=0.00 20:00:09

. char q3_10_13[question_ne] "३.१०.४ राज्य संयत्रमा  सामवेशिताको कमीले भविष्यमा नेपालको राजनीतिक स्थिरतामा ठूलो जोखिम निम
> ्त्याउँन सक्छ ।"
r; t=0.00 20:00:09

. notes q3_10_13: 3.10.3 Political exclusion of certain groups poses a great risk to political stability in Nepal.
r; t=0.00 20:00:09

. notes q3_10_13: .r = refusal; .d = explicit do not know; .u = unresolved source code. Mixed uncertainty categories reta
> in source codes. See q3_10_13_raw for original code.
r; t=0.00 20:00:09

. order q3_10_13, before(q3_10_13_raw)
r; t=0.00 20:00:09

. label variable q3_10_13_raw "Original code: q3_10_13"
r; t=0.00 20:00:09

. 
. * q3_10_14: agree5
. rename q3_10_14 q3_10_14_raw
r; t=0.00 20:00:09

. generate double q3_10_14 = .
(884 missing values generated)
r; t=0.00 20:00:09

. replace q3_10_14 = 1 if ustrtrim(q3_10_14_raw) == "1"
(355 real changes made)
r; t=0.00 20:00:09

. replace q3_10_14 = 2 if ustrtrim(q3_10_14_raw) == "2"
(423 real changes made)
r; t=0.00 20:00:09

. replace q3_10_14 = 3 if ustrtrim(q3_10_14_raw) == "3"
(66 real changes made)
r; t=0.00 20:00:09

. replace q3_10_14 = 4 if ustrtrim(q3_10_14_raw) == "4"
(31 real changes made)
r; t=0.00 20:00:09

. replace q3_10_14 = 5 if ustrtrim(q3_10_14_raw) == "5"
(7 real changes made)
r; t=0.00 20:00:09

. replace q3_10_14 = .r if ustrtrim(q3_10_14_raw) == "-99"
(0 real changes made)
r; t=0.00 20:00:09

. replace q3_10_14 = .d if ustrtrim(q3_10_14_raw) == "6"
(2 real changes made, 2 to missing)
r; t=0.00 20:00:09

. replace q3_10_14 = .u if q3_10_14 == . & !missing(ustrtrim(q3_10_14_raw))
(0 real changes made)
r; t=0.00 20:00:09

. replace qc_unknown_codes = qc_unknown_codes + (q3_10_14 == .u)
(0 real changes made)
r; t=0.00 20:00:09

. label values q3_10_14 vl_agree5
r; t=0.00 20:00:09

. label variable q3_10_14 "Nepal stability risk: Rising cost of living"
r; t=0.00 20:00:09

. char q3_10_14[source_name] "q3_10_14"
r; t=0.00 20:00:09

. char q3_10_14[question_en] "3.10.4 Rising cost of living poses a great risk to political stability in Nepal."
r; t=0.00 20:00:09

. char q3_10_14[question_ne] "३.१०.५ बढ्दो महंगीले भविष्यमा  नेपालको राजनीतिक स्थिरतामा ठूलो जोखिम निम्त्याउँन सक्छ ।"
r; t=0.00 20:00:09

. notes q3_10_14: 3.10.4 Rising cost of living poses a great risk to political stability in Nepal.
r; t=0.00 20:00:09

. notes q3_10_14: .r = refusal; .d = explicit do not know; .u = unresolved source code. Mixed uncertainty categories reta
> in source codes. See q3_10_14_raw for original code.
r; t=0.00 20:00:09

. order q3_10_14, before(q3_10_14_raw)
r; t=0.00 20:00:09

. label variable q3_10_14_raw "Original code: q3_10_14"
r; t=0.00 20:00:09

. 
. * q3_10_15: agree5
. rename q3_10_15 q3_10_15_raw
r; t=0.00 20:00:09

. generate double q3_10_15 = .
(884 missing values generated)
r; t=0.00 20:00:09

. replace q3_10_15 = 1 if ustrtrim(q3_10_15_raw) == "1"
(345 real changes made)
r; t=0.00 20:00:09

. replace q3_10_15 = 2 if ustrtrim(q3_10_15_raw) == "2"
(396 real changes made)
r; t=0.00 20:00:09

. replace q3_10_15 = 3 if ustrtrim(q3_10_15_raw) == "3"
(97 real changes made)
r; t=0.00 20:00:09

. replace q3_10_15 = 4 if ustrtrim(q3_10_15_raw) == "4"
(37 real changes made)
r; t=0.00 20:00:09

. replace q3_10_15 = 5 if ustrtrim(q3_10_15_raw) == "5"
(9 real changes made)
r; t=0.00 20:00:09

. replace q3_10_15 = .r if ustrtrim(q3_10_15_raw) == "-99"
(0 real changes made)
r; t=0.00 20:00:09

. replace q3_10_15 = .d if ustrtrim(q3_10_15_raw) == "6"
(0 real changes made)
r; t=0.00 20:00:09

. replace q3_10_15 = .u if q3_10_15 == . & !missing(ustrtrim(q3_10_15_raw))
(0 real changes made)
r; t=0.00 20:00:09

. replace qc_unknown_codes = qc_unknown_codes + (q3_10_15 == .u)
(0 real changes made)
r; t=0.00 20:00:09

. label values q3_10_15 vl_agree5
r; t=0.00 20:00:09

. label variable q3_10_15 "Nepal stability risk: Social media misinformation"
r; t=0.00 20:00:09

. char q3_10_15[source_name] "q3_10_15"
r; t=0.00 20:00:09

. char q3_10_15[question_en] "3.10.5 Misinformation through social media poses a great risk to political stability in Nep
> al."
r; t=0.00 20:00:09

. char q3_10_15[question_ne] "३.१०.६ सामाजिक सञ्जालमार्फत फैलिने गलत/मिथ्य/भ्रामक  सूचनाले भविष्यमा नेपालको राजनीतिक स्थि
> रतामा ठूलो जोखिम निम्त्याउँन सक्छ ।"
r; t=0.00 20:00:09

. notes q3_10_15: 3.10.5 Misinformation through social media poses a great risk to political stability in Nepal.
r; t=0.00 20:00:09

. notes q3_10_15: .r = refusal; .d = explicit do not know; .u = unresolved source code. Mixed uncertainty categories reta
> in source codes. See q3_10_15_raw for original code.
r; t=0.00 20:00:09

. order q3_10_15, before(q3_10_15_raw)
r; t=0.00 20:00:09

. label variable q3_10_15_raw "Original code: q3_10_15"
r; t=0.00 20:00:09

. 
. * q3_10_16: agree5
. rename q3_10_16 q3_10_16_raw
r; t=0.00 20:00:09

. generate double q3_10_16 = .
(884 missing values generated)
r; t=0.00 20:00:09

. replace q3_10_16 = 1 if ustrtrim(q3_10_16_raw) == "1"
(286 real changes made)
r; t=0.00 20:00:09

. replace q3_10_16 = 2 if ustrtrim(q3_10_16_raw) == "2"
(407 real changes made)
r; t=0.00 20:00:09

. replace q3_10_16 = 3 if ustrtrim(q3_10_16_raw) == "3"
(123 real changes made)
r; t=0.00 20:00:09

. replace q3_10_16 = 4 if ustrtrim(q3_10_16_raw) == "4"
(50 real changes made)
r; t=0.00 20:00:09

. replace q3_10_16 = 5 if ustrtrim(q3_10_16_raw) == "5"
(10 real changes made)
r; t=0.00 20:00:09

. replace q3_10_16 = .r if ustrtrim(q3_10_16_raw) == "-99"
(2 real changes made, 2 to missing)
r; t=0.00 20:00:09

. replace q3_10_16 = .d if ustrtrim(q3_10_16_raw) == "6"
(6 real changes made, 6 to missing)
r; t=0.00 20:00:09

. replace q3_10_16 = .u if q3_10_16 == . & !missing(ustrtrim(q3_10_16_raw))
(0 real changes made)
r; t=0.00 20:00:09

. replace qc_unknown_codes = qc_unknown_codes + (q3_10_16 == .u)
(0 real changes made)
r; t=0.00 20:00:09

. label values q3_10_16 vl_agree5
r; t=0.00 20:00:09

. label variable q3_10_16 "Nepal stability risk: Foreign/external influence"
r; t=0.00 20:00:09

. char q3_10_16[source_name] "q3_10_16"
r; t=0.00 20:00:09

. char q3_10_16[question_en] "3.10.6 Influence of foreign/external forces poses a great risk to political stability in Ne
> pal."
r; t=0.00 20:00:09

. char q3_10_16[question_ne] "३.१०.७ विदेशी/बाह्य शक्तिको प्रभावले भविष्यमा नेपालको राजनीतिक स्थिरतामा ठूलो जोखिम निम्त्य
> ाउँन सक्छ ।"
r; t=0.00 20:00:09

. notes q3_10_16: 3.10.6 Influence of foreign/external forces poses a great risk to political stability in Nepal.
r; t=0.00 20:00:09

. notes q3_10_16: .r = refusal; .d = explicit do not know; .u = unresolved source code. Mixed uncertainty categories reta
> in source codes. See q3_10_16_raw for original code.
r; t=0.00 20:00:09

. order q3_10_16, before(q3_10_16_raw)
r; t=0.00 20:00:09

. label variable q3_10_16_raw "Original code: q3_10_16"
r; t=0.00 20:00:09

. 
. * q3_10_17: agree5
. rename q3_10_17 q3_10_17_raw
r; t=0.00 20:00:09

. generate double q3_10_17 = .
(884 missing values generated)
r; t=0.00 20:00:09

. replace q3_10_17 = 1 if ustrtrim(q3_10_17_raw) == "1"
(348 real changes made)
r; t=0.00 20:00:09

. replace q3_10_17 = 2 if ustrtrim(q3_10_17_raw) == "2"
(424 real changes made)
r; t=0.00 20:00:09

. replace q3_10_17 = 3 if ustrtrim(q3_10_17_raw) == "3"
(62 real changes made)
r; t=0.00 20:00:09

. replace q3_10_17 = 4 if ustrtrim(q3_10_17_raw) == "4"
(43 real changes made)
r; t=0.00 20:00:09

. replace q3_10_17 = 5 if ustrtrim(q3_10_17_raw) == "5"
(5 real changes made)
r; t=0.00 20:00:09

. replace q3_10_17 = .r if ustrtrim(q3_10_17_raw) == "-99"
(0 real changes made)
r; t=0.00 20:00:09

. replace q3_10_17 = .d if ustrtrim(q3_10_17_raw) == "6"
(2 real changes made, 2 to missing)
r; t=0.00 20:00:09

. replace q3_10_17 = .u if q3_10_17 == . & !missing(ustrtrim(q3_10_17_raw))
(0 real changes made)
r; t=0.00 20:00:09

. replace qc_unknown_codes = qc_unknown_codes + (q3_10_17 == .u)
(0 real changes made)
r; t=0.00 20:00:09

. label values q3_10_17 vl_agree5
r; t=0.00 20:00:09

. label variable q3_10_17 "Nepal stability risk: Ethnic/religious conflict"
r; t=0.00 20:00:09

. char q3_10_17[source_name] "q3_10_17"
r; t=0.00 20:00:09

. char q3_10_17[question_en] "3.10.7 Ethnic or religious tension/conflict poses a great risk to political stability in Ne
> pal."
r; t=0.00 20:00:09

. char q3_10_17[question_ne] "३.१०.८ जातीय वा धार्मिक तनाव/द्वन्द्वले भविष्यमा नेपालको राजनीतिक स्थिरतामा ठूलो जोखिम निम्
> त्याउँन सक्छ |"
r; t=0.00 20:00:09

. notes q3_10_17: 3.10.7 Ethnic or religious tension/conflict poses a great risk to political stability in Nepal.
r; t=0.00 20:00:09

. notes q3_10_17: .r = refusal; .d = explicit do not know; .u = unresolved source code. Mixed uncertainty categories reta
> in source codes. See q3_10_17_raw for original code.
r; t=0.00 20:00:09

. order q3_10_17, before(q3_10_17_raw)
r; t=0.00 20:00:09

. label variable q3_10_17_raw "Original code: q3_10_17"
r; t=0.00 20:00:09

. 
. * q3_11_1: agree5
. rename q3_11_1 q3_11_1_raw
r; t=0.00 20:00:09

. generate double q3_11_1 = .
(884 missing values generated)
r; t=0.00 20:00:09

. replace q3_11_1 = 1 if ustrtrim(q3_11_1_raw) == "1"
(169 real changes made)
r; t=0.00 20:00:09

. replace q3_11_1 = 2 if ustrtrim(q3_11_1_raw) == "2"
(436 real changes made)
r; t=0.00 20:00:09

. replace q3_11_1 = 3 if ustrtrim(q3_11_1_raw) == "3"
(167 real changes made)
r; t=0.00 20:00:09

. replace q3_11_1 = 4 if ustrtrim(q3_11_1_raw) == "4"
(61 real changes made)
r; t=0.00 20:00:09

. replace q3_11_1 = 5 if ustrtrim(q3_11_1_raw) == "5"
(43 real changes made)
r; t=0.00 20:00:09

. replace q3_11_1 = .r if ustrtrim(q3_11_1_raw) == "-99"
(1 real change made, 1 to missing)
r; t=0.00 20:00:09

. replace q3_11_1 = .d if ustrtrim(q3_11_1_raw) == "6"
(7 real changes made, 7 to missing)
r; t=0.00 20:00:09

. replace q3_11_1 = .u if q3_11_1 == . & !missing(ustrtrim(q3_11_1_raw))
(0 real changes made)
r; t=0.00 20:00:09

. replace qc_unknown_codes = qc_unknown_codes + (q3_11_1 == .u)
(0 real changes made)
r; t=0.00 20:00:09

. label values q3_11_1 vl_agree5
r; t=0.00 20:00:09

. label variable q3_11_1 "Nepal hope: Governance/anti-corruption reforms"
r; t=0.00 20:00:09

. char q3_11_1[source_name] "q3_11_1"
r; t=0.00 20:00:09

. char q3_11_1[question_en] "3.11.1 I am hopeful for Nepal’s future because it had adopted better governance and anti-cor
> ruption reforms."
r; t=0.00 20:00:09

. char q3_11_1[question_ne] "३.११.१ नेपालले सुशासन र भ्रष्टाचारविरोधी सुधारहरू अपनाएकोले म नेपालको भविष्यप्रति आशावादी छु
> ।"
r; t=0.00 20:00:09

. notes q3_11_1: 3.11.1 I am hopeful for Nepal’s future because it had adopted better governance and anti-corruption refo
> rms.
r; t=0.00 20:00:09

. notes q3_11_1: .r = refusal; .d = explicit do not know; .u = unresolved source code. Mixed uncertainty categories retai
> n source codes. See q3_11_1_raw for original code.
r; t=0.00 20:00:09

. order q3_11_1, before(q3_11_1_raw)
r; t=0.00 20:00:09

. label variable q3_11_1_raw "Original code: q3_11_1"
r; t=0.00 20:00:09

. 
. * q3_11_2: agree5
. rename q3_11_2 q3_11_2_raw
r; t=0.00 20:00:09

. generate double q3_11_2 = .
(884 missing values generated)
r; t=0.00 20:00:09

. replace q3_11_2 = 1 if ustrtrim(q3_11_2_raw) == "1"
(264 real changes made)
r; t=0.00 20:00:09

. replace q3_11_2 = 2 if ustrtrim(q3_11_2_raw) == "2"
(454 real changes made)
r; t=0.00 20:00:09

. replace q3_11_2 = 3 if ustrtrim(q3_11_2_raw) == "3"
(125 real changes made)
r; t=0.00 20:00:09

. replace q3_11_2 = 4 if ustrtrim(q3_11_2_raw) == "4"
(29 real changes made)
r; t=0.00 20:00:09

. replace q3_11_2 = 5 if ustrtrim(q3_11_2_raw) == "5"
(4 real changes made)
r; t=0.00 20:00:09

. replace q3_11_2 = .r if ustrtrim(q3_11_2_raw) == "-99"
(0 real changes made)
r; t=0.00 20:00:09

. replace q3_11_2 = .d if ustrtrim(q3_11_2_raw) == "6"
(8 real changes made, 8 to missing)
r; t=0.00 20:00:09

. replace q3_11_2 = .u if q3_11_2 == . & !missing(ustrtrim(q3_11_2_raw))
(0 real changes made)
r; t=0.00 20:00:09

. replace qc_unknown_codes = qc_unknown_codes + (q3_11_2 == .u)
(0 real changes made)
r; t=0.00 20:00:09

. label values q3_11_2 vl_agree5
r; t=0.00 20:00:09

. label variable q3_11_2 "Nepal hope: Youth political participation"
r; t=0.00 20:00:09

. char q3_11_2[source_name] "q3_11_2"
r; t=0.00 20:00:09

. char q3_11_2[question_en] "3.11.2 I am hopeful about Nepal’s future because of greater youth participation in politics.
> "
r; t=0.00 20:00:09

. char q3_11_2[question_ne] "३.११.२ राजनीतिमा युवाहरूको बढ्दो सहभागिताका कारण म नेपालको भविष्यप्रति आशावादी छु।"
r; t=0.00 20:00:09

. notes q3_11_2: 3.11.2 I am hopeful about Nepal’s future because of greater youth participation in politics.
r; t=0.00 20:00:09

. notes q3_11_2: .r = refusal; .d = explicit do not know; .u = unresolved source code. Mixed uncertainty categories retai
> n source codes. See q3_11_2_raw for original code.
r; t=0.00 20:00:09

. order q3_11_2, before(q3_11_2_raw)
r; t=0.00 20:00:09

. label variable q3_11_2_raw "Original code: q3_11_2"
r; t=0.00 20:00:09

. 
. * q3_11_3: agree5
. rename q3_11_3 q3_11_3_raw
r; t=0.00 20:00:09

. generate double q3_11_3 = .
(884 missing values generated)
r; t=0.00 20:00:09

. replace q3_11_3 = 1 if ustrtrim(q3_11_3_raw) == "1"
(147 real changes made)
r; t=0.00 20:00:09

. replace q3_11_3 = 2 if ustrtrim(q3_11_3_raw) == "2"
(431 real changes made)
r; t=0.00 20:00:09

. replace q3_11_3 = 3 if ustrtrim(q3_11_3_raw) == "3"
(213 real changes made)
r; t=0.00 20:00:09

. replace q3_11_3 = 4 if ustrtrim(q3_11_3_raw) == "4"
(64 real changes made)
r; t=0.00 20:00:09

. replace q3_11_3 = 5 if ustrtrim(q3_11_3_raw) == "5"
(20 real changes made)
r; t=0.00 20:00:09

. replace q3_11_3 = .r if ustrtrim(q3_11_3_raw) == "-99"
(0 real changes made)
r; t=0.00 20:00:09

. replace q3_11_3 = .d if ustrtrim(q3_11_3_raw) == "6"
(9 real changes made, 9 to missing)
r; t=0.00 20:00:09

. replace q3_11_3 = .u if q3_11_3 == . & !missing(ustrtrim(q3_11_3_raw))
(0 real changes made)
r; t=0.00 20:00:09

. replace qc_unknown_codes = qc_unknown_codes + (q3_11_3 == .u)
(0 real changes made)
r; t=0.00 20:00:09

. label values q3_11_3 vl_agree5
r; t=0.00 20:00:09

. label variable q3_11_3 "Nepal hope: Improved democracy"
r; t=0.00 20:00:09

. char q3_11_3[source_name] "q3_11_3"
r; t=0.00 20:00:09

. char q3_11_3[question_en] "3.11.3 I am hopeful about Nepal’s future because of the state of the democracy has improved.
> "
r; t=0.00 20:00:09

. char q3_11_3[question_ne] "३.११.३ लोकतन्त्रको अवस्था सुधार भएकोले म नेपालको भविष्यप्रति आशावादी छु।"
r; t=0.00 20:00:09

. notes q3_11_3: 3.11.3 I am hopeful about Nepal’s future because of the state of the democracy has improved.
r; t=0.00 20:00:09

. notes q3_11_3: .r = refusal; .d = explicit do not know; .u = unresolved source code. Mixed uncertainty categories retai
> n source codes. See q3_11_3_raw for original code.
r; t=0.00 20:00:09

. order q3_11_3, before(q3_11_3_raw)
r; t=0.00 20:00:09

. label variable q3_11_3_raw "Original code: q3_11_3"
r; t=0.00 20:00:09

. 
. * q3_11_4: agree5
. rename q3_11_4 q3_11_4_raw
r; t=0.00 20:00:09

. generate double q3_11_4 = .
(884 missing values generated)
r; t=0.00 20:00:09

. replace q3_11_4 = 1 if ustrtrim(q3_11_4_raw) == "1"
(117 real changes made)
r; t=0.00 20:00:09

. replace q3_11_4 = 2 if ustrtrim(q3_11_4_raw) == "2"
(381 real changes made)
r; t=0.00 20:00:09

. replace q3_11_4 = 3 if ustrtrim(q3_11_4_raw) == "3"
(198 real changes made)
r; t=0.00 20:00:09

. replace q3_11_4 = 4 if ustrtrim(q3_11_4_raw) == "4"
(113 real changes made)
r; t=0.00 20:00:09

. replace q3_11_4 = 5 if ustrtrim(q3_11_4_raw) == "5"
(65 real changes made)
r; t=0.00 20:00:09

. replace q3_11_4 = .r if ustrtrim(q3_11_4_raw) == "-99"
(1 real change made, 1 to missing)
r; t=0.00 20:00:09

. replace q3_11_4 = .d if ustrtrim(q3_11_4_raw) == "6"
(9 real changes made, 9 to missing)
r; t=0.00 20:00:09

. replace q3_11_4 = .u if q3_11_4 == . & !missing(ustrtrim(q3_11_4_raw))
(0 real changes made)
r; t=0.00 20:00:09

. replace qc_unknown_codes = qc_unknown_codes + (q3_11_4 == .u)
(0 real changes made)
r; t=0.00 20:00:09

. label values q3_11_4 vl_agree5
r; t=0.00 20:00:09

. label variable q3_11_4 "Nepal hope: Economic/employment prospects"
r; t=0.00 20:00:09

. char q3_11_4[source_name] "q3_11_4"
r; t=0.00 20:00:09

. char q3_11_4[question_en] "3.11.4 I am hopeful about Nepal’s future because economic and employment prospect is in incr
> easing trend."
r; t=0.00 20:00:09

. char q3_11_4[question_ne] "३.११.४ आर्थिक तथा रोजगारीका सम्भावना बढ्दो क्रममा रहेकाले म नेपालको भविष्यप्रति आशावादी छु।"
r; t=0.00 20:00:09

. notes q3_11_4: 3.11.4 I am hopeful about Nepal’s future because economic and employment prospect is in increasing trend
> .
r; t=0.00 20:00:09

. notes q3_11_4: .r = refusal; .d = explicit do not know; .u = unresolved source code. Mixed uncertainty categories retai
> n source codes. See q3_11_4_raw for original code.
r; t=0.00 20:00:09

. order q3_11_4, before(q3_11_4_raw)
r; t=0.00 20:00:09

. label variable q3_11_4_raw "Original code: q3_11_4"
r; t=0.00 20:00:09

. 
. * q4_1: follow_genz
. rename q4_1 q4_1_raw
r; t=0.00 20:00:09

. generate double q4_1 = .
(884 missing values generated)
r; t=0.00 20:00:09

. replace q4_1 = 1 if ustrtrim(q4_1_raw) == "1"
(242 real changes made)
r; t=0.00 20:00:09

. replace q4_1 = 2 if ustrtrim(q4_1_raw) == "2"
(497 real changes made)
r; t=0.00 20:00:09

. replace q4_1 = 3 if ustrtrim(q4_1_raw) == "3"
(124 real changes made)
r; t=0.00 20:00:09

. replace q4_1 = 4 if ustrtrim(q4_1_raw) == "4"
(17 real changes made)
r; t=0.00 20:00:09

. replace q4_1 = 5 if ustrtrim(q4_1_raw) == "5"
(4 real changes made)
r; t=0.00 20:00:09

. replace q4_1 = .r if ustrtrim(q4_1_raw) == "-99"
(0 real changes made)
r; t=0.00 20:00:09

. replace q4_1 = .u if q4_1 == . & !missing(ustrtrim(q4_1_raw))
(0 real changes made)
r; t=0.00 20:00:09

. replace qc_unknown_codes = qc_unknown_codes + (q4_1 == .u)
(0 real changes made)
r; t=0.00 20:00:09

. label values q4_1 vl_follow_genz
r; t=0.00 20:00:09

. label variable q4_1 "4.1 Attention to September 8 Gen-Z protest and subsequent politics"
r; t=0.00 20:00:09

. char q4_1[source_name] "q4_1"
r; t=0.00 20:00:09

. char q4_1[question_en] "4.1.  How closely have you followed the September 8 Gen-Z protest and the subsequent political 
> happenings in Nepal?"
r; t=0.00 20:00:09

. char q4_1[question_ne] "४.१ भदौ २३ र २४  को Gen-Z आन्दोलन र त्यसपछि नेपालमा भएका राजनीतिक घटनाक्रमलाई तपाईंले कत्तिको न
> जिकबाट चासो राख्नु भएको  थियो ?"
r; t=0.00 20:00:09

. notes q4_1: 4.1.  How closely have you followed the September 8 Gen-Z protest and the subsequent political happenings i
> n Nepal?
r; t=0.00 20:00:09

. notes q4_1: .r = refusal; .d = explicit do not know; .u = unresolved source code. Mixed uncertainty categories retain s
> ource codes. See q4_1_raw for original code.
r; t=0.00 20:00:09

. order q4_1, before(q4_1_raw)
r; t=0.00 20:00:09

. label variable q4_1_raw "Original code: q4_1"
r; t=0.00 20:00:09

. 
. * q4_2_1: agree5
. rename q4_2_1 q4_2_1_raw
r; t=0.00 20:00:09

. generate double q4_2_1 = .
(884 missing values generated)
r; t=0.00 20:00:09

. replace q4_2_1 = 1 if ustrtrim(q4_2_1_raw) == "1"
(529 real changes made)
r; t=0.00 20:00:09

. replace q4_2_1 = 2 if ustrtrim(q4_2_1_raw) == "2"
(298 real changes made)
r; t=0.00 20:00:09

. replace q4_2_1 = 3 if ustrtrim(q4_2_1_raw) == "3"
(22 real changes made)
r; t=0.00 20:00:09

. replace q4_2_1 = 4 if ustrtrim(q4_2_1_raw) == "4"
(24 real changes made)
r; t=0.00 20:00:09

. replace q4_2_1 = 5 if ustrtrim(q4_2_1_raw) == "5"
(9 real changes made)
r; t=0.00 20:00:09

. replace q4_2_1 = .r if ustrtrim(q4_2_1_raw) == "-99"
(1 real change made, 1 to missing)
r; t=0.00 20:00:09

. replace q4_2_1 = .d if ustrtrim(q4_2_1_raw) == "6"
(1 real change made, 1 to missing)
r; t=0.00 20:00:09

. replace q4_2_1 = .u if q4_2_1 == . & !missing(ustrtrim(q4_2_1_raw))
(0 real changes made)
r; t=0.00 20:00:09

. replace qc_unknown_codes = qc_unknown_codes + (q4_2_1 == .u)
(0 real changes made)
r; t=0.00 20:00:09

. label values q4_2_1 vl_agree5
r; t=0.00 20:00:09

. label variable q4_2_1 "Gen-Z protest cause: Corruption"
r; t=0.00 20:00:09

. char q4_2_1[source_name] "q4_2_1"
r; t=0.00 20:00:09

. char q4_2_1[question_en] "4.2.1 Widescale corruption are reasons behind the Gen-Z protest in Nepal."
r; t=0.00 20:00:09

. char q4_2_1[question_ne] "४.२.१ व्यापक भ्रष्टाचार नेपालमा Gen-Z आन्दोलन हुनुका कारण हुन्।"
r; t=0.00 20:00:09

. notes q4_2_1: 4.2.1 Widescale corruption are reasons behind the Gen-Z protest in Nepal.
r; t=0.00 20:00:09

. notes q4_2_1: .r = refusal; .d = explicit do not know; .u = unresolved source code. Mixed uncertainty categories retain
>  source codes. See q4_2_1_raw for original code.
r; t=0.00 20:00:09

. order q4_2_1, before(q4_2_1_raw)
r; t=0.00 20:00:09

. label variable q4_2_1_raw "Original code: q4_2_1"
r; t=0.00 20:00:09

. 
. * q4_2_2: agree5
. rename q4_2_2 q4_2_2_raw
r; t=0.00 20:00:09

. generate double q4_2_2 = .
(884 missing values generated)
r; t=0.00 20:00:09

. replace q4_2_2 = 1 if ustrtrim(q4_2_2_raw) == "1"
(385 real changes made)
r; t=0.00 20:00:09

. replace q4_2_2 = 2 if ustrtrim(q4_2_2_raw) == "2"
(358 real changes made)
r; t=0.00 20:00:09

. replace q4_2_2 = 3 if ustrtrim(q4_2_2_raw) == "3"
(86 real changes made)
r; t=0.00 20:00:09

. replace q4_2_2 = 4 if ustrtrim(q4_2_2_raw) == "4"
(45 real changes made)
r; t=0.00 20:00:09

. replace q4_2_2 = 5 if ustrtrim(q4_2_2_raw) == "5"
(5 real changes made)
r; t=0.00 20:00:09

. replace q4_2_2 = .r if ustrtrim(q4_2_2_raw) == "-99"
(0 real changes made)
r; t=0.00 20:00:09

. replace q4_2_2 = .d if ustrtrim(q4_2_2_raw) == "6"
(5 real changes made, 5 to missing)
r; t=0.00 20:00:09

. replace q4_2_2 = .u if q4_2_2 == . & !missing(ustrtrim(q4_2_2_raw))
(0 real changes made)
r; t=0.00 20:00:09

. replace qc_unknown_codes = qc_unknown_codes + (q4_2_2 == .u)
(0 real changes made)
r; t=0.00 20:00:09

. label values q4_2_2 vl_agree5
r; t=0.00 20:00:09

. label variable q4_2_2 "Gen-Z protest cause: Poor public services"
r; t=0.00 20:00:09

. char q4_2_2[source_name] "q4_2_2"
r; t=0.00 20:00:09

. char q4_2_2[question_en] "4.2.2 Poor public service delivery are reasons behind the Gen-Z protest in Nepal."
r; t=0.00 20:00:09

. char q4_2_2[question_ne] "४.२.२ कमजोर सार्वजनिक सेवा प्रवाह नेपालमा Gen-Z आन्दोलन हुनुका कारण हुन्।"
r; t=0.00 20:00:09

. notes q4_2_2: 4.2.2 Poor public service delivery are reasons behind the Gen-Z protest in Nepal.
r; t=0.00 20:00:09

. notes q4_2_2: .r = refusal; .d = explicit do not know; .u = unresolved source code. Mixed uncertainty categories retain
>  source codes. See q4_2_2_raw for original code.
r; t=0.00 20:00:09

. order q4_2_2, before(q4_2_2_raw)
r; t=0.00 20:00:09

. label variable q4_2_2_raw "Original code: q4_2_2"
r; t=0.00 20:00:09

. 
. * q4_2_3: agree5
. rename q4_2_3 q4_2_3_raw
r; t=0.00 20:00:09

. generate double q4_2_3 = .
(884 missing values generated)
r; t=0.00 20:00:09

. replace q4_2_3 = 1 if ustrtrim(q4_2_3_raw) == "1"
(378 real changes made)
r; t=0.00 20:00:09

. replace q4_2_3 = 2 if ustrtrim(q4_2_3_raw) == "2"
(376 real changes made)
r; t=0.00 20:00:09

. replace q4_2_3 = 3 if ustrtrim(q4_2_3_raw) == "3"
(60 real changes made)
r; t=0.00 20:00:09

. replace q4_2_3 = 4 if ustrtrim(q4_2_3_raw) == "4"
(50 real changes made)
r; t=0.00 20:00:09

. replace q4_2_3 = 5 if ustrtrim(q4_2_3_raw) == "5"
(20 real changes made)
r; t=0.00 20:00:09

. replace q4_2_3 = .r if ustrtrim(q4_2_3_raw) == "-99"
(0 real changes made)
r; t=0.00 20:00:09

. replace q4_2_3 = .d if ustrtrim(q4_2_3_raw) == "6"
(0 real changes made)
r; t=0.00 20:00:09

. replace q4_2_3 = .u if q4_2_3 == . & !missing(ustrtrim(q4_2_3_raw))
(0 real changes made)
r; t=0.00 20:00:09

. replace qc_unknown_codes = qc_unknown_codes + (q4_2_3 == .u)
(0 real changes made)
r; t=0.00 20:00:09

. label values q4_2_3 vl_agree5
r; t=0.00 20:00:09

. label variable q4_2_3 "Gen-Z protest cause: Unemployment/economic opportunities"
r; t=0.00 20:00:09

. char q4_2_3[source_name] "q4_2_3"
r; t=0.00 20:00:09

. char q4_2_3[question_en] "4.2.3 Unemployment and lack of economic opportunities reasons behind Gen-Z protest in Nepal."
r; t=0.00 20:00:09

. char q4_2_3[question_ne] "४.२.३ बेरोजगारी र आर्थिक अवसरको कमी नेपालमा Gen-Z आन्दोलन हुनुका कारण हुन्।"
r; t=0.00 20:00:09

. notes q4_2_3: 4.2.3 Unemployment and lack of economic opportunities reasons behind Gen-Z protest in Nepal.
r; t=0.00 20:00:09

. notes q4_2_3: .r = refusal; .d = explicit do not know; .u = unresolved source code. Mixed uncertainty categories retain
>  source codes. See q4_2_3_raw for original code.
r; t=0.00 20:00:09

. order q4_2_3, before(q4_2_3_raw)
r; t=0.00 20:00:09

. label variable q4_2_3_raw "Original code: q4_2_3"
r; t=0.00 20:00:09

. 
. * q4_2_4: agree5
. rename q4_2_4 q4_2_4_raw
r; t=0.00 20:00:09

. generate double q4_2_4 = .
(884 missing values generated)
r; t=0.00 20:00:09

. replace q4_2_4 = 1 if ustrtrim(q4_2_4_raw) == "1"
(211 real changes made)
r; t=0.00 20:00:09

. replace q4_2_4 = 2 if ustrtrim(q4_2_4_raw) == "2"
(348 real changes made)
r; t=0.00 20:00:09

. replace q4_2_4 = 3 if ustrtrim(q4_2_4_raw) == "3"
(129 real changes made)
r; t=0.00 20:00:09

. replace q4_2_4 = 4 if ustrtrim(q4_2_4_raw) == "4"
(142 real changes made)
r; t=0.00 20:00:09

. replace q4_2_4 = 5 if ustrtrim(q4_2_4_raw) == "5"
(53 real changes made)
r; t=0.00 20:00:09

. replace q4_2_4 = .r if ustrtrim(q4_2_4_raw) == "-99"
(0 real changes made)
r; t=0.00 20:00:09

. replace q4_2_4 = .d if ustrtrim(q4_2_4_raw) == "6"
(1 real change made, 1 to missing)
r; t=0.00 20:00:09

. replace q4_2_4 = .u if q4_2_4 == . & !missing(ustrtrim(q4_2_4_raw))
(0 real changes made)
r; t=0.00 20:00:09

. replace qc_unknown_codes = qc_unknown_codes + (q4_2_4 == .u)
(0 real changes made)
r; t=0.00 20:00:09

. label values q4_2_4 vl_agree5
r; t=0.00 20:00:09

. label variable q4_2_4 "Gen-Z protest cause: Rising cost of living"
r; t=0.00 20:00:09

. char q4_2_4[source_name] "q4_2_4"
r; t=0.00 20:00:09

. char q4_2_4[question_en] "4.2.4 Rising cost of living is the reason behind Gen-Z protest in Nepal."
r; t=0.00 20:00:09

. char q4_2_4[question_ne] "४.२.४ बढ्दो महंगी  नेपालमा Gen-Z आन्दोलन हुनुको कारण हो।"
r; t=0.00 20:00:09

. notes q4_2_4: 4.2.4 Rising cost of living is the reason behind Gen-Z protest in Nepal.
r; t=0.00 20:00:09

. notes q4_2_4: .r = refusal; .d = explicit do not know; .u = unresolved source code. Mixed uncertainty categories retain
>  source codes. See q4_2_4_raw for original code.
r; t=0.00 20:00:09

. order q4_2_4, before(q4_2_4_raw)
r; t=0.00 20:00:09

. label variable q4_2_4_raw "Original code: q4_2_4"
r; t=0.00 20:00:09

. 
. * q4_2_5: agree5
. rename q4_2_5 q4_2_5_raw
r; t=0.00 20:00:09

. generate double q4_2_5 = .
(884 missing values generated)
r; t=0.00 20:00:09

. replace q4_2_5 = 1 if ustrtrim(q4_2_5_raw) == "1"
(435 real changes made)
r; t=0.00 20:00:09

. replace q4_2_5 = 2 if ustrtrim(q4_2_5_raw) == "2"
(359 real changes made)
r; t=0.00 20:00:09

. replace q4_2_5 = 3 if ustrtrim(q4_2_5_raw) == "3"
(59 real changes made)
r; t=0.00 20:00:09

. replace q4_2_5 = 4 if ustrtrim(q4_2_5_raw) == "4"
(26 real changes made)
r; t=0.00 20:00:09

. replace q4_2_5 = 5 if ustrtrim(q4_2_5_raw) == "5"
(3 real changes made)
r; t=0.00 20:00:09

. replace q4_2_5 = .r if ustrtrim(q4_2_5_raw) == "-99"
(0 real changes made)
r; t=0.00 20:00:09

. replace q4_2_5 = .d if ustrtrim(q4_2_5_raw) == "6"
(2 real changes made, 2 to missing)
r; t=0.00 20:00:09

. replace q4_2_5 = .u if q4_2_5 == . & !missing(ustrtrim(q4_2_5_raw))
(0 real changes made)
r; t=0.00 20:00:09

. replace qc_unknown_codes = qc_unknown_codes + (q4_2_5 == .u)
(0 real changes made)
r; t=0.00 20:00:09

. label values q4_2_5 vl_agree5
r; t=0.00 20:00:09

. label variable q4_2_5 "Gen-Z protest cause: Distrust of leaders/parties/institutions"
r; t=0.00 20:00:09

. char q4_2_5[source_name] "q4_2_5"
r; t=0.00 20:00:09

. char q4_2_5[question_en] "4.2.5 Lack of trust in political leaders, parties, and government institutions are the reason
> s behind Gen-Z protest in Nepal."
r; t=0.00 20:00:09

. char q4_2_5[question_ne] "४.२.५ राजनीतिक नेता, दल र सरकारी संस्थाप्रतिको विश्वासको कमी नेपालमा Gen-Z आन्दोलन हुनुका कार
> ण हुन्।"
r; t=0.00 20:00:09

. notes q4_2_5: 4.2.5 Lack of trust in political leaders, parties, and government institutions are the reasons behind Gen
> -Z protest in Nepal.
r; t=0.00 20:00:09

. notes q4_2_5: .r = refusal; .d = explicit do not know; .u = unresolved source code. Mixed uncertainty categories retain
>  source codes. See q4_2_5_raw for original code.
r; t=0.00 20:00:09

. order q4_2_5, before(q4_2_5_raw)
r; t=0.00 20:00:09

. label variable q4_2_5_raw "Original code: q4_2_5"
r; t=0.00 20:00:09

. 
. * q4_2_6: agree5
. rename q4_2_6 q4_2_6_raw
r; t=0.00 20:00:09

. generate double q4_2_6 = .
(884 missing values generated)
r; t=0.00 20:00:09

. replace q4_2_6 = 1 if ustrtrim(q4_2_6_raw) == "1"
(511 real changes made)
r; t=0.00 20:00:09

. replace q4_2_6 = 2 if ustrtrim(q4_2_6_raw) == "2"
(272 real changes made)
r; t=0.00 20:00:09

. replace q4_2_6 = 3 if ustrtrim(q4_2_6_raw) == "3"
(58 real changes made)
r; t=0.00 20:00:09

. replace q4_2_6 = 4 if ustrtrim(q4_2_6_raw) == "4"
(33 real changes made)
r; t=0.00 20:00:09

. replace q4_2_6 = 5 if ustrtrim(q4_2_6_raw) == "5"
(6 real changes made)
r; t=0.00 20:00:09

. replace q4_2_6 = .r if ustrtrim(q4_2_6_raw) == "-99"
(1 real change made, 1 to missing)
r; t=0.00 20:00:09

. replace q4_2_6 = .d if ustrtrim(q4_2_6_raw) == "6"
(3 real changes made, 3 to missing)
r; t=0.00 20:00:09

. replace q4_2_6 = .u if q4_2_6 == . & !missing(ustrtrim(q4_2_6_raw))
(0 real changes made)
r; t=0.00 20:00:09

. replace qc_unknown_codes = qc_unknown_codes + (q4_2_6 == .u)
(0 real changes made)
r; t=0.00 20:00:09

. label values q4_2_6 vl_agree5
r; t=0.00 20:00:09

. label variable q4_2_6 "Gen-Z protest cause: Nepotism/elite capture"
r; t=0.00 20:00:09

. char q4_2_6[source_name] "q4_2_6"
r; t=0.00 20:00:09

. char q4_2_6[question_en] "4.2.6 Nepotism and elite capture are the reasons behind Gen-Z protest in Nepal."
r; t=0.00 20:00:09

. char q4_2_6[question_ne] "४.२.६ नातावाद र सीमित पहुचयोग्य  वर्गको वर्चस्वनै  नेपालमा Gen-Z आन्दोलन हुनुका कारण हुन्।"
r; t=0.00 20:00:09

. notes q4_2_6: 4.2.6 Nepotism and elite capture are the reasons behind Gen-Z protest in Nepal.
r; t=0.00 20:00:09

. notes q4_2_6: .r = refusal; .d = explicit do not know; .u = unresolved source code. Mixed uncertainty categories retain
>  source codes. See q4_2_6_raw for original code.
r; t=0.00 20:00:09

. order q4_2_6, before(q4_2_6_raw)
r; t=0.00 20:00:09

. label variable q4_2_6_raw "Original code: q4_2_6"
r; t=0.00 20:00:09

. 
. * q4_2_7: agree5
. rename q4_2_7 q4_2_7_raw
r; t=0.00 20:00:09

. generate double q4_2_7 = .
(884 missing values generated)
r; t=0.00 20:00:09

. replace q4_2_7 = 1 if ustrtrim(q4_2_7_raw) == "1"
(452 real changes made)
r; t=0.00 20:00:09

. replace q4_2_7 = 2 if ustrtrim(q4_2_7_raw) == "2"
(259 real changes made)
r; t=0.00 20:00:09

. replace q4_2_7 = 3 if ustrtrim(q4_2_7_raw) == "3"
(101 real changes made)
r; t=0.00 20:00:09

. replace q4_2_7 = 4 if ustrtrim(q4_2_7_raw) == "4"
(58 real changes made)
r; t=0.00 20:00:09

. replace q4_2_7 = 5 if ustrtrim(q4_2_7_raw) == "5"
(12 real changes made)
r; t=0.00 20:00:09

. replace q4_2_7 = .r if ustrtrim(q4_2_7_raw) == "-99"
(0 real changes made)
r; t=0.00 20:00:09

. replace q4_2_7 = .d if ustrtrim(q4_2_7_raw) == "6"
(2 real changes made, 2 to missing)
r; t=0.00 20:00:09

. replace q4_2_7 = .u if q4_2_7 == . & !missing(ustrtrim(q4_2_7_raw))
(0 real changes made)
r; t=0.00 20:00:09

. replace qc_unknown_codes = qc_unknown_codes + (q4_2_7 == .u)
(0 real changes made)
r; t=0.00 20:00:09

. label values q4_2_7 vl_agree5
r; t=0.00 20:00:09

. label variable q4_2_7 "Gen-Z protest cause: Social media ban"
r; t=0.00 20:00:09

. char q4_2_7[source_name] "q4_2_7"
r; t=0.00 20:00:09

. char q4_2_7[question_en] "4.2.7 Sudden ban of social media is the reason behind Gen-Z protest in Nepal."
r; t=0.00 20:00:09

. char q4_2_7[question_ne] "४.२.७ सामाजिक सञ्जालमाथिको अचानक लगाइएको प्रतिबन्ध नेपालमा Gen-Z आन्दोलन हुनुको कारण हो।"
r; t=0.00 20:00:09

. notes q4_2_7: 4.2.7 Sudden ban of social media is the reason behind Gen-Z protest in Nepal.
r; t=0.00 20:00:09

. notes q4_2_7: .r = refusal; .d = explicit do not know; .u = unresolved source code. Mixed uncertainty categories retain
>  source codes. See q4_2_7_raw for original code.
r; t=0.00 20:00:09

. order q4_2_7, before(q4_2_7_raw)
r; t=0.00 20:00:09

. label variable q4_2_7_raw "Original code: q4_2_7"
r; t=0.00 20:00:09

. 
. * q4_2_8: agree5
. rename q4_2_8 q4_2_8_raw
r; t=0.00 20:00:09

. generate double q4_2_8 = .
(884 missing values generated)
r; t=0.00 20:00:09

. replace q4_2_8 = 1 if ustrtrim(q4_2_8_raw) == "1"
(174 real changes made)
r; t=0.00 20:00:09

. replace q4_2_8 = 2 if ustrtrim(q4_2_8_raw) == "2"
(248 real changes made)
r; t=0.00 20:00:09

. replace q4_2_8 = 3 if ustrtrim(q4_2_8_raw) == "3"
(168 real changes made)
r; t=0.00 20:00:09

. replace q4_2_8 = 4 if ustrtrim(q4_2_8_raw) == "4"
(196 real changes made)
r; t=0.00 20:00:09

. replace q4_2_8 = 5 if ustrtrim(q4_2_8_raw) == "5"
(79 real changes made)
r; t=0.00 20:00:09

. replace q4_2_8 = .r if ustrtrim(q4_2_8_raw) == "-99"
(1 real change made, 1 to missing)
r; t=0.00 20:00:09

. replace q4_2_8 = .d if ustrtrim(q4_2_8_raw) == "6"
(18 real changes made, 18 to missing)
r; t=0.00 20:00:09

. replace q4_2_8 = .u if q4_2_8 == . & !missing(ustrtrim(q4_2_8_raw))
(0 real changes made)
r; t=0.00 20:00:09

. replace qc_unknown_codes = qc_unknown_codes + (q4_2_8 == .u)
(0 real changes made)
r; t=0.00 20:00:09

. label values q4_2_8 vl_agree5
r; t=0.00 20:00:09

. label variable q4_2_8 "Gen-Z protest cause: Foreign/external influence"
r; t=0.00 20:00:09

. char q4_2_8[source_name] "q4_2_8"
r; t=0.00 20:00:09

. char q4_2_8[question_en] "4.2.8 External influence or outside forces is the major reason behind Gen-Z protest in Nepal.
> "
r; t=0.00 20:00:09

. char q4_2_8[question_ne] "४.२.८ बाह्य प्रभाव वा बाह्य शक्तिहरू नेपालमा Gen-Z आन्दोलन हुनुको प्रमुख कारण हो।"
r; t=0.00 20:00:09

. notes q4_2_8: 4.2.8 External influence or outside forces is the major reason behind Gen-Z protest in Nepal.
r; t=0.00 20:00:09

. notes q4_2_8: .r = refusal; .d = explicit do not know; .u = unresolved source code. Mixed uncertainty categories retain
>  source codes. See q4_2_8_raw for original code.
r; t=0.00 20:00:09

. order q4_2_8, before(q4_2_8_raw)
r; t=0.00 20:00:09

. label variable q4_2_8_raw "Original code: q4_2_8"
r; t=0.00 20:00:09

. 
. * q4_3: agree5
. rename q4_3 q4_3_raw
r; t=0.00 20:00:09

. generate double q4_3 = .
(884 missing values generated)
r; t=0.00 20:00:09

. replace q4_3 = 1 if ustrtrim(q4_3_raw) == "1"
(432 real changes made)
r; t=0.00 20:00:09

. replace q4_3 = 2 if ustrtrim(q4_3_raw) == "2"
(375 real changes made)
r; t=0.00 20:00:09

. replace q4_3 = 3 if ustrtrim(q4_3_raw) == "3"
(57 real changes made)
r; t=0.00 20:00:09

. replace q4_3 = 4 if ustrtrim(q4_3_raw) == "4"
(11 real changes made)
r; t=0.00 20:00:09

. replace q4_3 = 5 if ustrtrim(q4_3_raw) == "5"
(6 real changes made)
r; t=0.00 20:00:09

. replace q4_3 = .r if ustrtrim(q4_3_raw) == "-99"
(2 real changes made, 2 to missing)
r; t=0.00 20:00:09

. replace q4_3 = .d if ustrtrim(q4_3_raw) == "6"
(1 real change made, 1 to missing)
r; t=0.00 20:00:09

. replace q4_3 = .u if q4_3 == . & !missing(ustrtrim(q4_3_raw))
(0 real changes made)
r; t=0.00 20:00:09

. replace qc_unknown_codes = qc_unknown_codes + (q4_3 == .u)
(0 real changes made)
r; t=0.00 20:00:09

. label values q4_3 vl_agree5
r; t=0.00 20:00:09

. label variable q4_3 "4.3 Gen-Z protest: turning point in political history"
r; t=0.00 20:00:09

. char q4_3[source_name] "q4_3"
r; t=0.00 20:00:09

. char q4_3[question_en] "4.3.  To what extent do you agree that the recent Gen-Z protest represents a turning point in N
> epal’s political history?"
r; t=0.00 20:00:09

. char q4_3[question_ne] "४.३ हालैको Gen-Z आन्दोलनले नेपालको राजनीतिक इतिहासमा एउटा महत्वपूर्ण मोड ल्याएको छ भन्ने कुरामा
>  तपाईं कत्तिको सहमत हुनुहुन्छ?"
r; t=0.00 20:00:09

. notes q4_3: 4.3.  To what extent do you agree that the recent Gen-Z protest represents a turning point in Nepal’s polit
> ical history?
r; t=0.00 20:00:09

. notes q4_3: .r = refusal; .d = explicit do not know; .u = unresolved source code. Mixed uncertainty categories retain s
> ource codes. See q4_3_raw for original code.
r; t=0.00 20:00:09

. order q4_3, before(q4_3_raw)
r; t=0.00 20:00:09

. label variable q4_3_raw "Original code: q4_3"
r; t=0.00 20:00:09

. 
. * q4_4: agree5
. rename q4_4 q4_4_raw
r; t=0.00 20:00:09

. generate double q4_4 = .
(884 missing values generated)
r; t=0.00 20:00:09

. replace q4_4 = 1 if ustrtrim(q4_4_raw) == "1"
(368 real changes made)
r; t=0.00 20:00:09

. replace q4_4 = 2 if ustrtrim(q4_4_raw) == "2"
(434 real changes made)
r; t=0.00 20:00:09

. replace q4_4 = 3 if ustrtrim(q4_4_raw) == "3"
(53 real changes made)
r; t=0.00 20:00:09

. replace q4_4 = 4 if ustrtrim(q4_4_raw) == "4"
(21 real changes made)
r; t=0.00 20:00:09

. replace q4_4 = 5 if ustrtrim(q4_4_raw) == "5"
(4 real changes made)
r; t=0.00 20:00:09

. replace q4_4 = .r if ustrtrim(q4_4_raw) == "-99"
(1 real change made, 1 to missing)
r; t=0.00 20:00:09

. replace q4_4 = .d if ustrtrim(q4_4_raw) == "6"
(3 real changes made, 3 to missing)
r; t=0.00 20:00:09

. replace q4_4 = .u if q4_4 == . & !missing(ustrtrim(q4_4_raw))
(0 real changes made)
r; t=0.00 20:00:09

. replace qc_unknown_codes = qc_unknown_codes + (q4_4 == .u)
(0 real changes made)
r; t=0.00 20:00:09

. label values q4_4 vl_agree5
r; t=0.00 20:00:09

. label variable q4_4 "4.4 Gen-Z protest: greater youth civic/political participation"
r; t=0.00 20:00:09

. char q4_4[source_name] "q4_4"
r; t=0.00 20:00:09

. char q4_4[question_en] "4.4.  To what extent do you agree that the Gen-Z protest has encouraged greater civic and polit
> ical participation among young people? Gen-Z"
r; t=0.00 20:00:09

. char q4_4[question_ne] "४.४ आन्दोलनले युवाहरूको सामाजिक  तथा राजनीतिक सहभागिता बढाउन प्रोत्साहन गरेको छ भन्ने कुरामा तप
> ाईं कत्तिको सहमत हुनुहुन्छ?"
r; t=0.00 20:00:09

. notes q4_4: 4.4.  To what extent do you agree that the Gen-Z protest has encouraged greater civic and political partici
> pation among young people? Gen-Z
r; t=0.00 20:00:09

. notes q4_4: .r = refusal; .d = explicit do not know; .u = unresolved source code. Mixed uncertainty categories retain s
> ource codes. See q4_4_raw for original code.
r; t=0.00 20:00:09

. order q4_4, before(q4_4_raw)
r; t=0.00 20:00:09

. label variable q4_4_raw "Original code: q4_4"
r; t=0.00 20:00:09

. 
. * q4_5: agree5
. rename q4_5 q4_5_raw
r; t=0.00 20:00:09

. generate double q4_5 = .
(884 missing values generated)
r; t=0.00 20:00:09

. replace q4_5 = 1 if ustrtrim(q4_5_raw) == "1"
(269 real changes made)
r; t=0.00 20:00:09

. replace q4_5 = 2 if ustrtrim(q4_5_raw) == "2"
(468 real changes made)
r; t=0.00 20:00:09

. replace q4_5 = 3 if ustrtrim(q4_5_raw) == "3"
(88 real changes made)
r; t=0.00 20:00:09

. replace q4_5 = 4 if ustrtrim(q4_5_raw) == "4"
(42 real changes made)
r; t=0.00 20:00:09

. replace q4_5 = 5 if ustrtrim(q4_5_raw) == "5"
(11 real changes made)
r; t=0.00 20:00:09

. replace q4_5 = .r if ustrtrim(q4_5_raw) == "-99"
(1 real change made, 1 to missing)
r; t=0.00 20:00:09

. replace q4_5 = .d if ustrtrim(q4_5_raw) == "6"
(5 real changes made, 5 to missing)
r; t=0.00 20:00:09

. replace q4_5 = .u if q4_5 == . & !missing(ustrtrim(q4_5_raw))
(0 real changes made)
r; t=0.00 20:00:09

. replace qc_unknown_codes = qc_unknown_codes + (q4_5 == .u)
(0 real changes made)
r; t=0.00 20:00:09

. label values q4_5 vl_agree5
r; t=0.00 20:00:09

. label variable q4_5 "4.5 Gen-Z protest: youth voices included in mainstream politics"
r; t=0.00 20:00:09

. char q4_5[source_name] "q4_5"
r; t=0.00 20:00:09

. char q4_5[question_en] "4.5.  To what extent do you agree Gen-Z protest have led to inclusion of youth voices into main
> stream politics? Gen-Z"
r; t=0.00 20:00:09

. char q4_5[question_ne] "४.५ आन्दोलनले युवाहरूका आवाजलाई मूलधारको राजनीतिमा समेट्न योगदान गरेको छ भन्ने कुरामा तपाईं कत्
> तिको सहमत हुनुहुन्छ?"
r; t=0.00 20:00:09

. notes q4_5: 4.5.  To what extent do you agree Gen-Z protest have led to inclusion of youth voices into mainstream polit
> ics? Gen-Z
r; t=0.00 20:00:09

. notes q4_5: .r = refusal; .d = explicit do not know; .u = unresolved source code. Mixed uncertainty categories retain s
> ource codes. See q4_5_raw for original code.
r; t=0.00 20:00:09

. order q4_5, before(q4_5_raw)
r; t=0.00 20:00:09

. label variable q4_5_raw "Original code: q4_5"
r; t=0.00 20:00:09

. 
. * q4_6: agree5
. rename q4_6 q4_6_raw
r; t=0.00 20:00:09

. generate double q4_6 = .
(884 missing values generated)
r; t=0.00 20:00:09

. replace q4_6 = 1 if ustrtrim(q4_6_raw) == "1"
(382 real changes made)
r; t=0.00 20:00:09

. replace q4_6 = 2 if ustrtrim(q4_6_raw) == "2"
(426 real changes made)
r; t=0.00 20:00:09

. replace q4_6 = 3 if ustrtrim(q4_6_raw) == "3"
(55 real changes made)
r; t=0.00 20:00:09

. replace q4_6 = 4 if ustrtrim(q4_6_raw) == "4"
(12 real changes made)
r; t=0.00 20:00:09

. replace q4_6 = 5 if ustrtrim(q4_6_raw) == "5"
(4 real changes made)
r; t=0.00 20:00:09

. replace q4_6 = .r if ustrtrim(q4_6_raw) == "-99"
(0 real changes made)
r; t=0.00 20:00:09

. replace q4_6 = .d if ustrtrim(q4_6_raw) == "6"
(5 real changes made, 5 to missing)
r; t=0.00 20:00:09

. replace q4_6 = .u if q4_6 == . & !missing(ustrtrim(q4_6_raw))
(0 real changes made)
r; t=0.00 20:00:09

. replace qc_unknown_codes = qc_unknown_codes + (q4_6 == .u)
(0 real changes made)
r; t=0.00 20:00:09

. label values q4_6 vl_agree5
r; t=0.00 20:00:09

. label variable q4_6 "4.6 Gen-Z protest: increased public support for RSP"
r; t=0.00 20:00:09

. char q4_6[source_name] "q4_6"
r; t=0.00 20:00:09

. char q4_6[question_en] "4.6.  To what extent do you agree that the Gen Z protest contributed to the rise of public supp
> ort for the Rastriya Swatantra Party (RSP)? Gen-Z"
r; t=0.00 20:00:09

. char q4_6[question_ne] "४.६ आन्दोलनले हालको बहुमत प्राप्त सरकार प्रति जनसमर्थन बढाउन योगदान गरेको छ भन्ने कुरामा तपाईं 
> कत्तिको सहमत हुनुहुन्छ?"
r; t=0.00 20:00:09

. notes q4_6: 4.6.  To what extent do you agree that the Gen Z protest contributed to the rise of public support for the 
> Rastriya Swatantra Party (RSP)? Gen-Z
r; t=0.00 20:00:09

. notes q4_6: .r = refusal; .d = explicit do not know; .u = unresolved source code. Mixed uncertainty categories retain s
> ource codes. See q4_6_raw for original code.
r; t=0.00 20:00:09

. order q4_6, before(q4_6_raw)
r; t=0.00 20:00:09

. label variable q4_6_raw "Original code: q4_6"
r; t=0.00 20:00:09

. 
. * q4_7: agree5
. rename q4_7 q4_7_raw
r; t=0.00 20:00:09

. generate double q4_7 = .
(884 missing values generated)
r; t=0.00 20:00:09

. replace q4_7 = 1 if ustrtrim(q4_7_raw) == "1"
(251 real changes made)
r; t=0.00 20:00:09

. replace q4_7 = 2 if ustrtrim(q4_7_raw) == "2"
(430 real changes made)
r; t=0.00 20:00:09

. replace q4_7 = 3 if ustrtrim(q4_7_raw) == "3"
(143 real changes made)
r; t=0.00 20:00:09

. replace q4_7 = 4 if ustrtrim(q4_7_raw) == "4"
(36 real changes made)
r; t=0.00 20:00:09

. replace q4_7 = 5 if ustrtrim(q4_7_raw) == "5"
(16 real changes made)
r; t=0.00 20:00:09

. replace q4_7 = .r if ustrtrim(q4_7_raw) == "-99"
(0 real changes made)
r; t=0.00 20:00:09

. replace q4_7 = .d if ustrtrim(q4_7_raw) == "6"
(8 real changes made, 8 to missing)
r; t=0.00 20:00:09

. replace q4_7 = .u if q4_7 == . & !missing(ustrtrim(q4_7_raw))
(0 real changes made)
r; t=0.00 20:00:09

. replace qc_unknown_codes = qc_unknown_codes + (q4_7 == .u)
(0 real changes made)
r; t=0.00 20:00:09

. label values q4_7 vl_agree5
r; t=0.00 20:00:09

. label variable q4_7 "4.7 Current government represents youth interests"
r; t=0.00 20:00:09

. char q4_7[source_name] "q4_7"
r; t=0.00 20:00:09

. char q4_7[question_en] "4.7.  To what extent do you agree that the current government represents the interests of the y
> oung generation in Nepal?"
r; t=0.00 20:00:09

. char q4_7[question_ne] "४.७ हालको सरकारले नेपालका युवापुस्ताको हितको प्रतिनिधित्व गर्छ भन्ने कुरामा तपाईं कत्तिको सहमत 
> हुनुहुन्छ?"
r; t=0.00 20:00:09

. notes q4_7: 4.7.  To what extent do you agree that the current government represents the interests of the young generat
> ion in Nepal?
r; t=0.00 20:00:09

. notes q4_7: .r = refusal; .d = explicit do not know; .u = unresolved source code. Mixed uncertainty categories retain s
> ource codes. See q4_7_raw for original code.
r; t=0.00 20:00:09

. order q4_7, before(q4_7_raw)
r; t=0.00 20:00:09

. label variable q4_7_raw "Original code: q4_7"
r; t=0.00 20:00:09

. 
. * q4_8: agree5
. rename q4_8 q4_8_raw
r; t=0.00 20:00:09

. generate double q4_8 = .
(884 missing values generated)
r; t=0.00 20:00:09

. replace q4_8 = 1 if ustrtrim(q4_8_raw) == "1"
(246 real changes made)
r; t=0.00 20:00:09

. replace q4_8 = 2 if ustrtrim(q4_8_raw) == "2"
(419 real changes made)
r; t=0.00 20:00:09

. replace q4_8 = 3 if ustrtrim(q4_8_raw) == "3"
(149 real changes made)
r; t=0.00 20:00:09

. replace q4_8 = 4 if ustrtrim(q4_8_raw) == "4"
(28 real changes made)
r; t=0.00 20:00:09

. replace q4_8 = 5 if ustrtrim(q4_8_raw) == "5"
(26 real changes made)
r; t=0.00 20:00:09

. replace q4_8 = .r if ustrtrim(q4_8_raw) == "-99"
(0 real changes made)
r; t=0.00 20:00:09

. replace q4_8 = .d if ustrtrim(q4_8_raw) == "6"
(16 real changes made, 16 to missing)
r; t=0.00 20:00:09

. replace q4_8 = .u if q4_8 == . & !missing(ustrtrim(q4_8_raw))
(0 real changes made)
r; t=0.00 20:00:09

. replace qc_unknown_codes = qc_unknown_codes + (q4_8 == .u)
(0 real changes made)
r; t=0.00 20:00:09

. label values q4_8 vl_agree5
r; t=0.00 20:00:09

. label variable q4_8 "4.8 Government will continue to advance youth interests"
r; t=0.00 20:00:09

. char q4_8[source_name] "q4_8"
r; t=0.00 20:00:09

. char q4_8[question_en] "4.8.  To what extent do you agree that the current government will continue to represent and ad
> vance the interest of young people?"
r; t=0.00 20:00:09

. char q4_8[question_ne] "४.८ हालको सरकारले आगामी दिनमा पनि युवाहरूको हितको प्रतिनिधित्व र प्रवर्द्धन गरिरहनेछ भन्ने कुरा
> मा तपाईं कत्तिको सहमत हुनुहुन्छ?"
r; t=0.00 20:00:09

. notes q4_8: 4.8.  To what extent do you agree that the current government will continue to represent and advance the in
> terest of young people?
r; t=0.00 20:00:09

. notes q4_8: .r = refusal; .d = explicit do not know; .u = unresolved source code. Mixed uncertainty categories retain s
> ource codes. See q4_8_raw for original code.
r; t=0.00 20:00:09

. order q4_8, before(q4_8_raw)
r; t=0.00 20:00:09

. label variable q4_8_raw "Original code: q4_8"
r; t=0.00 20:00:09

. 
. * q5_1: south_follow
. rename q5_1 q5_1_raw
r; t=0.00 20:00:09

. generate double q5_1 = .
(884 missing values generated)
r; t=0.00 20:00:09

. replace q5_1 = 1 if ustrtrim(q5_1_raw) == "1"
(77 real changes made)
r; t=0.00 20:00:09

. replace q5_1 = 2 if ustrtrim(q5_1_raw) == "2"
(348 real changes made)
r; t=0.00 20:00:09

. replace q5_1 = 3 if ustrtrim(q5_1_raw) == "3"
(355 real changes made)
r; t=0.00 20:00:09

. replace q5_1 = 4 if ustrtrim(q5_1_raw) == "4"
(103 real changes made)
r; t=0.00 20:00:09

. replace q5_1 = .r if ustrtrim(q5_1_raw) == "-99"
(1 real change made, 1 to missing)
r; t=0.00 20:00:09

. replace q5_1 = .u if q5_1 == . & !missing(ustrtrim(q5_1_raw))
(0 real changes made)
r; t=0.00 20:00:09

. replace qc_unknown_codes = qc_unknown_codes + (q5_1 == .u)
(0 real changes made)
r; t=0.00 20:00:09

. label values q5_1 vl_south_follow
r; t=0.00 20:00:09

. label variable q5_1 "5.1 Attention to protests in other Asian countries"
r; t=0.00 20:00:09

. char q5_1[source_name] "q5_1"
r; t=0.00 20:00:09

. char q5_1[question_en] "5.1.  How closely have you followed Gen-Z or other protests in other Asian countries Indonesia,
>  Bangladesh, Sri Lanka, and India?"
r; t=0.00 20:00:09

. char q5_1[question_ne] "५.१ इन्डोनेसिया, बंगलादेश, श्रीलंका र भारतलगायत अन्य एसियाली देशहरूमा भएका Gen-Z वा अन्य आन्दोल
> नलाई तपाईंले कत्तिको नजिकबाट चासो  राख्नु भएको छ?"
r; t=0.00 20:00:09

. notes q5_1: 5.1.  How closely have you followed Gen-Z or other protests in other Asian countries Indonesia, Bangladesh,
>  Sri Lanka, and India?
r; t=0.00 20:00:09

. notes q5_1: .r = refusal; .d = explicit do not know; .u = unresolved source code. Mixed uncertainty categories retain s
> ource codes. See q5_1_raw for original code.
r; t=0.00 20:00:09

. order q5_1, before(q5_1_raw)
r; t=0.00 20:00:09

. label variable q5_1_raw "Original code: q5_1"
r; t=0.00 20:00:09

. 
. * q5_2_1: agree6
. rename q5_2_1 q5_2_1_raw
r; t=0.00 20:00:09

. generate double q5_2_1 = .
(884 missing values generated)
r; t=0.00 20:00:09

. replace q5_2_1 = 1 if ustrtrim(q5_2_1_raw) == "1"
(258 real changes made)
r; t=0.00 20:00:09

. replace q5_2_1 = 2 if ustrtrim(q5_2_1_raw) == "2"
(476 real changes made)
r; t=0.00 20:00:09

. replace q5_2_1 = 3 if ustrtrim(q5_2_1_raw) == "3"
(60 real changes made)
r; t=0.00 20:00:09

. replace q5_2_1 = 4 if ustrtrim(q5_2_1_raw) == "4"
(25 real changes made)
r; t=0.00 20:00:09

. replace q5_2_1 = 5 if ustrtrim(q5_2_1_raw) == "5"
(5 real changes made)
r; t=0.00 20:00:09

. replace q5_2_1 = .r if ustrtrim(q5_2_1_raw) == "-99"
(1 real change made, 1 to missing)
r; t=0.00 20:00:09

. replace q5_2_1 = .d if ustrtrim(q5_2_1_raw) == "6"
(59 real changes made, 59 to missing)
r; t=0.00 20:00:09

. replace q5_2_1 = .u if q5_2_1 == . & !missing(ustrtrim(q5_2_1_raw))
(0 real changes made)
r; t=0.00 20:00:09

. replace qc_unknown_codes = qc_unknown_codes + (q5_2_1 == .u)
(0 real changes made)
r; t=0.00 20:00:09

. label values q5_2_1 vl_agree6
r; t=0.00 20:00:09

. label variable q5_2_1 "South Asia dissent cause: Governance/corruption/public services"
r; t=0.00 20:00:09

. char q5_2_1[source_name] "q5_2_1"
r; t=0.00 20:00:09

. char q5_2_1[question_en] "5.2.1 Young people in South Asia are expressing their dissent against the existing political 
> regime because of lack good governance, rampant corruption, and poor public service delivery."
r; t=0.00 20:00:09

. char q5_2_1[question_ne] "५.२.१ दक्षिण एसियाका युवाहरूले सुशासनको कमी, व्यापक भ्रष्टाचार र कमजोर सार्वजनिक सेवा प्रवाहक
> ा कारण विद्यमान राजनीतिक व्यवस्थाप्रति असहमति व्यक्त गरिरहेका छन्।"
r; t=0.00 20:00:09

. notes q5_2_1: 5.2.1 Young people in South Asia are expressing their dissent against the existing political regime becau
> se of lack good governance, rampant corruption, and poor public service delivery.
r; t=0.00 20:00:09

. notes q5_2_1: .r = refusal; .d = explicit do not know; .u = unresolved source code. Mixed uncertainty categories retain
>  source codes. See q5_2_1_raw for original code.
r; t=0.00 20:00:09

. order q5_2_1, before(q5_2_1_raw)
r; t=0.00 20:00:09

. label variable q5_2_1_raw "Original code: q5_2_1"
r; t=0.00 20:00:09

. 
. * q5_2_2: agree6
. rename q5_2_2 q5_2_2_raw
r; t=0.00 20:00:09

. generate double q5_2_2 = .
(884 missing values generated)
r; t=0.00 20:00:09

. replace q5_2_2 = 1 if ustrtrim(q5_2_2_raw) == "1"
(241 real changes made)
r; t=0.00 20:00:09

. replace q5_2_2 = 2 if ustrtrim(q5_2_2_raw) == "2"
(481 real changes made)
r; t=0.00 20:00:09

. replace q5_2_2 = 3 if ustrtrim(q5_2_2_raw) == "3"
(64 real changes made)
r; t=0.00 20:00:09

. replace q5_2_2 = 4 if ustrtrim(q5_2_2_raw) == "4"
(25 real changes made)
r; t=0.00 20:00:09

. replace q5_2_2 = 5 if ustrtrim(q5_2_2_raw) == "5"
(7 real changes made)
r; t=0.00 20:00:09

. replace q5_2_2 = .r if ustrtrim(q5_2_2_raw) == "-99"
(2 real changes made, 2 to missing)
r; t=0.00 20:00:09

. replace q5_2_2 = .d if ustrtrim(q5_2_2_raw) == "6"
(64 real changes made, 64 to missing)
r; t=0.00 20:00:09

. replace q5_2_2 = .u if q5_2_2 == . & !missing(ustrtrim(q5_2_2_raw))
(0 real changes made)
r; t=0.00 20:00:09

. replace qc_unknown_codes = qc_unknown_codes + (q5_2_2 == .u)
(0 real changes made)
r; t=0.00 20:00:09

. label values q5_2_2 vl_agree6
r; t=0.00 20:00:09

. label variable q5_2_2 "South Asia dissent cause: Unemployment/economic opportunities"
r; t=0.00 20:00:09

. char q5_2_2[source_name] "q5_2_2"
r; t=0.00 20:00:09

. char q5_2_2[question_en] "5.2.2 Young people in South Asia are expressing their dissent against the existing political 
> regime because of unemployment and lack of economic opportunities."
r; t=0.00 20:00:09

. char q5_2_2[question_ne] "५.२.२ दक्षिण एसियाका युवाहरूले बेरोजगारी र आर्थिक अवसरको कमीका कारण विद्यमान राजनीतिक व्यवस्थ
> ाप्रति असहमति व्यक्त गरिरहेका छन्।"
r; t=0.00 20:00:09

. notes q5_2_2: 5.2.2 Young people in South Asia are expressing their dissent against the existing political regime becau
> se of unemployment and lack of economic opportunities.
r; t=0.00 20:00:09

. notes q5_2_2: .r = refusal; .d = explicit do not know; .u = unresolved source code. Mixed uncertainty categories retain
>  source codes. See q5_2_2_raw for original code.
r; t=0.00 20:00:09

. order q5_2_2, before(q5_2_2_raw)
r; t=0.00 20:00:09

. label variable q5_2_2_raw "Original code: q5_2_2"
r; t=0.00 20:00:09

. 
. * q5_2_3: agree6
. rename q5_2_3 q5_2_3_raw
r; t=0.00 20:00:09

. generate double q5_2_3 = .
(884 missing values generated)
r; t=0.00 20:00:09

. replace q5_2_3 = 1 if ustrtrim(q5_2_3_raw) == "1"
(276 real changes made)
r; t=0.00 20:00:09

. replace q5_2_3 = 2 if ustrtrim(q5_2_3_raw) == "2"
(419 real changes made)
r; t=0.00 20:00:09

. replace q5_2_3 = 3 if ustrtrim(q5_2_3_raw) == "3"
(83 real changes made)
r; t=0.00 20:00:09

. replace q5_2_3 = 4 if ustrtrim(q5_2_3_raw) == "4"
(20 real changes made)
r; t=0.00 20:00:09

. replace q5_2_3 = 5 if ustrtrim(q5_2_3_raw) == "5"
(4 real changes made)
r; t=0.00 20:00:09

. replace q5_2_3 = .r if ustrtrim(q5_2_3_raw) == "-99"
(2 real changes made, 2 to missing)
r; t=0.00 20:00:09

. replace q5_2_3 = .d if ustrtrim(q5_2_3_raw) == "6"
(80 real changes made, 80 to missing)
r; t=0.00 20:00:09

. replace q5_2_3 = .u if q5_2_3 == . & !missing(ustrtrim(q5_2_3_raw))
(0 real changes made)
r; t=0.00 20:00:09

. replace qc_unknown_codes = qc_unknown_codes + (q5_2_3 == .u)
(0 real changes made)
r; t=0.00 20:00:09

. label values q5_2_3 vl_agree6
r; t=0.00 20:00:09

. label variable q5_2_3 "South Asia dissent cause: Distrust of leaders/parties/institutions"
r; t=0.00 20:00:09

. char q5_2_3[source_name] "q5_2_3"
r; t=0.00 20:00:09

. char q5_2_3[question_en] "5.2.3 Young people in South Asia are expressing their dissent against the existing political 
> regime because of lack of trust in political leaders, political parties, and government institutions"
r; t=0.00 20:00:09

. char q5_2_3[question_ne] "५.२.३ दक्षिण एसियाका युवाहरूले राजनीतिक नेता, दल र सरकारी संस्थाप्रतिको विश्वासको कमीका कारण 
> विद्यमान राजनीतिक व्यवस्थाप्रति असहमति व्यक्त गरिरहेका छन्।"
r; t=0.00 20:00:09

. notes q5_2_3: 5.2.3 Young people in South Asia are expressing their dissent against the existing political regime becau
> se of lack of trust in political leaders, political parties, and government institutions
r; t=0.00 20:00:09

. notes q5_2_3: .r = refusal; .d = explicit do not know; .u = unresolved source code. Mixed uncertainty categories retain
>  source codes. See q5_2_3_raw for original code.
r; t=0.00 20:00:09

. order q5_2_3, before(q5_2_3_raw)
r; t=0.00 20:00:09

. label variable q5_2_3_raw "Original code: q5_2_3"
r; t=0.00 20:00:09

. 
. * q5_2_4: agree6
. rename q5_2_4 q5_2_4_raw
r; t=0.00 20:00:09

. generate double q5_2_4 = .
(884 missing values generated)
r; t=0.00 20:00:09

. replace q5_2_4 = 1 if ustrtrim(q5_2_4_raw) == "1"
(178 real changes made)
r; t=0.00 20:00:09

. replace q5_2_4 = 2 if ustrtrim(q5_2_4_raw) == "2"
(378 real changes made)
r; t=0.00 20:00:09

. replace q5_2_4 = 3 if ustrtrim(q5_2_4_raw) == "3"
(148 real changes made)
r; t=0.00 20:00:09

. replace q5_2_4 = 4 if ustrtrim(q5_2_4_raw) == "4"
(71 real changes made)
r; t=0.00 20:00:09

. replace q5_2_4 = 5 if ustrtrim(q5_2_4_raw) == "5"
(15 real changes made)
r; t=0.00 20:00:09

. replace q5_2_4 = .r if ustrtrim(q5_2_4_raw) == "-99"
(4 real changes made, 4 to missing)
r; t=0.00 20:00:09

. replace q5_2_4 = .d if ustrtrim(q5_2_4_raw) == "6"
(90 real changes made, 90 to missing)
r; t=0.00 20:00:09

. replace q5_2_4 = .u if q5_2_4 == . & !missing(ustrtrim(q5_2_4_raw))
(0 real changes made)
r; t=0.00 20:00:09

. replace qc_unknown_codes = qc_unknown_codes + (q5_2_4 == .u)
(0 real changes made)
r; t=0.00 20:00:09

. label values q5_2_4 vl_agree6
r; t=0.00 20:00:09

. label variable q5_2_4 "South Asia dissent cause: Political exclusion"
r; t=0.00 20:00:09

. char q5_2_4[source_name] "q5_2_4"
r; t=0.00 20:00:09

. char q5_2_4[question_en] "5.2.4 Young people in South Asia are expressing their dissent against the existing political 
> regime because of their exclusion from politics."
r; t=0.00 20:00:09

. char q5_2_4[question_ne] "५.२.४ दक्षिण एसियाका युवाहरूले राजनीतिबाट आफूहरू बहिष्कृत भएको कारण विद्यमान राजनीतिक व्यवस्थ
> ाप्रति असहमति व्यक्त गरिरहेका छन्।"
r; t=0.00 20:00:09

. notes q5_2_4: 5.2.4 Young people in South Asia are expressing their dissent against the existing political regime becau
> se of their exclusion from politics.
r; t=0.00 20:00:09

. notes q5_2_4: .r = refusal; .d = explicit do not know; .u = unresolved source code. Mixed uncertainty categories retain
>  source codes. See q5_2_4_raw for original code.
r; t=0.00 20:00:09

. order q5_2_4, before(q5_2_4_raw)
r; t=0.00 20:00:09

. label variable q5_2_4_raw "Original code: q5_2_4"
r; t=0.00 20:00:09

. 
. * q5_2_5: agree6
. rename q5_2_5 q5_2_5_raw
r; t=0.00 20:00:09

. generate double q5_2_5 = .
(884 missing values generated)
r; t=0.00 20:00:09

. replace q5_2_5 = 1 if ustrtrim(q5_2_5_raw) == "1"
(233 real changes made)
r; t=0.00 20:00:09

. replace q5_2_5 = 2 if ustrtrim(q5_2_5_raw) == "2"
(442 real changes made)
r; t=0.00 20:00:09

. replace q5_2_5 = 3 if ustrtrim(q5_2_5_raw) == "3"
(87 real changes made)
r; t=0.00 20:00:09

. replace q5_2_5 = 4 if ustrtrim(q5_2_5_raw) == "4"
(35 real changes made)
r; t=0.00 20:00:09

. replace q5_2_5 = 5 if ustrtrim(q5_2_5_raw) == "5"
(5 real changes made)
r; t=0.00 20:00:09

. replace q5_2_5 = .r if ustrtrim(q5_2_5_raw) == "-99"
(3 real changes made, 3 to missing)
r; t=0.00 20:00:09

. replace q5_2_5 = .d if ustrtrim(q5_2_5_raw) == "6"
(79 real changes made, 79 to missing)
r; t=0.00 20:00:09

. replace q5_2_5 = .u if q5_2_5 == . & !missing(ustrtrim(q5_2_5_raw))
(0 real changes made)
r; t=0.00 20:00:09

. replace qc_unknown_codes = qc_unknown_codes + (q5_2_5 == .u)
(0 real changes made)
r; t=0.00 20:00:09

. label values q5_2_5 vl_agree6
r; t=0.00 20:00:09

. label variable q5_2_5 "South Asia dissent cause: Nepotism/elite capture"
r; t=0.00 20:00:09

. char q5_2_5[source_name] "q5_2_5"
r; t=0.00 20:00:09

. char q5_2_5[question_en] "5.2.5 Young people in South Asia are expressing their dissent against the existing political 
> regime because of nepotism and elite capture."
r; t=0.00 20:00:09

. char q5_2_5[question_ne] "५.२.५ दक्षिण एसियाका युवाहरूले नातावाद र पहुँचयोग्य वर्गको वर्चस्व  कारण विद्यमान राजनीतिक व्
> यवस्थाप्रति असहमति व्यक्त गरिरहेका छन्।"
r; t=0.00 20:00:09

. notes q5_2_5: 5.2.5 Young people in South Asia are expressing their dissent against the existing political regime becau
> se of nepotism and elite capture.
r; t=0.00 20:00:09

. notes q5_2_5: .r = refusal; .d = explicit do not know; .u = unresolved source code. Mixed uncertainty categories retain
>  source codes. See q5_2_5_raw for original code.
r; t=0.00 20:00:09

. order q5_2_5, before(q5_2_5_raw)
r; t=0.00 20:00:09

. label variable q5_2_5_raw "Original code: q5_2_5"
r; t=0.00 20:00:09

. 
. * q5_2_6: agree6
. rename q5_2_6 q5_2_6_raw
r; t=0.00 20:00:09

. generate double q5_2_6 = .
(884 missing values generated)
r; t=0.00 20:00:09

. replace q5_2_6 = 1 if ustrtrim(q5_2_6_raw) == "1"
(153 real changes made)
r; t=0.00 20:00:09

. replace q5_2_6 = 2 if ustrtrim(q5_2_6_raw) == "2"
(396 real changes made)
r; t=0.00 20:00:09

. replace q5_2_6 = 3 if ustrtrim(q5_2_6_raw) == "3"
(152 real changes made)
r; t=0.00 20:00:09

. replace q5_2_6 = 4 if ustrtrim(q5_2_6_raw) == "4"
(76 real changes made)
r; t=0.00 20:00:09

. replace q5_2_6 = 5 if ustrtrim(q5_2_6_raw) == "5"
(13 real changes made)
r; t=0.00 20:00:09

. replace q5_2_6 = .r if ustrtrim(q5_2_6_raw) == "-99"
(3 real changes made, 3 to missing)
r; t=0.00 20:00:09

. replace q5_2_6 = .d if ustrtrim(q5_2_6_raw) == "6"
(91 real changes made, 91 to missing)
r; t=0.00 20:00:09

. replace q5_2_6 = .u if q5_2_6 == . & !missing(ustrtrim(q5_2_6_raw))
(0 real changes made)
r; t=0.00 20:00:09

. replace qc_unknown_codes = qc_unknown_codes + (q5_2_6 == .u)
(0 real changes made)
r; t=0.00 20:00:09

. label values q5_2_6 vl_agree6
r; t=0.00 20:00:09

. label variable q5_2_6 "South Asia dissent cause: Foreign/external influence"
r; t=0.00 20:00:09

. char q5_2_6[source_name] "q5_2_6"
r; t=0.00 20:00:09

. char q5_2_6[question_en] "5.2.6 Young people in South Asia are expressing their dissent against the existing political 
> regime because of external or outside influence."
r; t=0.00 20:00:09

. char q5_2_6[question_ne] "५.२.६ दक्षिण एसियाका युवाहरूले बाह्य प्रभावका कारण विद्यमान राजनीतिक व्यवस्थाप्रति असहमति व्य
> क्त गरिरहेका छन्।"
r; t=0.00 20:00:09

. notes q5_2_6: 5.2.6 Young people in South Asia are expressing their dissent against the existing political regime becau
> se of external or outside influence.
r; t=0.00 20:00:09

. notes q5_2_6: .r = refusal; .d = explicit do not know; .u = unresolved source code. Mixed uncertainty categories retain
>  source codes. See q5_2_6_raw for original code.
r; t=0.01 20:00:09

. order q5_2_6, before(q5_2_6_raw)
r; t=0.00 20:00:09

. label variable q5_2_6_raw "Original code: q5_2_6"
r; t=0.00 20:00:09

. 
. * q5_3: agree5
. rename q5_3 q5_3_raw
r; t=0.00 20:00:09

. generate double q5_3 = .
(884 missing values generated)
r; t=0.00 20:00:09

. replace q5_3 = 1 if ustrtrim(q5_3_raw) == "1"
(267 real changes made)
r; t=0.00 20:00:09

. replace q5_3 = 2 if ustrtrim(q5_3_raw) == "2"
(381 real changes made)
r; t=0.00 20:00:09

. replace q5_3 = 3 if ustrtrim(q5_3_raw) == "3"
(111 real changes made)
r; t=0.00 20:00:09

. replace q5_3 = 4 if ustrtrim(q5_3_raw) == "4"
(75 real changes made)
r; t=0.00 20:00:09

. replace q5_3 = 5 if ustrtrim(q5_3_raw) == "5"
(25 real changes made)
r; t=0.00 20:00:09

. replace q5_3 = .r if ustrtrim(q5_3_raw) == "-99"
(1 real change made, 1 to missing)
r; t=0.00 20:00:09

. replace q5_3 = .d if ustrtrim(q5_3_raw) == "6"
(24 real changes made, 24 to missing)
r; t=0.00 20:00:09

. replace q5_3 = .u if q5_3 == . & !missing(ustrtrim(q5_3_raw))
(0 real changes made)
r; t=0.00 20:00:09

. replace qc_unknown_codes = qc_unknown_codes + (q5_3 == .u)
(0 real changes made)
r; t=0.00 20:00:09

. label values q5_3 vl_agree5
r; t=0.00 20:00:09

. label variable q5_3 "5.3 Protests in one country encourage others in South Asia"
r; t=0.00 20:00:09

. char q5_3[source_name] "q5_3"
r; t=0.00 20:00:09

. char q5_3[question_en] "5.3. To what extent do you agree with the following statement? Protest in one country has encou
> raged protests in other countries in South Asia."
r; t=0.00 20:00:09

. char q5_3[question_ne] "५.३ तलका भनाइहरूसँग तपाईं कत्तिको सहमत हुनुहुन्छ? एउटा देशमा भएको आन्दोलनले दक्षिण एसियाका अन्य
>  देशहरूमा पनि आन्दोलन गर्न प्रोत्साहन गरेको छ।"
r; t=0.00 20:00:09

. notes q5_3: 5.3. To what extent do you agree with the following statement? Protest in one country has encouraged protes
> ts in other countries in South Asia.
r; t=0.00 20:00:09

. notes q5_3: .r = refusal; .d = explicit do not know; .u = unresolved source code. Mixed uncertainty categories retain s
> ource codes. See q5_3_raw for original code.
r; t=0.00 20:00:09

. order q5_3, before(q5_3_raw)
r; t=0.00 20:00:09

. label variable q5_3_raw "Original code: q5_3"
r; t=0.00 20:00:09

. 
. * q5_4: south_stability
. rename q5_4 q5_4_raw
r; t=0.00 20:00:09

. generate double q5_4 = .
(884 missing values generated)
r; t=0.00 20:00:09

. replace q5_4 = 1 if ustrtrim(q5_4_raw) == "1"
(25 real changes made)
r; t=0.00 20:00:09

. replace q5_4 = 2 if ustrtrim(q5_4_raw) == "2"
(388 real changes made)
r; t=0.00 20:00:09

. replace q5_4 = 3 if ustrtrim(q5_4_raw) == "3"
(197 real changes made)
r; t=0.00 20:00:09

. replace q5_4 = 4 if ustrtrim(q5_4_raw) == "4"
(183 real changes made)
r; t=0.00 20:00:09

. replace q5_4 = 5 if ustrtrim(q5_4_raw) == "5"
(22 real changes made)
r; t=0.00 20:00:09

. replace q5_4 = .d if ustrtrim(q5_4_raw) == "6"
(69 real changes made, 69 to missing)
r; t=0.00 20:00:09

. replace q5_4 = .u if q5_4 == . & !missing(ustrtrim(q5_4_raw))
(0 real changes made)
r; t=0.00 20:00:09

. replace qc_unknown_codes = qc_unknown_codes + (q5_4 == .u)
(0 real changes made)
r; t=0.00 20:00:09

. label values q5_4 vl_south_stability
r; t=0.00 20:00:09

. label variable q5_4 "5.4 Political stability of South Asia today"
r; t=0.00 20:00:09

. char q5_4[source_name] "q5_4"
r; t=0.00 20:00:09

. char q5_4[question_en] "5.4.  How would you rate the political stability of the entire South Asian region today?"
r; t=0.00 20:00:09

. char q5_4[question_ne] "५.४ आजको अवस्थामा समग्र दक्षिण एसियाली क्षेत्रको राजनीतिक स्थिरतालाई तपाईं कसरी मूल्याङ्कन गर्न
> ुहुन्छ?"
r; t=0.00 20:00:09

. notes q5_4: 5.4.  How would you rate the political stability of the entire South Asian region today?
r; t=0.00 20:00:09

. notes q5_4: .r = refusal; .d = explicit do not know; .u = unresolved source code. Mixed uncertainty categories retain s
> ource codes. See q5_4_raw for original code.
r; t=0.00 20:00:09

. order q5_4, before(q5_4_raw)
r; t=0.00 20:00:09

. label variable q5_4_raw "Original code: q5_4"
r; t=0.00 20:00:09

. 
. * q5_5: optimism
. rename q5_5 q5_5_raw
r; t=0.00 20:00:09

. generate double q5_5 = .
(884 missing values generated)
r; t=0.00 20:00:09

. replace q5_5 = 1 if ustrtrim(q5_5_raw) == "1"
(59 real changes made)
r; t=0.00 20:00:09

. replace q5_5 = 2 if ustrtrim(q5_5_raw) == "2"
(546 real changes made)
r; t=0.00 20:00:09

. replace q5_5 = 3 if ustrtrim(q5_5_raw) == "3"
(132 real changes made)
r; t=0.00 20:00:09

. replace q5_5 = 4 if ustrtrim(q5_5_raw) == "4"
(42 real changes made)
r; t=0.00 20:00:09

. replace q5_5 = 5 if ustrtrim(q5_5_raw) == "5"
(25 real changes made)
r; t=0.00 20:00:09

. replace q5_5 = .d if ustrtrim(q5_5_raw) == "6"
(80 real changes made, 80 to missing)
r; t=0.00 20:00:09

. replace q5_5 = .u if q5_5 == . & !missing(ustrtrim(q5_5_raw))
(0 real changes made)
r; t=0.00 20:00:09

. replace qc_unknown_codes = qc_unknown_codes + (q5_5 == .u)
(0 real changes made)
r; t=0.00 20:00:09

. label values q5_5 vl_optimism
r; t=0.00 20:00:09

. label variable q5_5 "5.5 Optimism for South Asian stability over next five years"
r; t=0.00 20:00:09

. char q5_5[source_name] "q5_5"
r; t=0.00 20:00:09

. char q5_5[question_en] "5.5.  Overall, how optimistic are you about political stability in South Asia over the next fiv
> e years?"
r; t=0.00 20:00:09

. char q5_5[question_ne] "५.५ समग्रमा, आगामी पाँच वर्षमा दक्षिण एसियाली क्षेत्रको राजनीतिक स्थिरताबारे तपाईं कत्तिको आशाव
> ादी हुनुहुन्छ?"
r; t=0.00 20:00:09

. notes q5_5: 5.5.  Overall, how optimistic are you about political stability in South Asia over the next five years?
r; t=0.00 20:00:09

. notes q5_5: .r = refusal; .d = explicit do not know; .u = unresolved source code. Mixed uncertainty categories retain s
> ource codes. See q5_5_raw for original code.
r; t=0.00 20:00:09

. order q5_5, before(q5_5_raw)
r; t=0.00 20:00:09

. label variable q5_5_raw "Original code: q5_5"
r; t=0.00 20:00:09

. 
. * q5_6_1: agree5
. rename q5_6_1 q5_6_1_raw
r; t=0.00 20:00:09

. generate double q5_6_1 = .
(884 missing values generated)
r; t=0.00 20:00:09

. replace q5_6_1 = 1 if ustrtrim(q5_6_1_raw) == "1"
(310 real changes made)
r; t=0.00 20:00:09

. replace q5_6_1 = 2 if ustrtrim(q5_6_1_raw) == "2"
(459 real changes made)
r; t=0.00 20:00:09

. replace q5_6_1 = 3 if ustrtrim(q5_6_1_raw) == "3"
(67 real changes made)
r; t=0.00 20:00:09

. replace q5_6_1 = 4 if ustrtrim(q5_6_1_raw) == "4"
(13 real changes made)
r; t=0.00 20:00:09

. replace q5_6_1 = 5 if ustrtrim(q5_6_1_raw) == "5"
(3 real changes made)
r; t=0.00 20:00:09

. replace q5_6_1 = .r if ustrtrim(q5_6_1_raw) == "-99"
(1 real change made, 1 to missing)
r; t=0.00 20:00:09

. replace q5_6_1 = .d if ustrtrim(q5_6_1_raw) == "6"
(31 real changes made, 31 to missing)
r; t=0.00 20:00:09

. replace q5_6_1 = .u if q5_6_1 == . & !missing(ustrtrim(q5_6_1_raw))
(0 real changes made)
r; t=0.00 20:00:09

. replace qc_unknown_codes = qc_unknown_codes + (q5_6_1 == .u)
(0 real changes made)
r; t=0.00 20:00:09

. label values q5_6_1 vl_agree5
r; t=0.00 20:00:09

. label variable q5_6_1 "South Asia stability risk: Corruption/lack of accountability"
r; t=0.00 20:00:09

. char q5_6_1[source_name] "q5_6_1"
r; t=0.00 20:00:09

. char q5_6_1[question_en] "5.6.1. Corruption/ lack of accountability poses a great risk to political stability in South 
> Asia"
r; t=0.00 20:00:09

. char q5_6_1[question_ne] "५.६.१ भ्रष्टाचार/जवाफदेहिताको कमीले भविष्यमा दक्षिण एसियाली क्षेत्रको  राजनीतिक स्थिरतामा ठूल
> ो जोखिम निम्त्याउन सक्छ"
r; t=0.00 20:00:09

. notes q5_6_1: 5.6.1. Corruption/ lack of accountability poses a great risk to political stability in South Asia
r; t=0.00 20:00:09

. notes q5_6_1: .r = refusal; .d = explicit do not know; .u = unresolved source code. Mixed uncertainty categories retain
>  source codes. See q5_6_1_raw for original code.
r; t=0.00 20:00:09

. order q5_6_1, before(q5_6_1_raw)
r; t=0.00 20:00:09

. label variable q5_6_1_raw "Original code: q5_6_1"
r; t=0.00 20:00:09

. 
. * q5_6_2: agree5
. rename q5_6_2 q5_6_2_raw
r; t=0.00 20:00:09

. generate double q5_6_2 = .
(884 missing values generated)
r; t=0.00 20:00:09

. replace q5_6_2 = 1 if ustrtrim(q5_6_2_raw) == "1"
(293 real changes made)
r; t=0.00 20:00:09

. replace q5_6_2 = 2 if ustrtrim(q5_6_2_raw) == "2"
(475 real changes made)
r; t=0.00 20:00:09

. replace q5_6_2 = 3 if ustrtrim(q5_6_2_raw) == "3"
(67 real changes made)
r; t=0.00 20:00:09

. replace q5_6_2 = 4 if ustrtrim(q5_6_2_raw) == "4"
(17 real changes made)
r; t=0.00 20:00:09

. replace q5_6_2 = 5 if ustrtrim(q5_6_2_raw) == "5"
(1 real change made)
r; t=0.00 20:00:09

. replace q5_6_2 = .r if ustrtrim(q5_6_2_raw) == "-99"
(1 real change made, 1 to missing)
r; t=0.00 20:00:09

. replace q5_6_2 = .d if ustrtrim(q5_6_2_raw) == "6"
(30 real changes made, 30 to missing)
r; t=0.00 20:00:09

. replace q5_6_2 = .u if q5_6_2 == . & !missing(ustrtrim(q5_6_2_raw))
(0 real changes made)
r; t=0.00 20:00:09

. replace qc_unknown_codes = qc_unknown_codes + (q5_6_2 == .u)
(0 real changes made)
r; t=0.00 20:00:09

. label values q5_6_2 vl_agree5
r; t=0.00 20:00:09

. label variable q5_6_2 "South Asia stability risk: Unemployment/economic opportunities"
r; t=0.00 20:00:09

. char q5_6_2[source_name] "q5_6_2"
r; t=0.00 20:00:09

. char q5_6_2[question_en] "5.6.2 Unemployment and lack of economic opportunities pose a great risk to political stabilit
> y in South Asia."
r; t=0.00 20:00:09

. char q5_6_2[question_ne] "५.६.२ बेरोजगारी र आर्थिक अवसरको कमीले भविष्यमा दक्षिण एसियाली क्षेत्रको राजनीतिक स्थिरतामा ठू
> लो जोखिम निम्त्याउन सक्छ"
r; t=0.00 20:00:09

. notes q5_6_2: 5.6.2 Unemployment and lack of economic opportunities pose a great risk to political stability in South A
> sia.
r; t=0.00 20:00:09

. notes q5_6_2: .r = refusal; .d = explicit do not know; .u = unresolved source code. Mixed uncertainty categories retain
>  source codes. See q5_6_2_raw for original code.
r; t=0.00 20:00:09

. order q5_6_2, before(q5_6_2_raw)
r; t=0.00 20:00:09

. label variable q5_6_2_raw "Original code: q5_6_2"
r; t=0.00 20:00:09

. 
. * q5_6_3: agree5
. rename q5_6_3 q5_6_3_raw
r; t=0.00 20:00:09

. generate double q5_6_3 = .
(884 missing values generated)
r; t=0.00 20:00:09

. replace q5_6_3 = 1 if ustrtrim(q5_6_3_raw) == "1"
(240 real changes made)
r; t=0.00 20:00:09

. replace q5_6_3 = 2 if ustrtrim(q5_6_3_raw) == "2"
(481 real changes made)
r; t=0.00 20:00:09

. replace q5_6_3 = 3 if ustrtrim(q5_6_3_raw) == "3"
(105 real changes made)
r; t=0.00 20:00:09

. replace q5_6_3 = 4 if ustrtrim(q5_6_3_raw) == "4"
(20 real changes made)
r; t=0.00 20:00:09

. replace q5_6_3 = 5 if ustrtrim(q5_6_3_raw) == "5"
(2 real changes made)
r; t=0.00 20:00:09

. replace q5_6_3 = .r if ustrtrim(q5_6_3_raw) == "-99"
(0 real changes made)
r; t=0.00 20:00:09

. replace q5_6_3 = .d if ustrtrim(q5_6_3_raw) == "6"
(36 real changes made, 36 to missing)
r; t=0.00 20:00:09

. replace q5_6_3 = .u if q5_6_3 == . & !missing(ustrtrim(q5_6_3_raw))
(0 real changes made)
r; t=0.00 20:00:09

. replace qc_unknown_codes = qc_unknown_codes + (q5_6_3 == .u)
(0 real changes made)
r; t=0.00 20:00:09

. label values q5_6_3 vl_agree5
r; t=0.00 20:00:09

. label variable q5_6_3 "South Asia stability risk: Political exclusion"
r; t=0.00 20:00:09

. char q5_6_3[source_name] "q5_6_3"
r; t=0.00 20:00:09

. char q5_6_3[question_en] "5.6.3 Political exclusion of certain groups poses a great risk to political stability in Sout
> h Asia."
r; t=0.00 20:00:09

. char q5_6_3[question_ne] "५.६.३ सरकारी संयत्रमा समावेशिताको कमिले भविष्यमा दक्षिण एसियाली क्षेत्रको राजनीतिक स्थिरतामा 
> ठूलो जोखिम निम्त्याउन सक्छ"
r; t=0.00 20:00:09

. notes q5_6_3: 5.6.3 Political exclusion of certain groups poses a great risk to political stability in South Asia.
r; t=0.00 20:00:09

. notes q5_6_3: .r = refusal; .d = explicit do not know; .u = unresolved source code. Mixed uncertainty categories retain
>  source codes. See q5_6_3_raw for original code.
r; t=0.00 20:00:09

. order q5_6_3, before(q5_6_3_raw)
r; t=0.00 20:00:09

. label variable q5_6_3_raw "Original code: q5_6_3"
r; t=0.00 20:00:09

. 
. * q5_6_4: agree5
. rename q5_6_4 q5_6_4_raw
r; t=0.00 20:00:09

. generate double q5_6_4 = .
(884 missing values generated)
r; t=0.00 20:00:09

. replace q5_6_4 = 1 if ustrtrim(q5_6_4_raw) == "1"
(258 real changes made)
r; t=0.00 20:00:09

. replace q5_6_4 = 2 if ustrtrim(q5_6_4_raw) == "2"
(462 real changes made)
r; t=0.00 20:00:09

. replace q5_6_4 = 3 if ustrtrim(q5_6_4_raw) == "3"
(109 real changes made)
r; t=0.00 20:00:09

. replace q5_6_4 = 4 if ustrtrim(q5_6_4_raw) == "4"
(21 real changes made)
r; t=0.00 20:00:09

. replace q5_6_4 = 5 if ustrtrim(q5_6_4_raw) == "5"
(6 real changes made)
r; t=0.00 20:00:09

. replace q5_6_4 = .r if ustrtrim(q5_6_4_raw) == "-99"
(0 real changes made)
r; t=0.00 20:00:09

. replace q5_6_4 = .d if ustrtrim(q5_6_4_raw) == "6"
(28 real changes made, 28 to missing)
r; t=0.00 20:00:09

. replace q5_6_4 = .u if q5_6_4 == . & !missing(ustrtrim(q5_6_4_raw))
(0 real changes made)
r; t=0.00 20:00:09

. replace qc_unknown_codes = qc_unknown_codes + (q5_6_4 == .u)
(0 real changes made)
r; t=0.00 20:00:09

. label values q5_6_4 vl_agree5
r; t=0.00 20:00:09

. label variable q5_6_4 "South Asia stability risk: Rising cost of living"
r; t=0.00 20:00:09

. char q5_6_4[source_name] "q5_6_4"
r; t=0.00 20:00:09

. char q5_6_4[question_en] "5.6.4 Rising cost of living poses a great risk to political stability in South Asia."
r; t=0.00 20:00:09

. char q5_6_4[question_ne] "५.६.४ बढ्दो महंगीले भविष्यमा दक्षिण एसियाली क्षेत्रको राजनीतिक स्थिरतामा ठूलो जोखिम निम्त्याउ
> न सक्छ"
r; t=0.00 20:00:09

. notes q5_6_4: 5.6.4 Rising cost of living poses a great risk to political stability in South Asia.
r; t=0.00 20:00:09

. notes q5_6_4: .r = refusal; .d = explicit do not know; .u = unresolved source code. Mixed uncertainty categories retain
>  source codes. See q5_6_4_raw for original code.
r; t=0.00 20:00:09

. order q5_6_4, before(q5_6_4_raw)
r; t=0.00 20:00:09

. label variable q5_6_4_raw "Original code: q5_6_4"
r; t=0.00 20:00:09

. 
. * q5_6_5: agree5
. rename q5_6_5 q5_6_5_raw
r; t=0.00 20:00:09

. generate double q5_6_5 = .
(884 missing values generated)
r; t=0.00 20:00:09

. replace q5_6_5 = 1 if ustrtrim(q5_6_5_raw) == "1"
(252 real changes made)
r; t=0.00 20:00:09

. replace q5_6_5 = 2 if ustrtrim(q5_6_5_raw) == "2"
(451 real changes made)
r; t=0.00 20:00:09

. replace q5_6_5 = 3 if ustrtrim(q5_6_5_raw) == "3"
(127 real changes made)
r; t=0.00 20:00:09

. replace q5_6_5 = 4 if ustrtrim(q5_6_5_raw) == "4"
(23 real changes made)
r; t=0.00 20:00:09

. replace q5_6_5 = 5 if ustrtrim(q5_6_5_raw) == "5"
(2 real changes made)
r; t=0.00 20:00:09

. replace q5_6_5 = .r if ustrtrim(q5_6_5_raw) == "-99"
(0 real changes made)
r; t=0.00 20:00:09

. replace q5_6_5 = .d if ustrtrim(q5_6_5_raw) == "6"
(29 real changes made, 29 to missing)
r; t=0.00 20:00:09

. replace q5_6_5 = .u if q5_6_5 == . & !missing(ustrtrim(q5_6_5_raw))
(0 real changes made)
r; t=0.00 20:00:09

. replace qc_unknown_codes = qc_unknown_codes + (q5_6_5 == .u)
(0 real changes made)
r; t=0.00 20:00:09

. label values q5_6_5 vl_agree5
r; t=0.00 20:00:09

. label variable q5_6_5 "South Asia stability risk: Social media misinformation"
r; t=0.00 20:00:09

. char q5_6_5[source_name] "q5_6_5"
r; t=0.00 20:00:09

. char q5_6_5[question_en] "5.6.5 Misinformation through social media poses a great risk to political stability in South 
> Asia."
r; t=0.00 20:00:09

. char q5_6_5[question_ne] "५.६.५ सामाजिक सञ्जालमार्फत फैलिने गलत/मिथ्य/भ्रामक  सूचनाले भविष्यमा दक्षिण एसियाली क्षेत्रको
>  राजनीतिक स्थिरतामा ठूलो जोखिम निम्त्याउन सक्छ ।"
r; t=0.00 20:00:09

. notes q5_6_5: 5.6.5 Misinformation through social media poses a great risk to political stability in South Asia.
r; t=0.00 20:00:09

. notes q5_6_5: .r = refusal; .d = explicit do not know; .u = unresolved source code. Mixed uncertainty categories retain
>  source codes. See q5_6_5_raw for original code.
r; t=0.00 20:00:09

. order q5_6_5, before(q5_6_5_raw)
r; t=0.00 20:00:09

. label variable q5_6_5_raw "Original code: q5_6_5"
r; t=0.00 20:00:09

. 
. * q5_6_6: agree5
. rename q5_6_6 q5_6_6_raw
r; t=0.00 20:00:09

. generate double q5_6_6 = .
(884 missing values generated)
r; t=0.00 20:00:09

. replace q5_6_6 = 1 if ustrtrim(q5_6_6_raw) == "1"
(214 real changes made)
r; t=0.00 20:00:09

. replace q5_6_6 = 2 if ustrtrim(q5_6_6_raw) == "2"
(438 real changes made)
r; t=0.00 20:00:09

. replace q5_6_6 = 3 if ustrtrim(q5_6_6_raw) == "3"
(140 real changes made)
r; t=0.00 20:00:09

. replace q5_6_6 = 4 if ustrtrim(q5_6_6_raw) == "4"
(47 real changes made)
r; t=0.00 20:00:09

. replace q5_6_6 = 5 if ustrtrim(q5_6_6_raw) == "5"
(6 real changes made)
r; t=0.00 20:00:09

. replace q5_6_6 = .r if ustrtrim(q5_6_6_raw) == "-99"
(0 real changes made)
r; t=0.00 20:00:09

. replace q5_6_6 = .d if ustrtrim(q5_6_6_raw) == "6"
(39 real changes made, 39 to missing)
r; t=0.00 20:00:09

. replace q5_6_6 = .u if q5_6_6 == . & !missing(ustrtrim(q5_6_6_raw))
(0 real changes made)
r; t=0.00 20:00:09

. replace qc_unknown_codes = qc_unknown_codes + (q5_6_6 == .u)
(0 real changes made)
r; t=0.00 20:00:09

. label values q5_6_6 vl_agree5
r; t=0.00 20:00:09

. label variable q5_6_6 "South Asia stability risk: Foreign/external influence"
r; t=0.00 20:00:09

. char q5_6_6[source_name] "q5_6_6"
r; t=0.00 20:00:09

. char q5_6_6[question_en] "5.6.6 Influence of foreign/external forces poses a great risk to political stability in South
>  Asia."
r; t=0.00 20:00:09

. char q5_6_6[question_ne] "५.६.६ विदेशी/बाह्य शक्तिको प्रभावले भविष्यमा दक्षिण एसियाली क्षेत्रको राजनीतिक स्थिरतामा ठूलो
>  जोखिम निम्त्याउन सक्छ"
r; t=0.00 20:00:09

. notes q5_6_6: 5.6.6 Influence of foreign/external forces poses a great risk to political stability in South Asia.
r; t=0.00 20:00:09

. notes q5_6_6: .r = refusal; .d = explicit do not know; .u = unresolved source code. Mixed uncertainty categories retain
>  source codes. See q5_6_6_raw for original code.
r; t=0.00 20:00:09

. order q5_6_6, before(q5_6_6_raw)
r; t=0.00 20:00:09

. label variable q5_6_6_raw "Original code: q5_6_6"
r; t=0.00 20:00:09

. 
. * q5_6_7: agree5
. rename q5_6_7 q5_6_7_raw
r; t=0.00 20:00:09

. generate double q5_6_7 = .
(884 missing values generated)
r; t=0.00 20:00:09

. replace q5_6_7 = 1 if ustrtrim(q5_6_7_raw) == "1"
(288 real changes made)
r; t=0.00 20:00:09

. replace q5_6_7 = 2 if ustrtrim(q5_6_7_raw) == "2"
(436 real changes made)
r; t=0.00 20:00:09

. replace q5_6_7 = 3 if ustrtrim(q5_6_7_raw) == "3"
(99 real changes made)
r; t=0.00 20:00:09

. replace q5_6_7 = 4 if ustrtrim(q5_6_7_raw) == "4"
(27 real changes made)
r; t=0.00 20:00:09

. replace q5_6_7 = 5 if ustrtrim(q5_6_7_raw) == "5"
(3 real changes made)
r; t=0.00 20:00:09

. replace q5_6_7 = .r if ustrtrim(q5_6_7_raw) == "-99"
(1 real change made, 1 to missing)
r; t=0.00 20:00:09

. replace q5_6_7 = .d if ustrtrim(q5_6_7_raw) == "6"
(30 real changes made, 30 to missing)
r; t=0.00 20:00:09

. replace q5_6_7 = .u if q5_6_7 == . & !missing(ustrtrim(q5_6_7_raw))
(0 real changes made)
r; t=0.00 20:00:09

. replace qc_unknown_codes = qc_unknown_codes + (q5_6_7 == .u)
(0 real changes made)
r; t=0.00 20:00:09

. label values q5_6_7 vl_agree5
r; t=0.00 20:00:09

. label variable q5_6_7 "South Asia stability risk: Ethnic/religious conflict"
r; t=0.00 20:00:09

. char q5_6_7[source_name] "q5_6_7"
r; t=0.00 20:00:09

. char q5_6_7[question_en] "5.6.7 Ethnic or religious tension/conflict poses a great risk to political stability in South
>  Asia."
r; t=0.00 20:00:09

. char q5_6_7[question_ne] "५.६.७ जातीय वा धार्मिक तनाव/द्वन्द्वले भविष्यमा दक्षिण एसियाली क्षेत्रको राजनीतिक स्थिरतामा ठ
> ूलो जोखिम निम्त्याउन सक्छ"
r; t=0.00 20:00:09

. notes q5_6_7: 5.6.7 Ethnic or religious tension/conflict poses a great risk to political stability in South Asia.
r; t=0.00 20:00:09

. notes q5_6_7: .r = refusal; .d = explicit do not know; .u = unresolved source code. Mixed uncertainty categories retain
>  source codes. See q5_6_7_raw for original code.
r; t=0.00 20:00:09

. order q5_6_7, before(q5_6_7_raw)
r; t=0.00 20:00:09

. label variable q5_6_7_raw "Original code: q5_6_7"
r; t=0.00 20:00:09

. 
. * q5_7_1: agree5
. rename q5_7_1 q5_7_1_raw
r; t=0.00 20:00:09

. generate double q5_7_1 = .
(884 missing values generated)
r; t=0.00 20:00:09

. replace q5_7_1 = 1 if ustrtrim(q5_7_1_raw) == "1"
(80 real changes made)
r; t=0.00 20:00:09

. replace q5_7_1 = 2 if ustrtrim(q5_7_1_raw) == "2"
(423 real changes made)
r; t=0.00 20:00:09

. replace q5_7_1 = 3 if ustrtrim(q5_7_1_raw) == "3"
(196 real changes made)
r; t=0.00 20:00:09

. replace q5_7_1 = 4 if ustrtrim(q5_7_1_raw) == "4"
(50 real changes made)
r; t=0.00 20:00:09

. replace q5_7_1 = 5 if ustrtrim(q5_7_1_raw) == "5"
(48 real changes made)
r; t=0.00 20:00:09

. replace q5_7_1 = .r if ustrtrim(q5_7_1_raw) == "-99"
(1 real change made, 1 to missing)
r; t=0.00 20:00:09

. replace q5_7_1 = .d if ustrtrim(q5_7_1_raw) == "6"
(86 real changes made, 86 to missing)
r; t=0.00 20:00:09

. replace q5_7_1 = .u if q5_7_1 == . & !missing(ustrtrim(q5_7_1_raw))
(0 real changes made)
r; t=0.00 20:00:09

. replace qc_unknown_codes = qc_unknown_codes + (q5_7_1 == .u)
(0 real changes made)
r; t=0.00 20:00:09

. label values q5_7_1 vl_agree5
r; t=0.00 20:00:09

. label variable q5_7_1 "South Asia hope: Governance/anti-corruption reforms"
r; t=0.00 20:00:09

. char q5_7_1[source_name] "q5_7_1"
r; t=0.00 20:00:09

. char q5_7_1[question_en] "5.7.1 I am hopeful for South Asia’s future because South Asian countries have adopted better 
> governance and anti-corruption reforms."
r; t=0.00 20:00:09

. char q5_7_1[question_ne] "५.७.१ दक्षिण एसियाली देशहरूले सुशासन र भ्रष्टाचारविरोधी सुधारहरू अपनाएकाले म दक्षिण एसियाली क
> ्षेत्रको भविष्यप्रति आशावादी छु।"
r; t=0.00 20:00:09

. notes q5_7_1: 5.7.1 I am hopeful for South Asia’s future because South Asian countries have adopted better governance a
> nd anti-corruption reforms.
r; t=0.00 20:00:09

. notes q5_7_1: .r = refusal; .d = explicit do not know; .u = unresolved source code. Mixed uncertainty categories retain
>  source codes. See q5_7_1_raw for original code.
r; t=0.00 20:00:09

. order q5_7_1, before(q5_7_1_raw)
r; t=0.00 20:00:09

. label variable q5_7_1_raw "Original code: q5_7_1"
r; t=0.00 20:00:09

. 
. * q5_7_2: agree5
. rename q5_7_2 q5_7_2_raw
r; t=0.00 20:00:09

. generate double q5_7_2 = .
(884 missing values generated)
r; t=0.00 20:00:09

. replace q5_7_2 = 1 if ustrtrim(q5_7_2_raw) == "1"
(144 real changes made)
r; t=0.00 20:00:09

. replace q5_7_2 = 2 if ustrtrim(q5_7_2_raw) == "2"
(496 real changes made)
r; t=0.00 20:00:09

. replace q5_7_2 = 3 if ustrtrim(q5_7_2_raw) == "3"
(137 real changes made)
r; t=0.00 20:00:09

. replace q5_7_2 = 4 if ustrtrim(q5_7_2_raw) == "4"
(35 real changes made)
r; t=0.00 20:00:09

. replace q5_7_2 = 5 if ustrtrim(q5_7_2_raw) == "5"
(5 real changes made)
r; t=0.00 20:00:09

. replace q5_7_2 = .r if ustrtrim(q5_7_2_raw) == "-99"
(0 real changes made)
r; t=0.00 20:00:09

. replace q5_7_2 = .d if ustrtrim(q5_7_2_raw) == "6"
(67 real changes made, 67 to missing)
r; t=0.00 20:00:09

. replace q5_7_2 = .u if q5_7_2 == . & !missing(ustrtrim(q5_7_2_raw))
(0 real changes made)
r; t=0.00 20:00:09

. replace qc_unknown_codes = qc_unknown_codes + (q5_7_2 == .u)
(0 real changes made)
r; t=0.00 20:00:09

. label values q5_7_2 vl_agree5
r; t=0.00 20:00:09

. label variable q5_7_2 "South Asia hope: Youth political participation"
r; t=0.00 20:00:09

. char q5_7_2[source_name] "q5_7_2"
r; t=0.00 20:00:09

. char q5_7_2[question_en] "5.7.2 I am hopeful about South Asia’s future because of greater youth participation in politi
> cs in South Asia."
r; t=0.00 20:00:09

. char q5_7_2[question_ne] "५.७.२ दक्षिण एसियाली राजनीतिमा युवाहरूको बढ्दो सहभागिताका कारण म दक्षिण एसियाली क्षेत्रको भवि
> ष्यप्रति आशावादी छु।"
r; t=0.00 20:00:09

. notes q5_7_2: 5.7.2 I am hopeful about South Asia’s future because of greater youth participation in politics in South 
> Asia.
r; t=0.00 20:00:09

. notes q5_7_2: .r = refusal; .d = explicit do not know; .u = unresolved source code. Mixed uncertainty categories retain
>  source codes. See q5_7_2_raw for original code.
r; t=0.00 20:00:09

. order q5_7_2, before(q5_7_2_raw)
r; t=0.00 20:00:09

. label variable q5_7_2_raw "Original code: q5_7_2"
r; t=0.00 20:00:09

. 
. * q5_7_3: agree5
. rename q5_7_3 q5_7_3_raw
r; t=0.00 20:00:09

. generate double q5_7_3 = .
(884 missing values generated)
r; t=0.00 20:00:09

. replace q5_7_3 = 1 if ustrtrim(q5_7_3_raw) == "1"
(79 real changes made)
r; t=0.00 20:00:09

. replace q5_7_3 = 2 if ustrtrim(q5_7_3_raw) == "2"
(432 real changes made)
r; t=0.00 20:00:09

. replace q5_7_3 = 3 if ustrtrim(q5_7_3_raw) == "3"
(212 real changes made)
r; t=0.00 20:00:09

. replace q5_7_3 = 4 if ustrtrim(q5_7_3_raw) == "4"
(68 real changes made)
r; t=0.00 20:00:09

. replace q5_7_3 = 5 if ustrtrim(q5_7_3_raw) == "5"
(15 real changes made)
r; t=0.00 20:00:09

. replace q5_7_3 = .r if ustrtrim(q5_7_3_raw) == "-99"
(1 real change made, 1 to missing)
r; t=0.00 20:00:09

. replace q5_7_3 = .d if ustrtrim(q5_7_3_raw) == "6"
(77 real changes made, 77 to missing)
r; t=0.00 20:00:09

. replace q5_7_3 = .u if q5_7_3 == . & !missing(ustrtrim(q5_7_3_raw))
(0 real changes made)
r; t=0.00 20:00:09

. replace qc_unknown_codes = qc_unknown_codes + (q5_7_3 == .u)
(0 real changes made)
r; t=0.00 20:00:09

. label values q5_7_3 vl_agree5
r; t=0.00 20:00:09

. label variable q5_7_3 "South Asia hope: Improved democracy"
r; t=0.00 20:00:09

. char q5_7_3[source_name] "q5_7_3"
r; t=0.00 20:00:09

. char q5_7_3[question_en] "5.7.3 I am hopeful about South Asia’s future because of the state of the democracy has improv
> ed in South Asia."
r; t=0.00 20:00:09

. char q5_7_3[question_ne] "५.७.३ दक्षिण एसियामा लोकतन्त्रको अवस्था सुधार भएकाले म दक्षिण एसियाली क्षेत्रको भविष्यप्रति आ
> शावादी छु।"
r; t=0.00 20:00:09

. notes q5_7_3: 5.7.3 I am hopeful about South Asia’s future because of the state of the democracy has improved in South 
> Asia.
r; t=0.00 20:00:09

. notes q5_7_3: .r = refusal; .d = explicit do not know; .u = unresolved source code. Mixed uncertainty categories retain
>  source codes. See q5_7_3_raw for original code.
r; t=0.00 20:00:09

. order q5_7_3, before(q5_7_3_raw)
r; t=0.00 20:00:09

. label variable q5_7_3_raw "Original code: q5_7_3"
r; t=0.00 20:00:09

. 
. * q5_7_4: agree5
. rename q5_7_4 q5_7_4_raw
r; t=0.00 20:00:09

. generate double q5_7_4 = .
(884 missing values generated)
r; t=0.00 20:00:09

. replace q5_7_4 = 1 if ustrtrim(q5_7_4_raw) == "1"
(97 real changes made)
r; t=0.00 20:00:09

. replace q5_7_4 = 2 if ustrtrim(q5_7_4_raw) == "2"
(381 real changes made)
r; t=0.00 20:00:09

. replace q5_7_4 = 3 if ustrtrim(q5_7_4_raw) == "3"
(196 real changes made)
r; t=0.00 20:00:09

. replace q5_7_4 = 4 if ustrtrim(q5_7_4_raw) == "4"
(95 real changes made)
r; t=0.00 20:00:09

. replace q5_7_4 = 5 if ustrtrim(q5_7_4_raw) == "5"
(39 real changes made)
r; t=0.00 20:00:09

. replace q5_7_4 = .r if ustrtrim(q5_7_4_raw) == "-99"
(0 real changes made)
r; t=0.00 20:00:09

. replace q5_7_4 = .d if ustrtrim(q5_7_4_raw) == "6"
(76 real changes made, 76 to missing)
r; t=0.00 20:00:09

. replace q5_7_4 = .u if q5_7_4 == . & !missing(ustrtrim(q5_7_4_raw))
(0 real changes made)
r; t=0.00 20:00:09

. replace qc_unknown_codes = qc_unknown_codes + (q5_7_4 == .u)
(0 real changes made)
r; t=0.00 20:00:09

. label values q5_7_4 vl_agree5
r; t=0.00 20:00:09

. label variable q5_7_4 "South Asia hope: Economic/employment prospects"
r; t=0.00 20:00:09

. char q5_7_4[source_name] "q5_7_4"
r; t=0.00 20:00:09

. char q5_7_4[question_en] "5.7.4  I am hopeful about South Asia’s future because economic and employment prospect is in 
> increasing trend."
r; t=0.00 20:00:09

. char q5_7_4[question_ne] "५.७.४ आर्थिक तथा रोजगारीका सम्भावना बढ्दो क्रममा रहेकाले म दक्षिण एसियाली क्षेत्रको भविष्यप्र
> ति आशावादी छु।"
r; t=0.00 20:00:09

. notes q5_7_4: 5.7.4  I am hopeful about South Asia’s future because economic and employment prospect is in increasing t
> rend.
r; t=0.00 20:00:09

. notes q5_7_4: .r = refusal; .d = explicit do not know; .u = unresolved source code. Mixed uncertainty categories retain
>  source codes. See q5_7_4_raw for original code.
r; t=0.00 20:00:09

. order q5_7_4, before(q5_7_4_raw)
r; t=0.00 20:00:09

. label variable q5_7_4_raw "Original code: q5_7_4"
r; t=0.00 20:00:09

. 
. * Lossless numeric conversion. Abort rather than silently discard malformed input.
. foreach v in age submission_id source_index gps_latitude gps_longitude gps_altitude gps_accuracy {
  2.     destring `v', replace
  3. }
age: all characters numeric; replaced as byte
submission_id: all characters numeric; replaced as long
source_index: all characters numeric; replaced as int
gps_latitude: all characters numeric; replaced as double
gps_longitude: all characters numeric; replaced as double
gps_altitude: all characters numeric; replaced as double
gps_accuracy: all characters numeric; replaced as double
r; t=0.05 20:00:09

. clonevar ward_raw = ward
(108 missing values generated)
r; t=0.00 20:00:09

. forvalues i = 0/9 {
  2.     local nd = uchar(2406 + `i')
  3.     replace ward = subinstr(ward, "`nd'", "`i'", .)
  4. }
(0 real changes made)
(1 real change made)
(2 real changes made)
(3 real changes made)
(1 real change made)
(1 real change made)
(2 real changes made)
(4 real changes made)
(0 real changes made)
(3 real changes made)
r; t=0.00 20:00:09

. replace ward = ustrtrim(ward)
(0 real changes made)
r; t=0.00 20:00:09

. destring ward, replace
ward: all characters numeric; replaced as byte
(108 missing values generated)
r; t=0.01 20:00:09

. label variable ward "Ward number"
r; t=0.00 20:00:09

. label variable ward_raw "Ward: original response, including Nepali digits"
r; t=0.00 20:00:09

. clonevar local_government_raw = local_government
(1 missing value generated)
r; t=0.00 20:00:09

. replace local_government = ustrlower(ustrtrim(ustrregexra(local_government, "\s+", " ")))
(862 real changes made)
r; t=0.00 20:00:09

. label variable local_government "Local government: normalized case and whitespace only"
r; t=0.00 20:00:09

. label variable local_government_raw "Local government: original spelling"
r; t=0.00 20:00:09

. 
. * Dates: source interview date is a calendar date; interview time has +05:45 offset.
. rename interview_date interview_date_raw
r; t=0.00 20:00:09

. generate double interview_date = daily(substr(interview_date_raw,1,10),"YMD")
(884 missing values generated)
r; t=0.00 20:00:09

. replace interview_date = daily(interview_date_raw,"DMY") if missing(interview_date)
(884 real changes made)
r; t=0.00 20:00:09

. format interview_date %tdCCYY-NN-DD
r; t=0.00 20:00:09

. assert !missing(interview_date) if !missing(interview_date_raw)
r; t=0.00 20:00:09

. label variable interview_date "Interview date (local calendar date)"
r; t=0.00 20:00:09

. rename interview_time interview_time_raw
r; t=0.00 20:00:09

. generate double interview_time = clock(substr(interview_time_raw,1,12),"hms")
r; t=0.00 20:00:09

. format interview_time %tcHH:MM:SS
r; t=0.00 20:00:09

. assert !missing(interview_time) if !missing(interview_time_raw)
r; t=0.00 20:00:09

. label variable interview_time "Interview local time of day (+05:45), milliseconds"
r; t=0.00 20:00:09

. generate double interview_datetime = cofd(interview_date) + interview_time
r; t=0.00 20:00:09

. format interview_datetime %tcCCYY-NN-DD_HH:MM:SS
r; t=0.00 20:00:09

. label variable interview_datetime "Interview date and time: local (+05:45)"
r; t=0.00 20:00:09

. generate double submission_datetime = clock(submission_datetime_raw,"YMDhms")
r; t=0.00 20:00:09

. format submission_datetime %tcCCYY-NN-DD_HH:MM:SS
r; t=0.00 20:00:09

. assert !missing(submission_datetime) if !missing(submission_datetime_raw)
r; t=0.00 20:00:09

. label variable submission_datetime "Submission datetime as exported; timezone not specified"
r; t=0.00 20:00:09

. notes submission_datetime: Source has no timezone suffix. No timezone adjustment or duration is inferred.
r; t=0.00 20:00:09

. 
. * Eligibility and data-quality checks, with records retained.
. generate byte qc_age = !inrange(age,18,35) | age != floor(age)
r; t=0.00 20:00:09

. generate byte qc_eligibility = consent_agree != 1 | screener != 1 | qc_age
r; t=0.00 20:00:09

. generate byte qc_ward = !missing(ward) & (ward < 1 | ward != floor(ward))
r; t=0.00 20:00:09

. generate byte qc_location_numeric = !missing(real(local_government))
r; t=0.00 20:00:09

. generate byte qc_gps = !inrange(gps_latitude,-90,90) | !inrange(gps_longitude,-180,180) | gps_accuracy < 0 | missing(gp
> s_accuracy)
r; t=0.00 20:00:09

. generate byte qc_education_routing = education == 7 & missing(edu_masters_raw)
r; t=0.00 20:00:09

. duplicates tag submission_id, generate(qc_duplicate_id)

Duplicates in terms of submission_id
r; t=0.00 20:00:09

. duplicates tag submission_uuid, generate(qc_duplicate_uuid)

Duplicates in terms of submission_uuid
r; t=0.01 20:00:09

. 
. 
. * Per-question routing status follows the supplied form; no skips are imputed.
. generate byte __ap = (1)
r; t=0.00 20:00:09

. replace __ap = . if (0)
(0 real changes made)
r; t=0.00 20:00:09

. generate byte __route_consent_agree = __ap
r; t=0.00 20:00:09

. replace qc_applicable_missing = qc_applicable_missing + (__ap == 1 & missing(consent_agree_raw))
(0 real changes made)
r; t=0.00 20:00:09

. replace qc_required_missing = qc_required_missing + (__ap == 1 & missing(consent_agree_raw))
(0 real changes made)
r; t=0.00 20:00:09

. replace qc_skip_conflicts = qc_skip_conflicts + (__ap == 0 & !missing(consent_agree_raw))
(0 real changes made)
r; t=0.00 20:00:09

. drop __ap
r; t=0.00 20:00:09

. generate byte __ap = ((consent_agree_raw == "1"))
r; t=0.00 20:00:09

. replace __ap = . if (missing(consent_agree_raw))
(0 real changes made)
r; t=0.00 20:00:09

. replace __ap = 0 if missing(consent_agree_raw) & __route_consent_agree == 0
(0 real changes made)
r; t=0.00 20:00:09

. generate byte __route_screener = __ap
r; t=0.00 20:00:09

. generate byte ms_screener = cond(missing(screener_raw),cond(missing(__ap),3,cond(__ap==1,1,2)),cond(missing(__ap),5,con
> d(__ap==0,4,0)))
r; t=0.00 20:00:09

. label values ms_screener missing_status
r; t=0.00 20:00:09

. label variable ms_screener "Form routing/missingness: screener"
r; t=0.00 20:00:09

. replace qc_applicable_missing = qc_applicable_missing + (__ap == 1 & missing(screener_raw))
(0 real changes made)
r; t=0.00 20:00:09

. replace qc_required_missing = qc_required_missing + (__ap == 1 & missing(screener_raw))
(0 real changes made)
r; t=0.00 20:00:09

. replace qc_skip_conflicts = qc_skip_conflicts + (__ap == 0 & !missing(screener_raw))
(0 real changes made)
r; t=0.00 20:00:09

. drop __ap
r; t=0.00 20:00:09

. generate byte __ap = (consent_agree_raw == "1" & screener_raw == "1")
r; t=0.00 20:00:09

. replace __ap = . if (missing(consent_agree_raw) | missing(screener_raw))
(0 real changes made)
r; t=0.00 20:00:09

. replace __ap = 0 if (!missing(consent_agree_raw) & consent_agree_raw != "1") | (!missing(screener_raw) & screener_raw !
> = "1")
(0 real changes made)
r; t=0.00 20:00:09

. generate byte __route_interview_date = __ap
r; t=0.00 20:00:09

. replace qc_applicable_missing = qc_applicable_missing + (__ap == 1 & missing(interview_date_raw))
(0 real changes made)
r; t=0.00 20:00:09

. replace qc_required_missing = qc_required_missing + (__ap == 1 & missing(interview_date_raw))
(0 real changes made)
r; t=0.00 20:00:09

. replace qc_skip_conflicts = qc_skip_conflicts + (__ap == 0 & !missing(interview_date_raw))
(0 real changes made)
r; t=0.00 20:00:09

. drop __ap
r; t=0.00 20:00:09

. generate byte __ap = (consent_agree_raw == "1" & screener_raw == "1")
r; t=0.00 20:00:09

. replace __ap = . if (missing(consent_agree_raw) | missing(screener_raw))
(0 real changes made)
r; t=0.00 20:00:09

. replace __ap = 0 if (!missing(consent_agree_raw) & consent_agree_raw != "1") | (!missing(screener_raw) & screener_raw !
> = "1")
(0 real changes made)
r; t=0.00 20:00:09

. generate byte __route_interview_time = __ap
r; t=0.00 20:00:09

. replace qc_applicable_missing = qc_applicable_missing + (__ap == 1 & missing(interview_time_raw))
(0 real changes made)
r; t=0.00 20:00:09

. replace qc_required_missing = qc_required_missing + (__ap == 1 & missing(interview_time_raw))
(0 real changes made)
r; t=0.00 20:00:09

. replace qc_skip_conflicts = qc_skip_conflicts + (__ap == 0 & !missing(interview_time_raw))
(0 real changes made)
r; t=0.00 20:00:09

. drop __ap
r; t=0.00 20:00:09

. generate byte __ap = (consent_agree_raw == "1" & screener_raw == "1")
r; t=0.00 20:00:09

. replace __ap = . if (missing(consent_agree_raw) | missing(screener_raw))
(0 real changes made)
r; t=0.00 20:00:09

. replace __ap = 0 if (!missing(consent_agree_raw) & consent_agree_raw != "1") | (!missing(screener_raw) & screener_raw !
> = "1")
(0 real changes made)
r; t=0.00 20:00:09

. generate byte __route_interviewer = __ap
r; t=0.00 20:00:09

. replace qc_applicable_missing = qc_applicable_missing + (__ap == 1 & missing(interviewer_raw))
(0 real changes made)
r; t=0.00 20:00:09

. replace qc_skip_conflicts = qc_skip_conflicts + (__ap == 0 & !missing(interviewer_raw))
(0 real changes made)
r; t=0.00 20:00:09

. drop __ap
r; t=0.00 20:00:09

. generate byte __ap = (consent_agree_raw == "1" & screener_raw == "1")
r; t=0.00 20:00:09

. replace __ap = . if (missing(consent_agree_raw) | missing(screener_raw))
(0 real changes made)
r; t=0.00 20:00:09

. replace __ap = 0 if (!missing(consent_agree_raw) & consent_agree_raw != "1") | (!missing(screener_raw) & screener_raw !
> = "1")
(0 real changes made)
r; t=0.00 20:00:09

. generate byte __route_province = __ap
r; t=0.00 20:00:09

. replace qc_applicable_missing = qc_applicable_missing + (__ap == 1 & missing(province_raw))
(2 real changes made)
r; t=0.00 20:00:09

. replace qc_skip_conflicts = qc_skip_conflicts + (__ap == 0 & !missing(province_raw))
(0 real changes made)
r; t=0.00 20:00:09

. drop __ap
r; t=0.00 20:00:09

. generate byte __ap = (consent_agree_raw == "1" & screener_raw == "1")
r; t=0.00 20:00:09

. replace __ap = . if (missing(consent_agree_raw) | missing(screener_raw))
(0 real changes made)
r; t=0.00 20:00:09

. replace __ap = 0 if (!missing(consent_agree_raw) & consent_agree_raw != "1") | (!missing(screener_raw) & screener_raw !
> = "1")
(0 real changes made)
r; t=0.00 20:00:09

. generate byte __route_local_government = __ap
r; t=0.00 20:00:09

. replace qc_applicable_missing = qc_applicable_missing + (__ap == 1 & missing(local_government_raw))
(1 real change made)
r; t=0.00 20:00:09

. replace qc_skip_conflicts = qc_skip_conflicts + (__ap == 0 & !missing(local_government_raw))
(0 real changes made)
r; t=0.00 20:00:09

. drop __ap
r; t=0.00 20:00:09

. generate byte __ap = (consent_agree_raw == "1" & screener_raw == "1")
r; t=0.00 20:00:09

. replace __ap = . if (missing(consent_agree_raw) | missing(screener_raw))
(0 real changes made)
r; t=0.00 20:00:09

. replace __ap = 0 if (!missing(consent_agree_raw) & consent_agree_raw != "1") | (!missing(screener_raw) & screener_raw !
> = "1")
(0 real changes made)
r; t=0.00 20:00:09

. generate byte __route_ward = __ap
r; t=0.00 20:00:09

. replace qc_applicable_missing = qc_applicable_missing + (__ap == 1 & missing(ward_raw))
(108 real changes made)
r; t=0.00 20:00:09

. replace qc_skip_conflicts = qc_skip_conflicts + (__ap == 0 & !missing(ward_raw))
(0 real changes made)
r; t=0.00 20:00:09

. drop __ap
r; t=0.00 20:00:09

. generate byte __ap = (consent_agree_raw == "1" & screener_raw == "1")
r; t=0.00 20:00:09

. replace __ap = . if (missing(consent_agree_raw) | missing(screener_raw))
(0 real changes made)
r; t=0.00 20:00:09

. replace __ap = 0 if (!missing(consent_agree_raw) & consent_agree_raw != "1") | (!missing(screener_raw) & screener_raw !
> = "1")
(0 real changes made)
r; t=0.00 20:00:09

. generate byte __route_age = __ap
r; t=0.00 20:00:09

. replace qc_applicable_missing = qc_applicable_missing + (__ap == 1 & missing(age))
(0 real changes made)
r; t=0.00 20:00:09

. replace qc_required_missing = qc_required_missing + (__ap == 1 & missing(age))
(0 real changes made)
r; t=0.00 20:00:09

. replace qc_skip_conflicts = qc_skip_conflicts + (__ap == 0 & !missing(age))
(0 real changes made)
r; t=0.00 20:00:09

. drop __ap
r; t=0.00 20:00:09

. generate byte __ap = (consent_agree_raw == "1" & screener_raw == "1")
r; t=0.00 20:00:09

. replace __ap = . if (missing(consent_agree_raw) | missing(screener_raw))
(0 real changes made)
r; t=0.00 20:00:09

. replace __ap = 0 if (!missing(consent_agree_raw) & consent_agree_raw != "1") | (!missing(screener_raw) & screener_raw !
> = "1")
(0 real changes made)
r; t=0.00 20:00:09

. generate byte __route_gender = __ap
r; t=0.00 20:00:09

. replace qc_applicable_missing = qc_applicable_missing + (__ap == 1 & missing(gender_raw))
(0 real changes made)
r; t=0.00 20:00:09

. replace qc_required_missing = qc_required_missing + (__ap == 1 & missing(gender_raw))
(0 real changes made)
r; t=0.00 20:00:09

. replace qc_skip_conflicts = qc_skip_conflicts + (__ap == 0 & !missing(gender_raw))
(0 real changes made)
r; t=0.00 20:00:09

. drop __ap
r; t=0.00 20:00:09

. generate byte __ap = (consent_agree_raw == "1" & screener_raw == "1" & (gender_raw == "3"))
r; t=0.00 20:00:09

. replace __ap = . if (missing(consent_agree_raw) | missing(screener_raw) | missing(gender_raw))
(0 real changes made)
r; t=0.00 20:00:09

. replace __ap = 0 if (!missing(consent_agree_raw) & consent_agree_raw != "1") | (!missing(screener_raw) & screener_raw !
> = "1")
(0 real changes made)
r; t=0.00 20:00:09

. replace __ap = 0 if missing(gender_raw) & __route_gender == 0
(0 real changes made)
r; t=0.00 20:00:09

. generate byte __route_gender_other = __ap
r; t=0.00 20:00:09

. generate byte ms_gender_other = cond(missing(gender_other),cond(missing(__ap),3,cond(__ap==1,1,2)),cond(missing(__ap),5
> ,cond(__ap==0,4,0)))
r; t=0.00 20:00:09

. label values ms_gender_other missing_status
r; t=0.00 20:00:09

. label variable ms_gender_other "Form routing/missingness: gender_other"
r; t=0.00 20:00:09

. replace qc_applicable_missing = qc_applicable_missing + (__ap == 1 & missing(gender_other))
(0 real changes made)
r; t=0.00 20:00:09

. replace qc_skip_conflicts = qc_skip_conflicts + (__ap == 0 & !missing(gender_other))
(0 real changes made)
r; t=0.00 20:00:09

. drop __ap
r; t=0.00 20:00:09

. generate byte __ap = (consent_agree_raw == "1" & screener_raw == "1")
r; t=0.00 20:00:09

. replace __ap = . if (missing(consent_agree_raw) | missing(screener_raw))
(0 real changes made)
r; t=0.00 20:00:09

. replace __ap = 0 if (!missing(consent_agree_raw) & consent_agree_raw != "1") | (!missing(screener_raw) & screener_raw !
> = "1")
(0 real changes made)
r; t=0.00 20:00:09

. generate byte __route_education = __ap
r; t=0.00 20:00:09

. replace qc_applicable_missing = qc_applicable_missing + (__ap == 1 & missing(education_raw))
(0 real changes made)
r; t=0.00 20:00:09

. replace qc_required_missing = qc_required_missing + (__ap == 1 & missing(education_raw))
(0 real changes made)
r; t=0.00 20:00:09

. replace qc_skip_conflicts = qc_skip_conflicts + (__ap == 0 & !missing(education_raw))
(0 real changes made)
r; t=0.00 20:00:09

. drop __ap
r; t=0.00 20:00:09

. generate byte __ap = (consent_agree_raw == "1" & screener_raw == "1" & (education_raw != "-99"))
r; t=0.00 20:00:09

. replace __ap = . if (missing(education_raw) | missing(consent_agree_raw) | missing(screener_raw))
(0 real changes made)
r; t=0.00 20:00:09

. replace __ap = 0 if (!missing(consent_agree_raw) & consent_agree_raw != "1") | (!missing(screener_raw) & screener_raw !
> = "1")
(0 real changes made)
r; t=0.00 20:00:09

. replace __ap = 0 if missing(education_raw) & __route_education == 0
(0 real changes made)
r; t=0.00 20:00:09

. generate byte __route_edu_school = __ap
r; t=0.00 20:00:09

. generate byte ms_edu_school = cond(missing(edu_school_raw),cond(missing(__ap),3,cond(__ap==1,1,2)),cond(missing(__ap),5
> ,cond(__ap==0,4,0)))
r; t=0.00 20:00:09

. label values ms_edu_school missing_status
r; t=0.00 20:00:09

. label variable ms_edu_school "Form routing/missingness: edu_school"
r; t=0.00 20:00:09

. replace qc_applicable_missing = qc_applicable_missing + (__ap == 1 & missing(edu_school_raw))
(1 real change made)
r; t=0.00 20:00:09

. replace qc_skip_conflicts = qc_skip_conflicts + (__ap == 0 & !missing(edu_school_raw))
(0 real changes made)
r; t=0.00 20:00:09

. drop __ap
r; t=0.00 20:00:09

. generate byte __ap = (consent_agree_raw == "1" & screener_raw == "1" & (education_raw != "-99"))
r; t=0.00 20:00:09

. replace __ap = . if (missing(education_raw) | missing(consent_agree_raw) | missing(screener_raw))
(0 real changes made)
r; t=0.00 20:00:09

. replace __ap = 0 if (!missing(consent_agree_raw) & consent_agree_raw != "1") | (!missing(screener_raw) & screener_raw !
> = "1")
(0 real changes made)
r; t=0.00 20:00:09

. replace __ap = 0 if missing(education_raw) & __route_education == 0
(0 real changes made)
r; t=0.00 20:00:09

. generate byte __route_edu_plus2 = __ap
r; t=0.00 20:00:09

. generate byte ms_edu_plus2 = cond(missing(edu_plus2_raw),cond(missing(__ap),3,cond(__ap==1,1,2)),cond(missing(__ap),5,c
> ond(__ap==0,4,0)))
r; t=0.00 20:00:09

. label values ms_edu_plus2 missing_status
r; t=0.00 20:00:09

. label variable ms_edu_plus2 "Form routing/missingness: edu_plus2"
r; t=0.00 20:00:09

. replace qc_applicable_missing = qc_applicable_missing + (__ap == 1 & missing(edu_plus2_raw))
(1 real change made)
r; t=0.00 20:00:09

. replace qc_skip_conflicts = qc_skip_conflicts + (__ap == 0 & !missing(edu_plus2_raw))
(0 real changes made)
r; t=0.00 20:00:09

. drop __ap
r; t=0.00 20:00:09

. generate byte __ap = (consent_agree_raw == "1" & screener_raw == "1" & (education_raw == "6" | education_raw == "7" | e
> ducation_raw == "8"))
r; t=0.00 20:00:09

. replace __ap = . if (missing(education_raw) | missing(consent_agree_raw) | missing(screener_raw))
(0 real changes made)
r; t=0.00 20:00:09

. replace __ap = 0 if (!missing(consent_agree_raw) & consent_agree_raw != "1") | (!missing(screener_raw) & screener_raw !
> = "1")
(0 real changes made)
r; t=0.00 20:00:09

. replace __ap = 0 if missing(education_raw) & __route_education == 0
(0 real changes made)
r; t=0.00 20:00:09

. replace __ap = 0 if missing(education_raw) & __route_education == 0
(0 real changes made)
r; t=0.00 20:00:09

. replace __ap = 0 if missing(education_raw) & __route_education == 0
(0 real changes made)
r; t=0.00 20:00:09

. generate byte __route_edu_bachelors = __ap
r; t=0.00 20:00:09

. generate byte ms_edu_bachelors = cond(missing(edu_bachelors_raw),cond(missing(__ap),3,cond(__ap==1,1,2)),cond(missing(_
> _ap),5,cond(__ap==0,4,0)))
r; t=0.00 20:00:09

. label values ms_edu_bachelors missing_status
r; t=0.00 20:00:09

. label variable ms_edu_bachelors "Form routing/missingness: edu_bachelors"
r; t=0.00 20:00:09

. replace qc_applicable_missing = qc_applicable_missing + (__ap == 1 & missing(edu_bachelors_raw))
(0 real changes made)
r; t=0.00 20:00:09

. replace qc_skip_conflicts = qc_skip_conflicts + (__ap == 0 & !missing(edu_bachelors_raw))
(0 real changes made)
r; t=0.00 20:00:09

. drop __ap
r; t=0.00 20:00:09

. generate byte __ap = (consent_agree_raw == "1" & screener_raw == "1" & (education_raw == "6" | education_raw == "8"))
r; t=0.00 20:00:09

. replace __ap = . if (missing(education_raw) | missing(consent_agree_raw) | missing(screener_raw))
(0 real changes made)
r; t=0.00 20:00:09

. replace __ap = 0 if (!missing(consent_agree_raw) & consent_agree_raw != "1") | (!missing(screener_raw) & screener_raw !
> = "1")
(0 real changes made)
r; t=0.00 20:00:09

. replace __ap = 0 if missing(education_raw) & __route_education == 0
(0 real changes made)
r; t=0.00 20:00:09

. replace __ap = 0 if missing(education_raw) & __route_education == 0
(0 real changes made)
r; t=0.00 20:00:09

. generate byte __route_edu_masters = __ap
r; t=0.00 20:00:09

. generate byte ms_edu_masters = cond(missing(edu_masters_raw),cond(missing(__ap),3,cond(__ap==1,1,2)),cond(missing(__ap)
> ,5,cond(__ap==0,4,0)))
r; t=0.00 20:00:09

. label values ms_edu_masters missing_status
r; t=0.00 20:00:09

. label variable ms_edu_masters "Form routing/missingness: edu_masters"
r; t=0.00 20:00:09

. replace qc_applicable_missing = qc_applicable_missing + (__ap == 1 & missing(edu_masters_raw))
(0 real changes made)
r; t=0.00 20:00:09

. replace qc_skip_conflicts = qc_skip_conflicts + (__ap == 0 & !missing(edu_masters_raw))
(0 real changes made)
r; t=0.00 20:00:09

. drop __ap
r; t=0.00 20:00:09

. generate byte __ap = (consent_agree_raw == "1" & screener_raw == "1")
r; t=0.00 20:00:09

. replace __ap = . if (missing(consent_agree_raw) | missing(screener_raw))
(0 real changes made)
r; t=0.00 20:00:09

. replace __ap = 0 if (!missing(consent_agree_raw) & consent_agree_raw != "1") | (!missing(screener_raw) & screener_raw !
> = "1")
(0 real changes made)
r; t=0.00 20:00:09

. generate byte __route_ethnicity = __ap
r; t=0.00 20:00:09

. replace qc_applicable_missing = qc_applicable_missing + (__ap == 1 & missing(ethnicity_raw))
(1 real change made)
r; t=0.00 20:00:09

. replace qc_skip_conflicts = qc_skip_conflicts + (__ap == 0 & !missing(ethnicity_raw))
(0 real changes made)
r; t=0.00 20:00:09

. drop __ap
r; t=0.00 20:00:09

. generate byte __ap = (consent_agree_raw == "1" & screener_raw == "1")
r; t=0.00 20:00:09

. replace __ap = . if (missing(consent_agree_raw) | missing(screener_raw))
(0 real changes made)
r; t=0.00 20:00:09

. replace __ap = 0 if (!missing(consent_agree_raw) & consent_agree_raw != "1") | (!missing(screener_raw) & screener_raw !
> = "1")
(0 real changes made)
r; t=0.00 20:00:09

. generate byte __route_religious_belief = __ap
r; t=0.00 20:00:09

. replace qc_applicable_missing = qc_applicable_missing + (__ap == 1 & missing(religious_belief_raw))
(0 real changes made)
r; t=0.00 20:00:09

. replace qc_required_missing = qc_required_missing + (__ap == 1 & missing(religious_belief_raw))
(0 real changes made)
r; t=0.00 20:00:09

. replace qc_skip_conflicts = qc_skip_conflicts + (__ap == 0 & !missing(religious_belief_raw))
(0 real changes made)
r; t=0.00 20:00:09

. drop __ap
r; t=0.00 20:00:09

. generate byte __ap = (consent_agree_raw == "1" & screener_raw == "1" & (religious_belief_raw == "1"))
r; t=0.00 20:00:09

. replace __ap = . if (missing(consent_agree_raw) | missing(screener_raw) | missing(religious_belief_raw))
(0 real changes made)
r; t=0.00 20:00:09

. replace __ap = 0 if (!missing(consent_agree_raw) & consent_agree_raw != "1") | (!missing(screener_raw) & screener_raw !
> = "1")
(0 real changes made)
r; t=0.00 20:00:09

. replace __ap = 0 if missing(religious_belief_raw) & __route_religious_belief == 0
(0 real changes made)
r; t=0.00 20:00:09

. generate byte __route_religion = __ap
r; t=0.00 20:00:09

. generate byte ms_religion = cond(missing(religion_raw),cond(missing(__ap),3,cond(__ap==1,1,2)),cond(missing(__ap),5,con
> d(__ap==0,4,0)))
r; t=0.00 20:00:09

. label values ms_religion missing_status
r; t=0.00 20:00:09

. label variable ms_religion "Form routing/missingness: religion"
r; t=0.00 20:00:09

. replace qc_applicable_missing = qc_applicable_missing + (__ap == 1 & missing(religion_raw))
(1 real change made)
r; t=0.00 20:00:09

. replace qc_skip_conflicts = qc_skip_conflicts + (__ap == 0 & !missing(religion_raw))
(0 real changes made)
r; t=0.00 20:00:09

. drop __ap
r; t=0.00 20:00:09

. generate byte __ap = (consent_agree_raw == "1" & screener_raw == "1")
r; t=0.00 20:00:09

. replace __ap = . if (missing(consent_agree_raw) | missing(screener_raw))
(0 real changes made)
r; t=0.00 20:00:09

. replace __ap = 0 if (!missing(consent_agree_raw) & consent_agree_raw != "1") | (!missing(screener_raw) & screener_raw !
> = "1")
(0 real changes made)
r; t=0.00 20:00:09

. generate byte __route_marital_status = __ap
r; t=0.00 20:00:09

. replace qc_applicable_missing = qc_applicable_missing + (__ap == 1 & missing(marital_status_raw))
(0 real changes made)
r; t=0.00 20:00:09

. replace qc_required_missing = qc_required_missing + (__ap == 1 & missing(marital_status_raw))
(0 real changes made)
r; t=0.00 20:00:09

. replace qc_skip_conflicts = qc_skip_conflicts + (__ap == 0 & !missing(marital_status_raw))
(0 real changes made)
r; t=0.00 20:00:09

. drop __ap
r; t=0.00 20:00:09

. generate byte __ap = (consent_agree_raw == "1" & screener_raw == "1")
r; t=0.00 20:00:09

. replace __ap = . if (missing(consent_agree_raw) | missing(screener_raw))
(0 real changes made)
r; t=0.00 20:00:09

. replace __ap = 0 if (!missing(consent_agree_raw) & consent_agree_raw != "1") | (!missing(screener_raw) & screener_raw !
> = "1")
(0 real changes made)
r; t=0.00 20:00:09

. generate byte __route_life_place = __ap
r; t=0.00 20:00:09

. replace qc_applicable_missing = qc_applicable_missing + (__ap == 1 & missing(life_place_raw))
(0 real changes made)
r; t=0.00 20:00:09

. replace qc_required_missing = qc_required_missing + (__ap == 1 & missing(life_place_raw))
(0 real changes made)
r; t=0.00 20:00:09

. replace qc_skip_conflicts = qc_skip_conflicts + (__ap == 0 & !missing(life_place_raw))
(0 real changes made)
r; t=0.00 20:00:09

. drop __ap
r; t=0.00 20:00:09

. generate byte __ap = (consent_agree_raw == "1" & screener_raw == "1")
r; t=0.00 20:00:09

. replace __ap = . if (missing(consent_agree_raw) | missing(screener_raw))
(0 real changes made)
r; t=0.00 20:00:09

. replace __ap = 0 if (!missing(consent_agree_raw) & consent_agree_raw != "1") | (!missing(screener_raw) & screener_raw !
> = "1")
(0 real changes made)
r; t=0.00 20:00:09

. generate byte __route_family_abroad = __ap
r; t=0.00 20:00:09

. replace qc_applicable_missing = qc_applicable_missing + (__ap == 1 & missing(family_abroad_raw))
(0 real changes made)
r; t=0.00 20:00:09

. replace qc_required_missing = qc_required_missing + (__ap == 1 & missing(family_abroad_raw))
(0 real changes made)
r; t=0.00 20:00:09

. replace qc_skip_conflicts = qc_skip_conflicts + (__ap == 0 & !missing(family_abroad_raw))
(0 real changes made)
r; t=0.00 20:00:09

. drop __ap
r; t=0.00 20:00:09

. generate byte __ap = (consent_agree_raw == "1" & screener_raw == "1" & (family_abroad_raw == "1"))
r; t=0.00 20:00:09

. replace __ap = . if (missing(consent_agree_raw) | missing(screener_raw) | missing(family_abroad_raw))
(0 real changes made)
r; t=0.00 20:00:09

. replace __ap = 0 if (!missing(consent_agree_raw) & consent_agree_raw != "1") | (!missing(screener_raw) & screener_raw !
> = "1")
(0 real changes made)
r; t=0.00 20:00:09

. replace __ap = 0 if missing(family_abroad_raw) & __route_family_abroad == 0
(0 real changes made)
r; t=0.00 20:00:09

. generate byte __route_family_returned = __ap
r; t=0.00 20:00:09

. generate byte ms_family_returned = cond(missing(family_returned_raw),cond(missing(__ap),3,cond(__ap==1,1,2)),cond(missi
> ng(__ap),5,cond(__ap==0,4,0)))
r; t=0.00 20:00:09

. label values ms_family_returned missing_status
r; t=0.01 20:00:09

. label variable ms_family_returned "Form routing/missingness: family_returned"
r; t=0.00 20:00:09

. replace qc_applicable_missing = qc_applicable_missing + (__ap == 1 & missing(family_returned_raw))
(0 real changes made)
r; t=0.00 20:00:09

. replace qc_skip_conflicts = qc_skip_conflicts + (__ap == 0 & !missing(family_returned_raw))
(0 real changes made)
r; t=0.00 20:00:09

. drop __ap
r; t=0.00 20:00:09

. generate byte __ap = (consent_agree_raw == "1" & screener_raw == "1")
r; t=0.00 20:00:09

. replace __ap = . if (missing(consent_agree_raw) | missing(screener_raw))
(0 real changes made)
r; t=0.00 20:00:09

. replace __ap = 0 if (!missing(consent_agree_raw) & consent_agree_raw != "1") | (!missing(screener_raw) & screener_raw !
> = "1")
(0 real changes made)
r; t=0.00 20:00:09

. generate byte __route_migration_plan = __ap
r; t=0.00 20:00:09

. replace qc_applicable_missing = qc_applicable_missing + (__ap == 1 & missing(migration_plan_raw))
(0 real changes made)
r; t=0.00 20:00:09

. replace qc_required_missing = qc_required_missing + (__ap == 1 & missing(migration_plan_raw))
(0 real changes made)
r; t=0.00 20:00:09

. replace qc_skip_conflicts = qc_skip_conflicts + (__ap == 0 & !missing(migration_plan_raw))
(0 real changes made)
r; t=0.00 20:00:09

. drop __ap
r; t=0.00 20:00:09

. generate byte __ap = (consent_agree_raw == "1" & screener_raw == "1" & (migration_plan_raw == "1"))
r; t=0.00 20:00:09

. replace __ap = . if (missing(consent_agree_raw) | missing(screener_raw) | missing(migration_plan_raw))
(0 real changes made)
r; t=0.00 20:00:09

. replace __ap = 0 if (!missing(consent_agree_raw) & consent_agree_raw != "1") | (!missing(screener_raw) & screener_raw !
> = "1")
(0 real changes made)
r; t=0.00 20:00:09

. replace __ap = 0 if missing(migration_plan_raw) & __route_migration_plan == 0
(0 real changes made)
r; t=0.00 20:00:09

. generate byte __route_abroad_purpose = __ap
r; t=0.00 20:00:09

. generate byte ms_abroad_purpose = cond(missing(abroad_purpose_raw),cond(missing(__ap),3,cond(__ap==1,1,2)),cond(missing
> (__ap),5,cond(__ap==0,4,0)))
r; t=0.00 20:00:09

. label values ms_abroad_purpose missing_status
r; t=0.00 20:00:09

. label variable ms_abroad_purpose "Form routing/missingness: abroad_purpose"
r; t=0.00 20:00:09

. replace qc_applicable_missing = qc_applicable_missing + (__ap == 1 & missing(abroad_purpose_raw))
(0 real changes made)
r; t=0.00 20:00:09

. replace qc_skip_conflicts = qc_skip_conflicts + (__ap == 0 & !missing(abroad_purpose_raw))
(0 real changes made)
r; t=0.00 20:00:09

. drop __ap
r; t=0.00 20:00:09

. generate byte __ap = (consent_agree_raw == "1" & screener_raw == "1" & (migration_plan_raw == "2"))
r; t=0.00 20:00:09

. replace __ap = . if (missing(consent_agree_raw) | missing(screener_raw) | missing(migration_plan_raw))
(0 real changes made)
r; t=0.00 20:00:09

. replace __ap = 0 if (!missing(consent_agree_raw) & consent_agree_raw != "1") | (!missing(screener_raw) & screener_raw !
> = "1")
(0 real changes made)
r; t=0.00 20:00:09

. replace __ap = 0 if missing(migration_plan_raw) & __route_migration_plan == 0
(0 real changes made)
r; t=0.00 20:00:09

. generate byte __route_nepal_plan = __ap
r; t=0.00 20:00:09

. generate byte ms_nepal_plan = cond(missing(nepal_plan_raw),cond(missing(__ap),3,cond(__ap==1,1,2)),cond(missing(__ap),5
> ,cond(__ap==0,4,0)))
r; t=0.00 20:00:09

. label values ms_nepal_plan missing_status
r; t=0.00 20:00:09

. label variable ms_nepal_plan "Form routing/missingness: nepal_plan"
r; t=0.00 20:00:09

. replace qc_applicable_missing = qc_applicable_missing + (__ap == 1 & missing(nepal_plan_raw))
(0 real changes made)
r; t=0.00 20:00:09

. replace qc_skip_conflicts = qc_skip_conflicts + (__ap == 0 & !missing(nepal_plan_raw))
(0 real changes made)
r; t=0.00 20:00:09

. drop __ap
r; t=0.00 20:00:09

. generate byte __ap = (consent_agree_raw == "1" & screener_raw == "1")
r; t=0.00 20:00:09

. replace __ap = . if (missing(consent_agree_raw) | missing(screener_raw))
(0 real changes made)
r; t=0.00 20:00:09

. replace __ap = 0 if (!missing(consent_agree_raw) & consent_agree_raw != "1") | (!missing(screener_raw) & screener_raw !
> = "1")
(0 real changes made)
r; t=0.00 20:00:09

. generate byte __route_q2_1 = __ap
r; t=0.00 20:00:09

. replace qc_applicable_missing = qc_applicable_missing + (__ap == 1 & missing(q2_1_raw))
(0 real changes made)
r; t=0.00 20:00:09

. replace qc_required_missing = qc_required_missing + (__ap == 1 & missing(q2_1_raw))
(0 real changes made)
r; t=0.00 20:00:09

. replace qc_skip_conflicts = qc_skip_conflicts + (__ap == 0 & !missing(q2_1_raw))
(0 real changes made)
r; t=0.00 20:00:09

. drop __ap
r; t=0.00 20:00:09

. generate byte __ap = (consent_agree_raw == "1" & screener_raw == "1")
r; t=0.00 20:00:09

. replace __ap = . if (missing(consent_agree_raw) | missing(screener_raw))
(0 real changes made)
r; t=0.00 20:00:09

. replace __ap = 0 if (!missing(consent_agree_raw) & consent_agree_raw != "1") | (!missing(screener_raw) & screener_raw !
> = "1")
(0 real changes made)
r; t=0.00 20:00:09

. generate byte __route_q2_2 = __ap
r; t=0.00 20:00:09

. replace qc_applicable_missing = qc_applicable_missing + (__ap == 1 & missing(q2_2_raw))
(0 real changes made)
r; t=0.00 20:00:09

. replace qc_required_missing = qc_required_missing + (__ap == 1 & missing(q2_2_raw))
(0 real changes made)
r; t=0.00 20:00:09

. replace qc_skip_conflicts = qc_skip_conflicts + (__ap == 0 & !missing(q2_2_raw))
(0 real changes made)
r; t=0.00 20:00:09

. drop __ap
r; t=0.00 20:00:09

. generate byte __ap = (consent_agree_raw == "1" & screener_raw == "1")
r; t=0.00 20:00:09

. replace __ap = . if (missing(consent_agree_raw) | missing(screener_raw))
(0 real changes made)
r; t=0.00 20:00:09

. replace __ap = 0 if (!missing(consent_agree_raw) & consent_agree_raw != "1") | (!missing(screener_raw) & screener_raw !
> = "1")
(0 real changes made)
r; t=0.00 20:00:09

. generate byte __route_q2_3 = __ap
r; t=0.00 20:00:09

. replace qc_applicable_missing = qc_applicable_missing + (__ap == 1 & missing(q2_3_raw))
(0 real changes made)
r; t=0.00 20:00:09

. replace qc_required_missing = qc_required_missing + (__ap == 1 & missing(q2_3_raw))
(0 real changes made)
r; t=0.00 20:00:09

. replace qc_skip_conflicts = qc_skip_conflicts + (__ap == 0 & !missing(q2_3_raw))
(0 real changes made)
r; t=0.00 20:00:09

. drop __ap
r; t=0.00 20:00:09

. generate byte __ap = (consent_agree_raw == "1" & screener_raw == "1" & (age >= 22))
r; t=0.00 20:00:09

. replace __ap = . if (missing(consent_agree_raw) | missing(screener_raw) | missing(age))
(0 real changes made)
r; t=0.00 20:00:09

. replace __ap = 0 if (!missing(consent_agree_raw) & consent_agree_raw != "1") | (!missing(screener_raw) & screener_raw !
> = "1")
(0 real changes made)
r; t=0.00 20:00:09

. replace __ap = 0 if age < 22
(0 real changes made)
r; t=0.00 20:00:09

. generate byte __route_q2_4 = __ap
r; t=0.00 20:00:09

. generate byte ms_q2_4 = cond(missing(q2_4_raw),cond(missing(__ap),3,cond(__ap==1,1,2)),cond(missing(__ap),5,cond(__ap==
> 0,4,0)))
r; t=0.00 20:00:09

. label values ms_q2_4 missing_status
r; t=0.00 20:00:09

. label variable ms_q2_4 "Form routing/missingness: q2_4"
r; t=0.00 20:00:09

. replace qc_applicable_missing = qc_applicable_missing + (__ap == 1 & missing(q2_4_raw))
(0 real changes made)
r; t=0.00 20:00:09

. replace qc_required_missing = qc_required_missing + (__ap == 1 & missing(q2_4_raw))
(0 real changes made)
r; t=0.00 20:00:09

. replace qc_skip_conflicts = qc_skip_conflicts + (__ap == 0 & !missing(q2_4_raw))
(0 real changes made)
r; t=0.00 20:00:09

. drop __ap
r; t=0.00 20:00:09

. generate byte __ap = (consent_agree_raw == "1" & screener_raw == "1" & (q2_4_raw == "2"))
r; t=0.00 20:00:09

. replace __ap = . if (missing(q2_4_raw) | missing(consent_agree_raw) | missing(screener_raw))
(395 real changes made, 395 to missing)
r; t=0.00 20:00:09

. replace __ap = 0 if (!missing(consent_agree_raw) & consent_agree_raw != "1") | (!missing(screener_raw) & screener_raw !
> = "1")
(0 real changes made)
r; t=0.00 20:00:09

. replace __ap = 0 if missing(q2_4_raw) & __route_q2_4 == 0
(395 real changes made)
r; t=0.00 20:00:09

. generate byte __route_q2_4_1 = __ap
r; t=0.00 20:00:09

. generate byte ms_q2_4_1 = cond(missing(q2_4_1_raw),cond(missing(__ap),3,cond(__ap==1,1,2)),cond(missing(__ap),5,cond(__
> ap==0,4,0)))
r; t=0.00 20:00:09

. label values ms_q2_4_1 missing_status
r; t=0.00 20:00:09

. label variable ms_q2_4_1 "Form routing/missingness: q2_4_1"
r; t=0.00 20:00:09

. replace qc_applicable_missing = qc_applicable_missing + (__ap == 1 & missing(q2_4_1_raw))
(0 real changes made)
r; t=0.00 20:00:09

. replace qc_skip_conflicts = qc_skip_conflicts + (__ap == 0 & !missing(q2_4_1_raw))
(0 real changes made)
r; t=0.00 20:00:09

. drop __ap
r; t=0.00 20:00:09

. generate byte __ap = (consent_agree_raw == "1" & screener_raw == "1" & (q2_4_1_raw == "others_please_specify"))
r; t=0.00 20:00:09

. replace __ap = . if (missing(consent_agree_raw) | missing(screener_raw) | missing(q2_4_1_raw))
(647 real changes made, 647 to missing)
r; t=0.00 20:00:09

. replace __ap = 0 if (!missing(consent_agree_raw) & consent_agree_raw != "1") | (!missing(screener_raw) & screener_raw !
> = "1")
(0 real changes made)
r; t=0.00 20:00:09

. replace __ap = 0 if missing(q2_4_1_raw) & __route_q2_4_1 == 0
(647 real changes made)
r; t=0.00 20:00:09

. generate byte __route_q2_4_1_other = __ap
r; t=0.00 20:00:09

. generate byte ms_q2_4_1_other = cond(missing(q2_4_1_other),cond(missing(__ap),3,cond(__ap==1,1,2)),cond(missing(__ap),5
> ,cond(__ap==0,4,0)))
r; t=0.00 20:00:09

. label values ms_q2_4_1_other missing_status
r; t=0.00 20:00:09

. label variable ms_q2_4_1_other "Form routing/missingness: q2_4_1_other"
r; t=0.00 20:00:09

. replace qc_applicable_missing = qc_applicable_missing + (__ap == 1 & missing(q2_4_1_other))
(0 real changes made)
r; t=0.00 20:00:09

. replace qc_skip_conflicts = qc_skip_conflicts + (__ap == 0 & !missing(q2_4_1_other))
(0 real changes made)
r; t=0.00 20:00:09

. drop __ap
r; t=0.00 20:00:09

. generate byte __ap = (consent_agree_raw == "1" & screener_raw == "1" & (age >= 22 & q2_4_raw == "1"))
r; t=0.00 20:00:09

. replace __ap = . if (missing(q2_4_raw) | missing(consent_agree_raw) | missing(screener_raw) | missing(age))
(395 real changes made, 395 to missing)
r; t=0.00 20:00:09

. replace __ap = 0 if (!missing(consent_agree_raw) & consent_agree_raw != "1") | (!missing(screener_raw) & screener_raw !
> = "1")
(0 real changes made)
r; t=0.00 20:00:09

. replace __ap = 0 if age < 22
(395 real changes made)
r; t=0.00 20:00:09

. replace __ap = 0 if missing(q2_4_raw) & __route_q2_4 == 0
(0 real changes made)
r; t=0.00 20:00:09

. generate byte __route_q2_5 = __ap
r; t=0.00 20:00:09

. generate byte ms_q2_5 = cond(missing(q2_5_raw),cond(missing(__ap),3,cond(__ap==1,1,2)),cond(missing(__ap),5,cond(__ap==
> 0,4,0)))
r; t=0.00 20:00:09

. label values ms_q2_5 missing_status
r; t=0.00 20:00:09

. label variable ms_q2_5 "Form routing/missingness: q2_5"
r; t=0.00 20:00:09

. replace qc_applicable_missing = qc_applicable_missing + (__ap == 1 & missing(q2_5_raw))
(0 real changes made)
r; t=0.00 20:00:09

. replace qc_required_missing = qc_required_missing + (__ap == 1 & missing(q2_5_raw))
(0 real changes made)
r; t=0.00 20:00:09

. replace qc_skip_conflicts = qc_skip_conflicts + (__ap == 0 & !missing(q2_5_raw))
(13 real changes made)
r; t=0.00 20:00:09

. drop __ap
r; t=0.00 20:00:09

. generate byte __ap = (consent_agree_raw == "1" & screener_raw == "1" & (q2_5_raw == "2"))
r; t=0.00 20:00:09

. replace __ap = . if (missing(consent_agree_raw) | missing(screener_raw) | missing(q2_5_raw))
(627 real changes made, 627 to missing)
r; t=0.00 20:00:09

. replace __ap = 0 if (!missing(consent_agree_raw) & consent_agree_raw != "1") | (!missing(screener_raw) & screener_raw !
> = "1")
(0 real changes made)
r; t=0.00 20:00:09

. replace __ap = 0 if missing(q2_5_raw) & __route_q2_5 == 0
(627 real changes made)
r; t=0.00 20:00:09

. generate byte __route_q2_5_1 = __ap
r; t=0.00 20:00:09

. generate byte ms_q2_5_1 = cond(missing(q2_5_1_raw),cond(missing(__ap),3,cond(__ap==1,1,2)),cond(missing(__ap),5,cond(__
> ap==0,4,0)))
r; t=0.00 20:00:09

. label values ms_q2_5_1 missing_status
r; t=0.00 20:00:09

. label variable ms_q2_5_1 "Form routing/missingness: q2_5_1"
r; t=0.00 20:00:09

. replace qc_applicable_missing = qc_applicable_missing + (__ap == 1 & missing(q2_5_1_raw))
(0 real changes made)
r; t=0.00 20:00:09

. replace qc_skip_conflicts = qc_skip_conflicts + (__ap == 0 & !missing(q2_5_1_raw))
(0 real changes made)
r; t=0.00 20:00:09

. drop __ap
r; t=0.00 20:00:09

. generate byte __ap = (consent_agree_raw == "1" & screener_raw == "1" & (q2_5_1_raw == "others_please_specify"))
r; t=0.00 20:00:09

. replace __ap = . if (missing(consent_agree_raw) | missing(screener_raw) | missing(q2_5_1_raw))
(860 real changes made, 860 to missing)
r; t=0.00 20:00:09

. replace __ap = 0 if (!missing(consent_agree_raw) & consent_agree_raw != "1") | (!missing(screener_raw) & screener_raw !
> = "1")
(0 real changes made)
r; t=0.00 20:00:09

. replace __ap = 0 if missing(q2_5_1_raw) & __route_q2_5_1 == 0
(860 real changes made)
r; t=0.00 20:00:09

. generate byte __route_q2_5_1_other = __ap
r; t=0.00 20:00:09

. generate byte ms_q2_5_1_other = cond(missing(q2_5_1_other),cond(missing(__ap),3,cond(__ap==1,1,2)),cond(missing(__ap),5
> ,cond(__ap==0,4,0)))
r; t=0.00 20:00:09

. label values ms_q2_5_1_other missing_status
r; t=0.00 20:00:09

. label variable ms_q2_5_1_other "Form routing/missingness: q2_5_1_other"
r; t=0.00 20:00:09

. replace qc_applicable_missing = qc_applicable_missing + (__ap == 1 & missing(q2_5_1_other))
(0 real changes made)
r; t=0.00 20:00:09

. replace qc_skip_conflicts = qc_skip_conflicts + (__ap == 0 & !missing(q2_5_1_other))
(0 real changes made)
r; t=0.00 20:00:09

. drop __ap
r; t=0.00 20:00:09

. generate byte __ap = (consent_agree_raw == "1" & screener_raw == "1" & (age >= 22))
r; t=0.00 20:00:09

. replace __ap = . if (missing(consent_agree_raw) | missing(screener_raw) | missing(age))
(0 real changes made)
r; t=0.00 20:00:09

. replace __ap = 0 if (!missing(consent_agree_raw) & consent_agree_raw != "1") | (!missing(screener_raw) & screener_raw !
> = "1")
(0 real changes made)
r; t=0.00 20:00:09

. replace __ap = 0 if age < 22
(0 real changes made)
r; t=0.00 20:00:09

. generate byte __route_q2_6 = __ap
r; t=0.00 20:00:09

. generate byte ms_q2_6 = cond(missing(q2_6_raw),cond(missing(__ap),3,cond(__ap==1,1,2)),cond(missing(__ap),5,cond(__ap==
> 0,4,0)))
r; t=0.00 20:00:09

. label values ms_q2_6 missing_status
r; t=0.00 20:00:09

. label variable ms_q2_6 "Form routing/missingness: q2_6"
r; t=0.00 20:00:09

. replace qc_applicable_missing = qc_applicable_missing + (__ap == 1 & missing(q2_6_raw))
(0 real changes made)
r; t=0.00 20:00:09

. replace qc_required_missing = qc_required_missing + (__ap == 1 & missing(q2_6_raw))
(0 real changes made)
r; t=0.00 20:00:09

. replace qc_skip_conflicts = qc_skip_conflicts + (__ap == 0 & !missing(q2_6_raw))
(0 real changes made)
r; t=0.00 20:00:09

. drop __ap
r; t=0.00 20:00:09

. generate byte __ap = (consent_agree_raw == "1" & screener_raw == "1" & (q2_6_raw == "2"))
r; t=0.00 20:00:09

. replace __ap = . if (missing(q2_6_raw) | missing(consent_agree_raw) | missing(screener_raw))
(395 real changes made, 395 to missing)
r; t=0.00 20:00:09

. replace __ap = 0 if (!missing(consent_agree_raw) & consent_agree_raw != "1") | (!missing(screener_raw) & screener_raw !
> = "1")
(0 real changes made)
r; t=0.00 20:00:09

. replace __ap = 0 if missing(q2_6_raw) & __route_q2_6 == 0
(395 real changes made)
r; t=0.00 20:00:09

. generate byte __route_q2_6_1 = __ap
r; t=0.00 20:00:09

. generate byte ms_q2_6_1 = cond(missing(q2_6_1_raw),cond(missing(__ap),3,cond(__ap==1,1,2)),cond(missing(__ap),5,cond(__
> ap==0,4,0)))
r; t=0.00 20:00:09

. label values ms_q2_6_1 missing_status
r; t=0.00 20:00:09

. label variable ms_q2_6_1 "Form routing/missingness: q2_6_1"
r; t=0.00 20:00:09

. replace qc_applicable_missing = qc_applicable_missing + (__ap == 1 & missing(q2_6_1_raw))
(0 real changes made)
r; t=0.00 20:00:09

. replace qc_skip_conflicts = qc_skip_conflicts + (__ap == 0 & !missing(q2_6_1_raw))
(0 real changes made)
r; t=0.00 20:00:09

. drop __ap
r; t=0.00 20:00:09

. generate byte __ap = (consent_agree_raw == "1" & screener_raw == "1" & (q2_6_1_raw == "others_please_specify"))
r; t=0.00 20:00:09

. replace __ap = . if (missing(consent_agree_raw) | missing(screener_raw) | missing(q2_6_1_raw))
(645 real changes made, 645 to missing)
r; t=0.00 20:00:09

. replace __ap = 0 if (!missing(consent_agree_raw) & consent_agree_raw != "1") | (!missing(screener_raw) & screener_raw !
> = "1")
(0 real changes made)
r; t=0.00 20:00:09

. replace __ap = 0 if missing(q2_6_1_raw) & __route_q2_6_1 == 0
(645 real changes made)
r; t=0.00 20:00:09

. generate byte __route_q2_6_1_other = __ap
r; t=0.00 20:00:09

. generate byte ms_q2_6_1_other = cond(missing(q2_6_1_other),cond(missing(__ap),3,cond(__ap==1,1,2)),cond(missing(__ap),5
> ,cond(__ap==0,4,0)))
r; t=0.00 20:00:09

. label values ms_q2_6_1_other missing_status
r; t=0.00 20:00:09

. label variable ms_q2_6_1_other "Form routing/missingness: q2_6_1_other"
r; t=0.00 20:00:09

. replace qc_applicable_missing = qc_applicable_missing + (__ap == 1 & missing(q2_6_1_other))
(0 real changes made)
r; t=0.00 20:00:09

. replace qc_skip_conflicts = qc_skip_conflicts + (__ap == 0 & !missing(q2_6_1_other))
(0 real changes made)
r; t=0.00 20:00:09

. drop __ap
r; t=0.00 20:00:09

. generate byte __ap = (consent_agree_raw == "1" & screener_raw == "1")
r; t=0.00 20:00:09

. replace __ap = . if (missing(consent_agree_raw) | missing(screener_raw))
(0 real changes made)
r; t=0.00 20:00:09

. replace __ap = 0 if (!missing(consent_agree_raw) & consent_agree_raw != "1") | (!missing(screener_raw) & screener_raw !
> = "1")
(0 real changes made)
r; t=0.00 20:00:09

. generate byte __route_q2_7 = __ap
r; t=0.00 20:00:09

. replace qc_applicable_missing = qc_applicable_missing + (__ap == 1 & missing(q2_7_raw))
(0 real changes made)
r; t=0.00 20:00:09

. replace qc_required_missing = qc_required_missing + (__ap == 1 & missing(q2_7_raw))
(0 real changes made)
r; t=0.00 20:00:09

. replace qc_skip_conflicts = qc_skip_conflicts + (__ap == 0 & !missing(q2_7_raw))
(0 real changes made)
r; t=0.00 20:00:09

. drop __ap
r; t=0.00 20:00:09

. generate byte __ap = (consent_agree_raw == "1" & screener_raw == "1" & (q2_7_raw == "3" | q2_7_raw == "4"))
r; t=0.00 20:00:09

. replace __ap = . if (missing(consent_agree_raw) | missing(screener_raw) | missing(q2_7_raw))
(0 real changes made)
r; t=0.00 20:00:09

. replace __ap = 0 if (!missing(consent_agree_raw) & consent_agree_raw != "1") | (!missing(screener_raw) & screener_raw !
> = "1")
(0 real changes made)
r; t=0.00 20:00:09

. replace __ap = 0 if missing(q2_7_raw) & __route_q2_7 == 0
(0 real changes made)
r; t=0.00 20:00:09

. replace __ap = 0 if missing(q2_7_raw) & __route_q2_7 == 0
(0 real changes made)
r; t=0.00 20:00:09

. generate byte __route_q2_7_1 = __ap
r; t=0.00 20:00:09

. generate byte ms_q2_7_1 = cond(missing(q2_7_1_raw),cond(missing(__ap),3,cond(__ap==1,1,2)),cond(missing(__ap),5,cond(__
> ap==0,4,0)))
r; t=0.00 20:00:09

. label values ms_q2_7_1 missing_status
r; t=0.00 20:00:09

. label variable ms_q2_7_1 "Form routing/missingness: q2_7_1"
r; t=0.00 20:00:09

. replace qc_applicable_missing = qc_applicable_missing + (__ap == 1 & missing(q2_7_1_raw))
(0 real changes made)
r; t=0.00 20:00:09

. replace qc_skip_conflicts = qc_skip_conflicts + (__ap == 0 & !missing(q2_7_1_raw))
(0 real changes made)
r; t=0.00 20:00:09

. drop __ap
r; t=0.00 20:00:09

. generate byte __ap = (consent_agree_raw == "1" & screener_raw == "1")
r; t=0.00 20:00:09

. replace __ap = . if (missing(consent_agree_raw) | missing(screener_raw))
(0 real changes made)
r; t=0.00 20:00:09

. replace __ap = 0 if (!missing(consent_agree_raw) & consent_agree_raw != "1") | (!missing(screener_raw) & screener_raw !
> = "1")
(0 real changes made)
r; t=0.00 20:00:09

. generate byte __route_q2_8_1 = __ap
r; t=0.00 20:00:09

. replace qc_applicable_missing = qc_applicable_missing + (__ap == 1 & missing(q2_8_1_raw))
(0 real changes made)
r; t=0.00 20:00:09

. replace qc_required_missing = qc_required_missing + (__ap == 1 & missing(q2_8_1_raw))
(0 real changes made)
r; t=0.00 20:00:09

. replace qc_skip_conflicts = qc_skip_conflicts + (__ap == 0 & !missing(q2_8_1_raw))
(0 real changes made)
r; t=0.00 20:00:09

. drop __ap
r; t=0.00 20:00:09

. generate byte __ap = (consent_agree_raw == "1" & screener_raw == "1")
r; t=0.00 20:00:09

. replace __ap = . if (missing(consent_agree_raw) | missing(screener_raw))
(0 real changes made)
r; t=0.00 20:00:09

. replace __ap = 0 if (!missing(consent_agree_raw) & consent_agree_raw != "1") | (!missing(screener_raw) & screener_raw !
> = "1")
(0 real changes made)
r; t=0.00 20:00:09

. generate byte __route_q2_8_2 = __ap
r; t=0.00 20:00:09

. replace qc_applicable_missing = qc_applicable_missing + (__ap == 1 & missing(q2_8_2_raw))
(0 real changes made)
r; t=0.00 20:00:09

. replace qc_required_missing = qc_required_missing + (__ap == 1 & missing(q2_8_2_raw))
(0 real changes made)
r; t=0.00 20:00:09

. replace qc_skip_conflicts = qc_skip_conflicts + (__ap == 0 & !missing(q2_8_2_raw))
(0 real changes made)
r; t=0.00 20:00:09

. drop __ap
r; t=0.00 20:00:09

. generate byte __ap = (consent_agree_raw == "1" & screener_raw == "1")
r; t=0.00 20:00:09

. replace __ap = . if (missing(consent_agree_raw) | missing(screener_raw))
(0 real changes made)
r; t=0.00 20:00:09

. replace __ap = 0 if (!missing(consent_agree_raw) & consent_agree_raw != "1") | (!missing(screener_raw) & screener_raw !
> = "1")
(0 real changes made)
r; t=0.00 20:00:09

. generate byte __route_q2_8_3 = __ap
r; t=0.00 20:00:09

. replace qc_applicable_missing = qc_applicable_missing + (__ap == 1 & missing(q2_8_3_raw))
(0 real changes made)
r; t=0.00 20:00:09

. replace qc_required_missing = qc_required_missing + (__ap == 1 & missing(q2_8_3_raw))
(0 real changes made)
r; t=0.00 20:00:09

. replace qc_skip_conflicts = qc_skip_conflicts + (__ap == 0 & !missing(q2_8_3_raw))
(0 real changes made)
r; t=0.00 20:00:09

. drop __ap
r; t=0.00 20:00:09

. generate byte __ap = (consent_agree_raw == "1" & screener_raw == "1")
r; t=0.00 20:00:09

. replace __ap = . if (missing(consent_agree_raw) | missing(screener_raw))
(0 real changes made)
r; t=0.00 20:00:09

. replace __ap = 0 if (!missing(consent_agree_raw) & consent_agree_raw != "1") | (!missing(screener_raw) & screener_raw !
> = "1")
(0 real changes made)
r; t=0.00 20:00:09

. generate byte __route_q2_8_4 = __ap
r; t=0.00 20:00:09

. replace qc_applicable_missing = qc_applicable_missing + (__ap == 1 & missing(q2_8_4_raw))
(0 real changes made)
r; t=0.00 20:00:09

. replace qc_required_missing = qc_required_missing + (__ap == 1 & missing(q2_8_4_raw))
(0 real changes made)
r; t=0.00 20:00:09

. replace qc_skip_conflicts = qc_skip_conflicts + (__ap == 0 & !missing(q2_8_4_raw))
(0 real changes made)
r; t=0.00 20:00:09

. drop __ap
r; t=0.00 20:00:09

. generate byte __ap = (consent_agree_raw == "1" & screener_raw == "1")
r; t=0.00 20:00:09

. replace __ap = . if (missing(consent_agree_raw) | missing(screener_raw))
(0 real changes made)
r; t=0.00 20:00:09

. replace __ap = 0 if (!missing(consent_agree_raw) & consent_agree_raw != "1") | (!missing(screener_raw) & screener_raw !
> = "1")
(0 real changes made)
r; t=0.00 20:00:09

. generate byte __route_q2_8_5 = __ap
r; t=0.00 20:00:09

. replace qc_applicable_missing = qc_applicable_missing + (__ap == 1 & missing(q2_8_5_raw))
(0 real changes made)
r; t=0.00 20:00:09

. replace qc_required_missing = qc_required_missing + (__ap == 1 & missing(q2_8_5_raw))
(0 real changes made)
r; t=0.00 20:00:09

. replace qc_skip_conflicts = qc_skip_conflicts + (__ap == 0 & !missing(q2_8_5_raw))
(0 real changes made)
r; t=0.00 20:00:09

. drop __ap
r; t=0.00 20:00:09

. generate byte __ap = (consent_agree_raw == "1" & screener_raw == "1")
r; t=0.00 20:00:09

. replace __ap = . if (missing(consent_agree_raw) | missing(screener_raw))
(0 real changes made)
r; t=0.00 20:00:09

. replace __ap = 0 if (!missing(consent_agree_raw) & consent_agree_raw != "1") | (!missing(screener_raw) & screener_raw !
> = "1")
(0 real changes made)
r; t=0.00 20:00:09

. generate byte __route_q2_8_6 = __ap
r; t=0.00 20:00:09

. replace qc_applicable_missing = qc_applicable_missing + (__ap == 1 & missing(q2_8_6_raw))
(0 real changes made)
r; t=0.00 20:00:09

. replace qc_required_missing = qc_required_missing + (__ap == 1 & missing(q2_8_6_raw))
(0 real changes made)
r; t=0.00 20:00:09

. replace qc_skip_conflicts = qc_skip_conflicts + (__ap == 0 & !missing(q2_8_6_raw))
(0 real changes made)
r; t=0.00 20:00:09

. drop __ap
r; t=0.00 20:00:09

. generate byte __ap = (consent_agree_raw == "1" & screener_raw == "1")
r; t=0.00 20:00:09

. replace __ap = . if (missing(consent_agree_raw) | missing(screener_raw))
(0 real changes made)
r; t=0.00 20:00:09

. replace __ap = 0 if (!missing(consent_agree_raw) & consent_agree_raw != "1") | (!missing(screener_raw) & screener_raw !
> = "1")
(0 real changes made)
r; t=0.00 20:00:09

. generate byte __route_q2_9 = __ap
r; t=0.00 20:00:09

. replace qc_applicable_missing = qc_applicable_missing + (__ap == 1 & missing(q2_9_raw))
(0 real changes made)
r; t=0.00 20:00:09

. replace qc_required_missing = qc_required_missing + (__ap == 1 & missing(q2_9_raw))
(0 real changes made)
r; t=0.00 20:00:09

. replace qc_skip_conflicts = qc_skip_conflicts + (__ap == 0 & !missing(q2_9_raw))
(0 real changes made)
r; t=0.00 20:00:09

. drop __ap
r; t=0.00 20:00:09

. generate byte __ap = (consent_agree_raw == "1" & screener_raw == "1")
r; t=0.00 20:00:09

. replace __ap = . if (missing(consent_agree_raw) | missing(screener_raw))
(0 real changes made)
r; t=0.00 20:00:09

. replace __ap = 0 if (!missing(consent_agree_raw) & consent_agree_raw != "1") | (!missing(screener_raw) & screener_raw !
> = "1")
(0 real changes made)
r; t=0.00 20:00:09

. generate byte __route_q3_1_1 = __ap
r; t=0.00 20:00:09

. replace qc_applicable_missing = qc_applicable_missing + (__ap == 1 & missing(q3_1_1_raw))
(0 real changes made)
r; t=0.00 20:00:09

. replace qc_required_missing = qc_required_missing + (__ap == 1 & missing(q3_1_1_raw))
(0 real changes made)
r; t=0.00 20:00:09

. replace qc_skip_conflicts = qc_skip_conflicts + (__ap == 0 & !missing(q3_1_1_raw))
(0 real changes made)
r; t=0.00 20:00:09

. drop __ap
r; t=0.00 20:00:09

. generate byte __ap = (consent_agree_raw == "1" & screener_raw == "1")
r; t=0.00 20:00:09

. replace __ap = . if (missing(consent_agree_raw) | missing(screener_raw))
(0 real changes made)
r; t=0.00 20:00:09

. replace __ap = 0 if (!missing(consent_agree_raw) & consent_agree_raw != "1") | (!missing(screener_raw) & screener_raw !
> = "1")
(0 real changes made)
r; t=0.00 20:00:09

. generate byte __route_q3_1_2 = __ap
r; t=0.00 20:00:09

. replace qc_applicable_missing = qc_applicable_missing + (__ap == 1 & missing(q3_1_2_raw))
(0 real changes made)
r; t=0.00 20:00:09

. replace qc_required_missing = qc_required_missing + (__ap == 1 & missing(q3_1_2_raw))
(0 real changes made)
r; t=0.00 20:00:09

. replace qc_skip_conflicts = qc_skip_conflicts + (__ap == 0 & !missing(q3_1_2_raw))
(0 real changes made)
r; t=0.00 20:00:09

. drop __ap
r; t=0.00 20:00:09

. generate byte __ap = (consent_agree_raw == "1" & screener_raw == "1")
r; t=0.00 20:00:09

. replace __ap = . if (missing(consent_agree_raw) | missing(screener_raw))
(0 real changes made)
r; t=0.00 20:00:09

. replace __ap = 0 if (!missing(consent_agree_raw) & consent_agree_raw != "1") | (!missing(screener_raw) & screener_raw !
> = "1")
(0 real changes made)
r; t=0.00 20:00:09

. generate byte __route_q3_1_2_001 = __ap
r; t=0.00 20:00:09

. replace qc_applicable_missing = qc_applicable_missing + (__ap == 1 & missing(q3_1_2_001_raw))
(0 real changes made)
r; t=0.00 20:00:09

. replace qc_required_missing = qc_required_missing + (__ap == 1 & missing(q3_1_2_001_raw))
(0 real changes made)
r; t=0.00 20:00:09

. replace qc_skip_conflicts = qc_skip_conflicts + (__ap == 0 & !missing(q3_1_2_001_raw))
(0 real changes made)
r; t=0.00 20:00:09

. drop __ap
r; t=0.00 20:00:09

. generate byte __ap = (consent_agree_raw == "1" & screener_raw == "1")
r; t=0.00 20:00:09

. replace __ap = . if (missing(consent_agree_raw) | missing(screener_raw))
(0 real changes made)
r; t=0.00 20:00:09

. replace __ap = 0 if (!missing(consent_agree_raw) & consent_agree_raw != "1") | (!missing(screener_raw) & screener_raw !
> = "1")
(0 real changes made)
r; t=0.00 20:00:09

. generate byte __route_q3_1_3 = __ap
r; t=0.00 20:00:09

. replace qc_applicable_missing = qc_applicable_missing + (__ap == 1 & missing(q3_1_3_raw))
(0 real changes made)
r; t=0.00 20:00:09

. replace qc_required_missing = qc_required_missing + (__ap == 1 & missing(q3_1_3_raw))
(0 real changes made)
r; t=0.00 20:00:09

. replace qc_skip_conflicts = qc_skip_conflicts + (__ap == 0 & !missing(q3_1_3_raw))
(0 real changes made)
r; t=0.00 20:00:09

. drop __ap
r; t=0.00 20:00:09

. generate byte __ap = (consent_agree_raw == "1" & screener_raw == "1")
r; t=0.00 20:00:09

. replace __ap = . if (missing(consent_agree_raw) | missing(screener_raw))
(0 real changes made)
r; t=0.00 20:00:09

. replace __ap = 0 if (!missing(consent_agree_raw) & consent_agree_raw != "1") | (!missing(screener_raw) & screener_raw !
> = "1")
(0 real changes made)
r; t=0.00 20:00:09

. generate byte __route_q3_1_3_001 = __ap
r; t=0.00 20:00:09

. replace qc_applicable_missing = qc_applicable_missing + (__ap == 1 & missing(q3_1_3_001_raw))
(0 real changes made)
r; t=0.00 20:00:09

. replace qc_required_missing = qc_required_missing + (__ap == 1 & missing(q3_1_3_001_raw))
(0 real changes made)
r; t=0.00 20:00:09

. replace qc_skip_conflicts = qc_skip_conflicts + (__ap == 0 & !missing(q3_1_3_001_raw))
(0 real changes made)
r; t=0.00 20:00:09

. drop __ap
r; t=0.00 20:00:09

. generate byte __ap = (consent_agree_raw == "1" & screener_raw == "1")
r; t=0.00 20:00:09

. replace __ap = . if (missing(consent_agree_raw) | missing(screener_raw))
(0 real changes made)
r; t=0.00 20:00:09

. replace __ap = 0 if (!missing(consent_agree_raw) & consent_agree_raw != "1") | (!missing(screener_raw) & screener_raw !
> = "1")
(0 real changes made)
r; t=0.00 20:00:09

. generate byte __route_q3_1_4 = __ap
r; t=0.00 20:00:09

. replace qc_applicable_missing = qc_applicable_missing + (__ap == 1 & missing(q3_1_4_raw))
(0 real changes made)
r; t=0.00 20:00:09

. replace qc_required_missing = qc_required_missing + (__ap == 1 & missing(q3_1_4_raw))
(0 real changes made)
r; t=0.00 20:00:09

. replace qc_skip_conflicts = qc_skip_conflicts + (__ap == 0 & !missing(q3_1_4_raw))
(0 real changes made)
r; t=0.00 20:00:09

. drop __ap
r; t=0.00 20:00:09

. generate byte __ap = (consent_agree_raw == "1" & screener_raw == "1")
r; t=0.00 20:00:09

. replace __ap = . if (missing(consent_agree_raw) | missing(screener_raw))
(0 real changes made)
r; t=0.00 20:00:09

. replace __ap = 0 if (!missing(consent_agree_raw) & consent_agree_raw != "1") | (!missing(screener_raw) & screener_raw !
> = "1")
(0 real changes made)
r; t=0.00 20:00:09

. generate byte __route_q3_1_5 = __ap
r; t=0.00 20:00:09

. replace qc_applicable_missing = qc_applicable_missing + (__ap == 1 & missing(q3_1_5_raw))
(0 real changes made)
r; t=0.00 20:00:09

. replace qc_required_missing = qc_required_missing + (__ap == 1 & missing(q3_1_5_raw))
(0 real changes made)
r; t=0.00 20:00:09

. replace qc_skip_conflicts = qc_skip_conflicts + (__ap == 0 & !missing(q3_1_5_raw))
(0 real changes made)
r; t=0.00 20:00:09

. drop __ap
r; t=0.00 20:00:09

. generate byte __ap = (consent_agree_raw == "1" & screener_raw == "1")
r; t=0.00 20:00:09

. replace __ap = . if (missing(consent_agree_raw) | missing(screener_raw))
(0 real changes made)
r; t=0.00 20:00:09

. replace __ap = 0 if (!missing(consent_agree_raw) & consent_agree_raw != "1") | (!missing(screener_raw) & screener_raw !
> = "1")
(0 real changes made)
r; t=0.00 20:00:09

. generate byte __route_q3_1_6 = __ap
r; t=0.00 20:00:09

. replace qc_applicable_missing = qc_applicable_missing + (__ap == 1 & missing(q3_1_6_raw))
(0 real changes made)
r; t=0.00 20:00:09

. replace qc_required_missing = qc_required_missing + (__ap == 1 & missing(q3_1_6_raw))
(0 real changes made)
r; t=0.00 20:00:09

. replace qc_skip_conflicts = qc_skip_conflicts + (__ap == 0 & !missing(q3_1_6_raw))
(0 real changes made)
r; t=0.00 20:00:09

. drop __ap
r; t=0.00 20:00:09

. generate byte __ap = (consent_agree_raw == "1" & screener_raw == "1")
r; t=0.00 20:00:09

. replace __ap = . if (missing(consent_agree_raw) | missing(screener_raw))
(0 real changes made)
r; t=0.00 20:00:09

. replace __ap = 0 if (!missing(consent_agree_raw) & consent_agree_raw != "1") | (!missing(screener_raw) & screener_raw !
> = "1")
(0 real changes made)
r; t=0.00 20:00:09

. generate byte __route_q3_1_7 = __ap
r; t=0.00 20:00:09

. replace qc_applicable_missing = qc_applicable_missing + (__ap == 1 & missing(q3_1_7_raw))
(0 real changes made)
r; t=0.00 20:00:09

. replace qc_required_missing = qc_required_missing + (__ap == 1 & missing(q3_1_7_raw))
(0 real changes made)
r; t=0.00 20:00:09

. replace qc_skip_conflicts = qc_skip_conflicts + (__ap == 0 & !missing(q3_1_7_raw))
(0 real changes made)
r; t=0.00 20:00:09

. drop __ap
r; t=0.00 20:00:09

. generate byte __ap = (consent_agree_raw == "1" & screener_raw == "1")
r; t=0.00 20:00:09

. replace __ap = . if (missing(consent_agree_raw) | missing(screener_raw))
(0 real changes made)
r; t=0.00 20:00:09

. replace __ap = 0 if (!missing(consent_agree_raw) & consent_agree_raw != "1") | (!missing(screener_raw) & screener_raw !
> = "1")
(0 real changes made)
r; t=0.00 20:00:09

. generate byte __route_q3_2 = __ap
r; t=0.00 20:00:09

. replace qc_applicable_missing = qc_applicable_missing + (__ap == 1 & missing(q3_2_raw))
(0 real changes made)
r; t=0.00 20:00:09

. replace qc_required_missing = qc_required_missing + (__ap == 1 & missing(q3_2_raw))
(0 real changes made)
r; t=0.00 20:00:09

. replace qc_skip_conflicts = qc_skip_conflicts + (__ap == 0 & !missing(q3_2_raw))
(0 real changes made)
r; t=0.00 20:00:09

. drop __ap
r; t=0.00 20:00:09

. generate byte __ap = (consent_agree_raw == "1" & screener_raw == "1")
r; t=0.00 20:00:09

. replace __ap = . if (missing(consent_agree_raw) | missing(screener_raw))
(0 real changes made)
r; t=0.00 20:00:09

. replace __ap = 0 if (!missing(consent_agree_raw) & consent_agree_raw != "1") | (!missing(screener_raw) & screener_raw !
> = "1")
(0 real changes made)
r; t=0.00 20:00:09

. generate byte __route_q3_3 = __ap
r; t=0.00 20:00:09

. replace qc_applicable_missing = qc_applicable_missing + (__ap == 1 & missing(q3_3_raw))
(0 real changes made)
r; t=0.00 20:00:09

. replace qc_required_missing = qc_required_missing + (__ap == 1 & missing(q3_3_raw))
(0 real changes made)
r; t=0.00 20:00:09

. replace qc_skip_conflicts = qc_skip_conflicts + (__ap == 0 & !missing(q3_3_raw))
(0 real changes made)
r; t=0.00 20:00:09

. drop __ap
r; t=0.00 20:00:09

. generate byte __ap = (consent_agree_raw == "1" & screener_raw == "1")
r; t=0.00 20:00:09

. replace __ap = . if (missing(consent_agree_raw) | missing(screener_raw))
(0 real changes made)
r; t=0.00 20:00:09

. replace __ap = 0 if (!missing(consent_agree_raw) & consent_agree_raw != "1") | (!missing(screener_raw) & screener_raw !
> = "1")
(0 real changes made)
r; t=0.00 20:00:09

. generate byte __route_q3_4 = __ap
r; t=0.00 20:00:09

. replace qc_applicable_missing = qc_applicable_missing + (__ap == 1 & missing(q3_4_raw))
(0 real changes made)
r; t=0.00 20:00:09

. replace qc_required_missing = qc_required_missing + (__ap == 1 & missing(q3_4_raw))
(0 real changes made)
r; t=0.00 20:00:09

. replace qc_skip_conflicts = qc_skip_conflicts + (__ap == 0 & !missing(q3_4_raw))
(0 real changes made)
r; t=0.00 20:00:09

. drop __ap
r; t=0.00 20:00:09

. generate byte __ap = (consent_agree_raw == "1" & screener_raw == "1")
r; t=0.00 20:00:09

. replace __ap = . if (missing(consent_agree_raw) | missing(screener_raw))
(0 real changes made)
r; t=0.00 20:00:09

. replace __ap = 0 if (!missing(consent_agree_raw) & consent_agree_raw != "1") | (!missing(screener_raw) & screener_raw !
> = "1")
(0 real changes made)
r; t=0.00 20:00:09

. generate byte __route_q3_5 = __ap
r; t=0.00 20:00:09

. replace qc_applicable_missing = qc_applicable_missing + (__ap == 1 & missing(q3_5_raw))
(0 real changes made)
r; t=0.00 20:00:09

. replace qc_required_missing = qc_required_missing + (__ap == 1 & missing(q3_5_raw))
(0 real changes made)
r; t=0.00 20:00:09

. replace qc_skip_conflicts = qc_skip_conflicts + (__ap == 0 & !missing(q3_5_raw))
(0 real changes made)
r; t=0.00 20:00:09

. drop __ap
r; t=0.00 20:00:09

. generate byte __ap = (consent_agree_raw == "1" & screener_raw == "1")
r; t=0.00 20:00:09

. replace __ap = . if (missing(consent_agree_raw) | missing(screener_raw))
(0 real changes made)
r; t=0.00 20:00:09

. replace __ap = 0 if (!missing(consent_agree_raw) & consent_agree_raw != "1") | (!missing(screener_raw) & screener_raw !
> = "1")
(0 real changes made)
r; t=0.00 20:00:09

. generate byte __route_q3_6 = __ap
r; t=0.00 20:00:09

. replace qc_applicable_missing = qc_applicable_missing + (__ap == 1 & missing(q3_6_raw))
(0 real changes made)
r; t=0.00 20:00:09

. replace qc_required_missing = qc_required_missing + (__ap == 1 & missing(q3_6_raw))
(0 real changes made)
r; t=0.00 20:00:09

. replace qc_skip_conflicts = qc_skip_conflicts + (__ap == 0 & !missing(q3_6_raw))
(0 real changes made)
r; t=0.00 20:00:09

. drop __ap
r; t=0.00 20:00:09

. generate byte __ap = (consent_agree_raw == "1" & screener_raw == "1")
r; t=0.00 20:00:09

. replace __ap = . if (missing(consent_agree_raw) | missing(screener_raw))
(0 real changes made)
r; t=0.00 20:00:09

. replace __ap = 0 if (!missing(consent_agree_raw) & consent_agree_raw != "1") | (!missing(screener_raw) & screener_raw !
> = "1")
(0 real changes made)
r; t=0.00 20:00:09

. generate byte __route_q3_7 = __ap
r; t=0.00 20:00:09

. replace qc_applicable_missing = qc_applicable_missing + (__ap == 1 & missing(q3_7_raw))
(0 real changes made)
r; t=0.00 20:00:09

. replace qc_required_missing = qc_required_missing + (__ap == 1 & missing(q3_7_raw))
(0 real changes made)
r; t=0.00 20:00:09

. replace qc_skip_conflicts = qc_skip_conflicts + (__ap == 0 & !missing(q3_7_raw))
(0 real changes made)
r; t=0.00 20:00:09

. drop __ap
r; t=0.00 20:00:09

. generate byte __ap = (consent_agree_raw == "1" & screener_raw == "1")
r; t=0.00 20:00:09

. replace __ap = . if (missing(consent_agree_raw) | missing(screener_raw))
(0 real changes made)
r; t=0.00 20:00:09

. replace __ap = 0 if (!missing(consent_agree_raw) & consent_agree_raw != "1") | (!missing(screener_raw) & screener_raw !
> = "1")
(0 real changes made)
r; t=0.00 20:00:09

. generate byte __route_q3_8 = __ap
r; t=0.00 20:00:09

. replace qc_applicable_missing = qc_applicable_missing + (__ap == 1 & missing(q3_8_raw))
(0 real changes made)
r; t=0.00 20:00:09

. replace qc_required_missing = qc_required_missing + (__ap == 1 & missing(q3_8_raw))
(0 real changes made)
r; t=0.00 20:00:09

. replace qc_skip_conflicts = qc_skip_conflicts + (__ap == 0 & !missing(q3_8_raw))
(0 real changes made)
r; t=0.00 20:00:09

. drop __ap
r; t=0.00 20:00:09

. generate byte __ap = (consent_agree_raw == "1" & screener_raw == "1")
r; t=0.00 20:00:09

. replace __ap = . if (missing(consent_agree_raw) | missing(screener_raw))
(0 real changes made)
r; t=0.00 20:00:09

. replace __ap = 0 if (!missing(consent_agree_raw) & consent_agree_raw != "1") | (!missing(screener_raw) & screener_raw !
> = "1")
(0 real changes made)
r; t=0.00 20:00:09

. generate byte __route_q3_9 = __ap
r; t=0.00 20:00:09

. replace qc_applicable_missing = qc_applicable_missing + (__ap == 1 & missing(q3_9_raw))
(0 real changes made)
r; t=0.00 20:00:09

. replace qc_required_missing = qc_required_missing + (__ap == 1 & missing(q3_9_raw))
(0 real changes made)
r; t=0.00 20:00:09

. replace qc_skip_conflicts = qc_skip_conflicts + (__ap == 0 & !missing(q3_9_raw))
(0 real changes made)
r; t=0.00 20:00:09

. drop __ap
r; t=0.00 20:00:09

. generate byte __ap = (consent_agree_raw == "1" & screener_raw == "1")
r; t=0.00 20:00:09

. replace __ap = . if (missing(consent_agree_raw) | missing(screener_raw))
(0 real changes made)
r; t=0.00 20:00:09

. replace __ap = 0 if (!missing(consent_agree_raw) & consent_agree_raw != "1") | (!missing(screener_raw) & screener_raw !
> = "1")
(0 real changes made)
r; t=0.00 20:00:09

. generate byte __route_q3_10_11 = __ap
r; t=0.00 20:00:09

. replace qc_applicable_missing = qc_applicable_missing + (__ap == 1 & missing(q3_10_11_raw))
(0 real changes made)
r; t=0.00 20:00:09

. replace qc_required_missing = qc_required_missing + (__ap == 1 & missing(q3_10_11_raw))
(0 real changes made)
r; t=0.00 20:00:09

. replace qc_skip_conflicts = qc_skip_conflicts + (__ap == 0 & !missing(q3_10_11_raw))
(0 real changes made)
r; t=0.00 20:00:09

. drop __ap
r; t=0.00 20:00:09

. generate byte __ap = (consent_agree_raw == "1" & screener_raw == "1")
r; t=0.00 20:00:09

. replace __ap = . if (missing(consent_agree_raw) | missing(screener_raw))
(0 real changes made)
r; t=0.00 20:00:09

. replace __ap = 0 if (!missing(consent_agree_raw) & consent_agree_raw != "1") | (!missing(screener_raw) & screener_raw !
> = "1")
(0 real changes made)
r; t=0.00 20:00:09

. generate byte __route_q3_10_11_001 = __ap
r; t=0.00 20:00:09

. replace qc_applicable_missing = qc_applicable_missing + (__ap == 1 & missing(q3_10_11_001_raw))
(0 real changes made)
r; t=0.00 20:00:09

. replace qc_required_missing = qc_required_missing + (__ap == 1 & missing(q3_10_11_001_raw))
(0 real changes made)
r; t=0.00 20:00:09

. replace qc_skip_conflicts = qc_skip_conflicts + (__ap == 0 & !missing(q3_10_11_001_raw))
(0 real changes made)
r; t=0.00 20:00:09

. drop __ap
r; t=0.00 20:00:09

. generate byte __ap = (consent_agree_raw == "1" & screener_raw == "1")
r; t=0.00 20:00:09

. replace __ap = . if (missing(consent_agree_raw) | missing(screener_raw))
(0 real changes made)
r; t=0.00 20:00:09

. replace __ap = 0 if (!missing(consent_agree_raw) & consent_agree_raw != "1") | (!missing(screener_raw) & screener_raw !
> = "1")
(0 real changes made)
r; t=0.00 20:00:09

. generate byte __route_q3_10_12 = __ap
r; t=0.00 20:00:09

. replace qc_applicable_missing = qc_applicable_missing + (__ap == 1 & missing(q3_10_12_raw))
(0 real changes made)
r; t=0.00 20:00:09

. replace qc_required_missing = qc_required_missing + (__ap == 1 & missing(q3_10_12_raw))
(0 real changes made)
r; t=0.00 20:00:09

. replace qc_skip_conflicts = qc_skip_conflicts + (__ap == 0 & !missing(q3_10_12_raw))
(0 real changes made)
r; t=0.00 20:00:09

. drop __ap
r; t=0.00 20:00:09

. generate byte __ap = (consent_agree_raw == "1" & screener_raw == "1")
r; t=0.00 20:00:09

. replace __ap = . if (missing(consent_agree_raw) | missing(screener_raw))
(0 real changes made)
r; t=0.00 20:00:09

. replace __ap = 0 if (!missing(consent_agree_raw) & consent_agree_raw != "1") | (!missing(screener_raw) & screener_raw !
> = "1")
(0 real changes made)
r; t=0.00 20:00:09

. generate byte __route_q3_10_13 = __ap
r; t=0.00 20:00:09

. replace qc_applicable_missing = qc_applicable_missing + (__ap == 1 & missing(q3_10_13_raw))
(0 real changes made)
r; t=0.00 20:00:09

. replace qc_required_missing = qc_required_missing + (__ap == 1 & missing(q3_10_13_raw))
(0 real changes made)
r; t=0.00 20:00:09

. replace qc_skip_conflicts = qc_skip_conflicts + (__ap == 0 & !missing(q3_10_13_raw))
(0 real changes made)
r; t=0.00 20:00:09

. drop __ap
r; t=0.00 20:00:09

. generate byte __ap = (consent_agree_raw == "1" & screener_raw == "1")
r; t=0.00 20:00:09

. replace __ap = . if (missing(consent_agree_raw) | missing(screener_raw))
(0 real changes made)
r; t=0.00 20:00:09

. replace __ap = 0 if (!missing(consent_agree_raw) & consent_agree_raw != "1") | (!missing(screener_raw) & screener_raw !
> = "1")
(0 real changes made)
r; t=0.00 20:00:09

. generate byte __route_q3_10_14 = __ap
r; t=0.00 20:00:09

. replace qc_applicable_missing = qc_applicable_missing + (__ap == 1 & missing(q3_10_14_raw))
(0 real changes made)
r; t=0.00 20:00:09

. replace qc_required_missing = qc_required_missing + (__ap == 1 & missing(q3_10_14_raw))
(0 real changes made)
r; t=0.00 20:00:09

. replace qc_skip_conflicts = qc_skip_conflicts + (__ap == 0 & !missing(q3_10_14_raw))
(0 real changes made)
r; t=0.00 20:00:09

. drop __ap
r; t=0.00 20:00:09

. generate byte __ap = (consent_agree_raw == "1" & screener_raw == "1")
r; t=0.00 20:00:09

. replace __ap = . if (missing(consent_agree_raw) | missing(screener_raw))
(0 real changes made)
r; t=0.00 20:00:09

. replace __ap = 0 if (!missing(consent_agree_raw) & consent_agree_raw != "1") | (!missing(screener_raw) & screener_raw !
> = "1")
(0 real changes made)
r; t=0.00 20:00:09

. generate byte __route_q3_10_15 = __ap
r; t=0.00 20:00:09

. replace qc_applicable_missing = qc_applicable_missing + (__ap == 1 & missing(q3_10_15_raw))
(0 real changes made)
r; t=0.00 20:00:09

. replace qc_required_missing = qc_required_missing + (__ap == 1 & missing(q3_10_15_raw))
(0 real changes made)
r; t=0.00 20:00:09

. replace qc_skip_conflicts = qc_skip_conflicts + (__ap == 0 & !missing(q3_10_15_raw))
(0 real changes made)
r; t=0.00 20:00:09

. drop __ap
r; t=0.00 20:00:09

. generate byte __ap = (consent_agree_raw == "1" & screener_raw == "1")
r; t=0.00 20:00:09

. replace __ap = . if (missing(consent_agree_raw) | missing(screener_raw))
(0 real changes made)
r; t=0.00 20:00:09

. replace __ap = 0 if (!missing(consent_agree_raw) & consent_agree_raw != "1") | (!missing(screener_raw) & screener_raw !
> = "1")
(0 real changes made)
r; t=0.00 20:00:09

. generate byte __route_q3_10_16 = __ap
r; t=0.00 20:00:09

. replace qc_applicable_missing = qc_applicable_missing + (__ap == 1 & missing(q3_10_16_raw))
(0 real changes made)
r; t=0.00 20:00:09

. replace qc_required_missing = qc_required_missing + (__ap == 1 & missing(q3_10_16_raw))
(0 real changes made)
r; t=0.00 20:00:09

. replace qc_skip_conflicts = qc_skip_conflicts + (__ap == 0 & !missing(q3_10_16_raw))
(0 real changes made)
r; t=0.00 20:00:09

. drop __ap
r; t=0.00 20:00:09

. generate byte __ap = (consent_agree_raw == "1" & screener_raw == "1")
r; t=0.00 20:00:09

. replace __ap = . if (missing(consent_agree_raw) | missing(screener_raw))
(0 real changes made)
r; t=0.00 20:00:09

. replace __ap = 0 if (!missing(consent_agree_raw) & consent_agree_raw != "1") | (!missing(screener_raw) & screener_raw !
> = "1")
(0 real changes made)
r; t=0.00 20:00:09

. generate byte __route_q3_10_17 = __ap
r; t=0.00 20:00:09

. replace qc_applicable_missing = qc_applicable_missing + (__ap == 1 & missing(q3_10_17_raw))
(0 real changes made)
r; t=0.00 20:00:09

. replace qc_required_missing = qc_required_missing + (__ap == 1 & missing(q3_10_17_raw))
(0 real changes made)
r; t=0.00 20:00:09

. replace qc_skip_conflicts = qc_skip_conflicts + (__ap == 0 & !missing(q3_10_17_raw))
(0 real changes made)
r; t=0.00 20:00:09

. drop __ap
r; t=0.00 20:00:09

. generate byte __ap = (consent_agree_raw == "1" & screener_raw == "1")
r; t=0.00 20:00:09

. replace __ap = . if (missing(consent_agree_raw) | missing(screener_raw))
(0 real changes made)
r; t=0.00 20:00:09

. replace __ap = 0 if (!missing(consent_agree_raw) & consent_agree_raw != "1") | (!missing(screener_raw) & screener_raw !
> = "1")
(0 real changes made)
r; t=0.00 20:00:09

. generate byte __route_q3_11_1 = __ap
r; t=0.00 20:00:09

. replace qc_applicable_missing = qc_applicable_missing + (__ap == 1 & missing(q3_11_1_raw))
(0 real changes made)
r; t=0.00 20:00:09

. replace qc_required_missing = qc_required_missing + (__ap == 1 & missing(q3_11_1_raw))
(0 real changes made)
r; t=0.00 20:00:09

. replace qc_skip_conflicts = qc_skip_conflicts + (__ap == 0 & !missing(q3_11_1_raw))
(0 real changes made)
r; t=0.00 20:00:09

. drop __ap
r; t=0.00 20:00:09

. generate byte __ap = (consent_agree_raw == "1" & screener_raw == "1")
r; t=0.00 20:00:09

. replace __ap = . if (missing(consent_agree_raw) | missing(screener_raw))
(0 real changes made)
r; t=0.00 20:00:09

. replace __ap = 0 if (!missing(consent_agree_raw) & consent_agree_raw != "1") | (!missing(screener_raw) & screener_raw !
> = "1")
(0 real changes made)
r; t=0.00 20:00:09

. generate byte __route_q3_11_2 = __ap
r; t=0.00 20:00:09

. replace qc_applicable_missing = qc_applicable_missing + (__ap == 1 & missing(q3_11_2_raw))
(0 real changes made)
r; t=0.00 20:00:09

. replace qc_required_missing = qc_required_missing + (__ap == 1 & missing(q3_11_2_raw))
(0 real changes made)
r; t=0.00 20:00:09

. replace qc_skip_conflicts = qc_skip_conflicts + (__ap == 0 & !missing(q3_11_2_raw))
(0 real changes made)
r; t=0.00 20:00:09

. drop __ap
r; t=0.00 20:00:09

. generate byte __ap = (consent_agree_raw == "1" & screener_raw == "1")
r; t=0.00 20:00:09

. replace __ap = . if (missing(consent_agree_raw) | missing(screener_raw))
(0 real changes made)
r; t=0.00 20:00:09

. replace __ap = 0 if (!missing(consent_agree_raw) & consent_agree_raw != "1") | (!missing(screener_raw) & screener_raw !
> = "1")
(0 real changes made)
r; t=0.00 20:00:09

. generate byte __route_q3_11_3 = __ap
r; t=0.00 20:00:09

. replace qc_applicable_missing = qc_applicable_missing + (__ap == 1 & missing(q3_11_3_raw))
(0 real changes made)
r; t=0.00 20:00:09

. replace qc_required_missing = qc_required_missing + (__ap == 1 & missing(q3_11_3_raw))
(0 real changes made)
r; t=0.00 20:00:09

. replace qc_skip_conflicts = qc_skip_conflicts + (__ap == 0 & !missing(q3_11_3_raw))
(0 real changes made)
r; t=0.00 20:00:09

. drop __ap
r; t=0.00 20:00:09

. generate byte __ap = (consent_agree_raw == "1" & screener_raw == "1")
r; t=0.00 20:00:09

. replace __ap = . if (missing(consent_agree_raw) | missing(screener_raw))
(0 real changes made)
r; t=0.00 20:00:09

. replace __ap = 0 if (!missing(consent_agree_raw) & consent_agree_raw != "1") | (!missing(screener_raw) & screener_raw !
> = "1")
(0 real changes made)
r; t=0.00 20:00:09

. generate byte __route_q3_11_4 = __ap
r; t=0.00 20:00:09

. replace qc_applicable_missing = qc_applicable_missing + (__ap == 1 & missing(q3_11_4_raw))
(0 real changes made)
r; t=0.00 20:00:09

. replace qc_required_missing = qc_required_missing + (__ap == 1 & missing(q3_11_4_raw))
(0 real changes made)
r; t=0.00 20:00:09

. replace qc_skip_conflicts = qc_skip_conflicts + (__ap == 0 & !missing(q3_11_4_raw))
(0 real changes made)
r; t=0.00 20:00:09

. drop __ap
r; t=0.00 20:00:09

. generate byte __ap = (consent_agree_raw == "1" & screener_raw == "1")
r; t=0.00 20:00:09

. replace __ap = . if (missing(consent_agree_raw) | missing(screener_raw))
(0 real changes made)
r; t=0.00 20:00:09

. replace __ap = 0 if (!missing(consent_agree_raw) & consent_agree_raw != "1") | (!missing(screener_raw) & screener_raw !
> = "1")
(0 real changes made)
r; t=0.00 20:00:09

. generate byte __route_q4_1 = __ap
r; t=0.00 20:00:09

. replace qc_applicable_missing = qc_applicable_missing + (__ap == 1 & missing(q4_1_raw))
(0 real changes made)
r; t=0.00 20:00:09

. replace qc_required_missing = qc_required_missing + (__ap == 1 & missing(q4_1_raw))
(0 real changes made)
r; t=0.00 20:00:09

. replace qc_skip_conflicts = qc_skip_conflicts + (__ap == 0 & !missing(q4_1_raw))
(0 real changes made)
r; t=0.00 20:00:09

. drop __ap
r; t=0.00 20:00:09

. generate byte __ap = (consent_agree_raw == "1" & screener_raw == "1")
r; t=0.00 20:00:09

. replace __ap = . if (missing(consent_agree_raw) | missing(screener_raw))
(0 real changes made)
r; t=0.00 20:00:09

. replace __ap = 0 if (!missing(consent_agree_raw) & consent_agree_raw != "1") | (!missing(screener_raw) & screener_raw !
> = "1")
(0 real changes made)
r; t=0.00 20:00:09

. generate byte __route_q4_2_1 = __ap
r; t=0.00 20:00:09

. replace qc_applicable_missing = qc_applicable_missing + (__ap == 1 & missing(q4_2_1_raw))
(0 real changes made)
r; t=0.00 20:00:09

. replace qc_required_missing = qc_required_missing + (__ap == 1 & missing(q4_2_1_raw))
(0 real changes made)
r; t=0.00 20:00:09

. replace qc_skip_conflicts = qc_skip_conflicts + (__ap == 0 & !missing(q4_2_1_raw))
(0 real changes made)
r; t=0.00 20:00:09

. drop __ap
r; t=0.00 20:00:09

. generate byte __ap = (consent_agree_raw == "1" & screener_raw == "1")
r; t=0.00 20:00:09

. replace __ap = . if (missing(consent_agree_raw) | missing(screener_raw))
(0 real changes made)
r; t=0.00 20:00:09

. replace __ap = 0 if (!missing(consent_agree_raw) & consent_agree_raw != "1") | (!missing(screener_raw) & screener_raw !
> = "1")
(0 real changes made)
r; t=0.00 20:00:09

. generate byte __route_q4_2_2 = __ap
r; t=0.00 20:00:09

. replace qc_applicable_missing = qc_applicable_missing + (__ap == 1 & missing(q4_2_2_raw))
(0 real changes made)
r; t=0.00 20:00:09

. replace qc_required_missing = qc_required_missing + (__ap == 1 & missing(q4_2_2_raw))
(0 real changes made)
r; t=0.00 20:00:09

. replace qc_skip_conflicts = qc_skip_conflicts + (__ap == 0 & !missing(q4_2_2_raw))
(0 real changes made)
r; t=0.00 20:00:09

. drop __ap
r; t=0.00 20:00:09

. generate byte __ap = (consent_agree_raw == "1" & screener_raw == "1")
r; t=0.00 20:00:09

. replace __ap = . if (missing(consent_agree_raw) | missing(screener_raw))
(0 real changes made)
r; t=0.00 20:00:09

. replace __ap = 0 if (!missing(consent_agree_raw) & consent_agree_raw != "1") | (!missing(screener_raw) & screener_raw !
> = "1")
(0 real changes made)
r; t=0.00 20:00:09

. generate byte __route_q4_2_3 = __ap
r; t=0.00 20:00:09

. replace qc_applicable_missing = qc_applicable_missing + (__ap == 1 & missing(q4_2_3_raw))
(0 real changes made)
r; t=0.00 20:00:09

. replace qc_required_missing = qc_required_missing + (__ap == 1 & missing(q4_2_3_raw))
(0 real changes made)
r; t=0.00 20:00:09

. replace qc_skip_conflicts = qc_skip_conflicts + (__ap == 0 & !missing(q4_2_3_raw))
(0 real changes made)
r; t=0.00 20:00:09

. drop __ap
r; t=0.00 20:00:09

. generate byte __ap = (consent_agree_raw == "1" & screener_raw == "1")
r; t=0.00 20:00:09

. replace __ap = . if (missing(consent_agree_raw) | missing(screener_raw))
(0 real changes made)
r; t=0.00 20:00:09

. replace __ap = 0 if (!missing(consent_agree_raw) & consent_agree_raw != "1") | (!missing(screener_raw) & screener_raw !
> = "1")
(0 real changes made)
r; t=0.00 20:00:09

. generate byte __route_q4_2_4 = __ap
r; t=0.00 20:00:09

. replace qc_applicable_missing = qc_applicable_missing + (__ap == 1 & missing(q4_2_4_raw))
(0 real changes made)
r; t=0.00 20:00:09

. replace qc_required_missing = qc_required_missing + (__ap == 1 & missing(q4_2_4_raw))
(0 real changes made)
r; t=0.00 20:00:09

. replace qc_skip_conflicts = qc_skip_conflicts + (__ap == 0 & !missing(q4_2_4_raw))
(0 real changes made)
r; t=0.00 20:00:09

. drop __ap
r; t=0.00 20:00:09

. generate byte __ap = (consent_agree_raw == "1" & screener_raw == "1")
r; t=0.00 20:00:09

. replace __ap = . if (missing(consent_agree_raw) | missing(screener_raw))
(0 real changes made)
r; t=0.00 20:00:09

. replace __ap = 0 if (!missing(consent_agree_raw) & consent_agree_raw != "1") | (!missing(screener_raw) & screener_raw !
> = "1")
(0 real changes made)
r; t=0.00 20:00:09

. generate byte __route_q4_2_5 = __ap
r; t=0.00 20:00:09

. replace qc_applicable_missing = qc_applicable_missing + (__ap == 1 & missing(q4_2_5_raw))
(0 real changes made)
r; t=0.00 20:00:09

. replace qc_required_missing = qc_required_missing + (__ap == 1 & missing(q4_2_5_raw))
(0 real changes made)
r; t=0.00 20:00:09

. replace qc_skip_conflicts = qc_skip_conflicts + (__ap == 0 & !missing(q4_2_5_raw))
(0 real changes made)
r; t=0.00 20:00:09

. drop __ap
r; t=0.00 20:00:09

. generate byte __ap = (consent_agree_raw == "1" & screener_raw == "1")
r; t=0.00 20:00:09

. replace __ap = . if (missing(consent_agree_raw) | missing(screener_raw))
(0 real changes made)
r; t=0.00 20:00:09

. replace __ap = 0 if (!missing(consent_agree_raw) & consent_agree_raw != "1") | (!missing(screener_raw) & screener_raw !
> = "1")
(0 real changes made)
r; t=0.00 20:00:09

. generate byte __route_q4_2_6 = __ap
r; t=0.00 20:00:09

. replace qc_applicable_missing = qc_applicable_missing + (__ap == 1 & missing(q4_2_6_raw))
(0 real changes made)
r; t=0.00 20:00:09

. replace qc_required_missing = qc_required_missing + (__ap == 1 & missing(q4_2_6_raw))
(0 real changes made)
r; t=0.00 20:00:09

. replace qc_skip_conflicts = qc_skip_conflicts + (__ap == 0 & !missing(q4_2_6_raw))
(0 real changes made)
r; t=0.00 20:00:09

. drop __ap
r; t=0.00 20:00:09

. generate byte __ap = (consent_agree_raw == "1" & screener_raw == "1")
r; t=0.00 20:00:09

. replace __ap = . if (missing(consent_agree_raw) | missing(screener_raw))
(0 real changes made)
r; t=0.00 20:00:09

. replace __ap = 0 if (!missing(consent_agree_raw) & consent_agree_raw != "1") | (!missing(screener_raw) & screener_raw !
> = "1")
(0 real changes made)
r; t=0.00 20:00:09

. generate byte __route_q4_2_7 = __ap
r; t=0.00 20:00:09

. replace qc_applicable_missing = qc_applicable_missing + (__ap == 1 & missing(q4_2_7_raw))
(0 real changes made)
r; t=0.00 20:00:09

. replace qc_required_missing = qc_required_missing + (__ap == 1 & missing(q4_2_7_raw))
(0 real changes made)
r; t=0.00 20:00:09

. replace qc_skip_conflicts = qc_skip_conflicts + (__ap == 0 & !missing(q4_2_7_raw))
(0 real changes made)
r; t=0.00 20:00:09

. drop __ap
r; t=0.00 20:00:09

. generate byte __ap = (consent_agree_raw == "1" & screener_raw == "1")
r; t=0.00 20:00:09

. replace __ap = . if (missing(consent_agree_raw) | missing(screener_raw))
(0 real changes made)
r; t=0.00 20:00:09

. replace __ap = 0 if (!missing(consent_agree_raw) & consent_agree_raw != "1") | (!missing(screener_raw) & screener_raw !
> = "1")
(0 real changes made)
r; t=0.00 20:00:09

. generate byte __route_q4_2_8 = __ap
r; t=0.00 20:00:09

. replace qc_applicable_missing = qc_applicable_missing + (__ap == 1 & missing(q4_2_8_raw))
(0 real changes made)
r; t=0.00 20:00:09

. replace qc_required_missing = qc_required_missing + (__ap == 1 & missing(q4_2_8_raw))
(0 real changes made)
r; t=0.00 20:00:09

. replace qc_skip_conflicts = qc_skip_conflicts + (__ap == 0 & !missing(q4_2_8_raw))
(0 real changes made)
r; t=0.00 20:00:09

. drop __ap
r; t=0.00 20:00:09

. generate byte __ap = (consent_agree_raw == "1" & screener_raw == "1")
r; t=0.00 20:00:09

. replace __ap = . if (missing(consent_agree_raw) | missing(screener_raw))
(0 real changes made)
r; t=0.00 20:00:09

. replace __ap = 0 if (!missing(consent_agree_raw) & consent_agree_raw != "1") | (!missing(screener_raw) & screener_raw !
> = "1")
(0 real changes made)
r; t=0.00 20:00:09

. generate byte __route_q4_3 = __ap
r; t=0.00 20:00:09

. replace qc_applicable_missing = qc_applicable_missing + (__ap == 1 & missing(q4_3_raw))
(0 real changes made)
r; t=0.00 20:00:09

. replace qc_required_missing = qc_required_missing + (__ap == 1 & missing(q4_3_raw))
(0 real changes made)
r; t=0.00 20:00:09

. replace qc_skip_conflicts = qc_skip_conflicts + (__ap == 0 & !missing(q4_3_raw))
(0 real changes made)
r; t=0.00 20:00:09

. drop __ap
r; t=0.00 20:00:09

. generate byte __ap = (consent_agree_raw == "1" & screener_raw == "1")
r; t=0.00 20:00:09

. replace __ap = . if (missing(consent_agree_raw) | missing(screener_raw))
(0 real changes made)
r; t=0.00 20:00:09

. replace __ap = 0 if (!missing(consent_agree_raw) & consent_agree_raw != "1") | (!missing(screener_raw) & screener_raw !
> = "1")
(0 real changes made)
r; t=0.00 20:00:09

. generate byte __route_q4_4 = __ap
r; t=0.00 20:00:09

. replace qc_applicable_missing = qc_applicable_missing + (__ap == 1 & missing(q4_4_raw))
(0 real changes made)
r; t=0.00 20:00:09

. replace qc_required_missing = qc_required_missing + (__ap == 1 & missing(q4_4_raw))
(0 real changes made)
r; t=0.00 20:00:09

. replace qc_skip_conflicts = qc_skip_conflicts + (__ap == 0 & !missing(q4_4_raw))
(0 real changes made)
r; t=0.00 20:00:09

. drop __ap
r; t=0.00 20:00:09

. generate byte __ap = (consent_agree_raw == "1" & screener_raw == "1")
r; t=0.00 20:00:09

. replace __ap = . if (missing(consent_agree_raw) | missing(screener_raw))
(0 real changes made)
r; t=0.00 20:00:09

. replace __ap = 0 if (!missing(consent_agree_raw) & consent_agree_raw != "1") | (!missing(screener_raw) & screener_raw !
> = "1")
(0 real changes made)
r; t=0.00 20:00:09

. generate byte __route_q4_5 = __ap
r; t=0.00 20:00:09

. replace qc_applicable_missing = qc_applicable_missing + (__ap == 1 & missing(q4_5_raw))
(0 real changes made)
r; t=0.00 20:00:09

. replace qc_required_missing = qc_required_missing + (__ap == 1 & missing(q4_5_raw))
(0 real changes made)
r; t=0.00 20:00:09

. replace qc_skip_conflicts = qc_skip_conflicts + (__ap == 0 & !missing(q4_5_raw))
(0 real changes made)
r; t=0.00 20:00:09

. drop __ap
r; t=0.00 20:00:09

. generate byte __ap = (consent_agree_raw == "1" & screener_raw == "1")
r; t=0.00 20:00:09

. replace __ap = . if (missing(consent_agree_raw) | missing(screener_raw))
(0 real changes made)
r; t=0.00 20:00:09

. replace __ap = 0 if (!missing(consent_agree_raw) & consent_agree_raw != "1") | (!missing(screener_raw) & screener_raw !
> = "1")
(0 real changes made)
r; t=0.00 20:00:09

. generate byte __route_q4_6 = __ap
r; t=0.00 20:00:09

. replace qc_applicable_missing = qc_applicable_missing + (__ap == 1 & missing(q4_6_raw))
(0 real changes made)
r; t=0.00 20:00:09

. replace qc_required_missing = qc_required_missing + (__ap == 1 & missing(q4_6_raw))
(0 real changes made)
r; t=0.00 20:00:09

. replace qc_skip_conflicts = qc_skip_conflicts + (__ap == 0 & !missing(q4_6_raw))
(0 real changes made)
r; t=0.00 20:00:09

. drop __ap
r; t=0.00 20:00:09

. generate byte __ap = (consent_agree_raw == "1" & screener_raw == "1")
r; t=0.00 20:00:09

. replace __ap = . if (missing(consent_agree_raw) | missing(screener_raw))
(0 real changes made)
r; t=0.00 20:00:09

. replace __ap = 0 if (!missing(consent_agree_raw) & consent_agree_raw != "1") | (!missing(screener_raw) & screener_raw !
> = "1")
(0 real changes made)
r; t=0.00 20:00:09

. generate byte __route_q4_7 = __ap
r; t=0.00 20:00:09

. replace qc_applicable_missing = qc_applicable_missing + (__ap == 1 & missing(q4_7_raw))
(0 real changes made)
r; t=0.00 20:00:09

. replace qc_required_missing = qc_required_missing + (__ap == 1 & missing(q4_7_raw))
(0 real changes made)
r; t=0.00 20:00:09

. replace qc_skip_conflicts = qc_skip_conflicts + (__ap == 0 & !missing(q4_7_raw))
(0 real changes made)
r; t=0.00 20:00:09

. drop __ap
r; t=0.00 20:00:09

. generate byte __ap = (consent_agree_raw == "1" & screener_raw == "1")
r; t=0.00 20:00:09

. replace __ap = . if (missing(consent_agree_raw) | missing(screener_raw))
(0 real changes made)
r; t=0.00 20:00:09

. replace __ap = 0 if (!missing(consent_agree_raw) & consent_agree_raw != "1") | (!missing(screener_raw) & screener_raw !
> = "1")
(0 real changes made)
r; t=0.00 20:00:09

. generate byte __route_q4_8 = __ap
r; t=0.00 20:00:09

. replace qc_applicable_missing = qc_applicable_missing + (__ap == 1 & missing(q4_8_raw))
(0 real changes made)
r; t=0.00 20:00:09

. replace qc_required_missing = qc_required_missing + (__ap == 1 & missing(q4_8_raw))
(0 real changes made)
r; t=0.00 20:00:09

. replace qc_skip_conflicts = qc_skip_conflicts + (__ap == 0 & !missing(q4_8_raw))
(0 real changes made)
r; t=0.00 20:00:09

. drop __ap
r; t=0.00 20:00:09

. generate byte __ap = (consent_agree_raw == "1" & screener_raw == "1")
r; t=0.00 20:00:09

. replace __ap = . if (missing(consent_agree_raw) | missing(screener_raw))
(0 real changes made)
r; t=0.00 20:00:09

. replace __ap = 0 if (!missing(consent_agree_raw) & consent_agree_raw != "1") | (!missing(screener_raw) & screener_raw !
> = "1")
(0 real changes made)
r; t=0.00 20:00:09

. generate byte __route_q5_1 = __ap
r; t=0.00 20:00:09

. replace qc_applicable_missing = qc_applicable_missing + (__ap == 1 & missing(q5_1_raw))
(0 real changes made)
r; t=0.00 20:00:09

. replace qc_required_missing = qc_required_missing + (__ap == 1 & missing(q5_1_raw))
(0 real changes made)
r; t=0.00 20:00:09

. replace qc_skip_conflicts = qc_skip_conflicts + (__ap == 0 & !missing(q5_1_raw))
(0 real changes made)
r; t=0.00 20:00:09

. drop __ap
r; t=0.00 20:00:09

. generate byte __ap = (consent_agree_raw == "1" & screener_raw == "1")
r; t=0.00 20:00:09

. replace __ap = . if (missing(consent_agree_raw) | missing(screener_raw))
(0 real changes made)
r; t=0.00 20:00:09

. replace __ap = 0 if (!missing(consent_agree_raw) & consent_agree_raw != "1") | (!missing(screener_raw) & screener_raw !
> = "1")
(0 real changes made)
r; t=0.00 20:00:09

. generate byte __route_q5_2_1 = __ap
r; t=0.00 20:00:09

. replace qc_applicable_missing = qc_applicable_missing + (__ap == 1 & missing(q5_2_1_raw))
(0 real changes made)
r; t=0.00 20:00:09

. replace qc_required_missing = qc_required_missing + (__ap == 1 & missing(q5_2_1_raw))
(0 real changes made)
r; t=0.00 20:00:09

. replace qc_skip_conflicts = qc_skip_conflicts + (__ap == 0 & !missing(q5_2_1_raw))
(0 real changes made)
r; t=0.00 20:00:09

. drop __ap
r; t=0.00 20:00:09

. generate byte __ap = (consent_agree_raw == "1" & screener_raw == "1")
r; t=0.00 20:00:09

. replace __ap = . if (missing(consent_agree_raw) | missing(screener_raw))
(0 real changes made)
r; t=0.00 20:00:09

. replace __ap = 0 if (!missing(consent_agree_raw) & consent_agree_raw != "1") | (!missing(screener_raw) & screener_raw !
> = "1")
(0 real changes made)
r; t=0.00 20:00:09

. generate byte __route_q5_2_2 = __ap
r; t=0.00 20:00:09

. replace qc_applicable_missing = qc_applicable_missing + (__ap == 1 & missing(q5_2_2_raw))
(0 real changes made)
r; t=0.00 20:00:09

. replace qc_required_missing = qc_required_missing + (__ap == 1 & missing(q5_2_2_raw))
(0 real changes made)
r; t=0.00 20:00:09

. replace qc_skip_conflicts = qc_skip_conflicts + (__ap == 0 & !missing(q5_2_2_raw))
(0 real changes made)
r; t=0.00 20:00:09

. drop __ap
r; t=0.00 20:00:09

. generate byte __ap = (consent_agree_raw == "1" & screener_raw == "1")
r; t=0.00 20:00:09

. replace __ap = . if (missing(consent_agree_raw) | missing(screener_raw))
(0 real changes made)
r; t=0.00 20:00:09

. replace __ap = 0 if (!missing(consent_agree_raw) & consent_agree_raw != "1") | (!missing(screener_raw) & screener_raw !
> = "1")
(0 real changes made)
r; t=0.00 20:00:09

. generate byte __route_q5_2_3 = __ap
r; t=0.00 20:00:09

. replace qc_applicable_missing = qc_applicable_missing + (__ap == 1 & missing(q5_2_3_raw))
(0 real changes made)
r; t=0.00 20:00:09

. replace qc_required_missing = qc_required_missing + (__ap == 1 & missing(q5_2_3_raw))
(0 real changes made)
r; t=0.00 20:00:09

. replace qc_skip_conflicts = qc_skip_conflicts + (__ap == 0 & !missing(q5_2_3_raw))
(0 real changes made)
r; t=0.00 20:00:09

. drop __ap
r; t=0.00 20:00:09

. generate byte __ap = (consent_agree_raw == "1" & screener_raw == "1")
r; t=0.00 20:00:09

. replace __ap = . if (missing(consent_agree_raw) | missing(screener_raw))
(0 real changes made)
r; t=0.00 20:00:09

. replace __ap = 0 if (!missing(consent_agree_raw) & consent_agree_raw != "1") | (!missing(screener_raw) & screener_raw !
> = "1")
(0 real changes made)
r; t=0.00 20:00:09

. generate byte __route_q5_2_4 = __ap
r; t=0.00 20:00:09

. replace qc_applicable_missing = qc_applicable_missing + (__ap == 1 & missing(q5_2_4_raw))
(0 real changes made)
r; t=0.00 20:00:09

. replace qc_required_missing = qc_required_missing + (__ap == 1 & missing(q5_2_4_raw))
(0 real changes made)
r; t=0.00 20:00:09

. replace qc_skip_conflicts = qc_skip_conflicts + (__ap == 0 & !missing(q5_2_4_raw))
(0 real changes made)
r; t=0.00 20:00:09

. drop __ap
r; t=0.00 20:00:09

. generate byte __ap = (consent_agree_raw == "1" & screener_raw == "1")
r; t=0.00 20:00:09

. replace __ap = . if (missing(consent_agree_raw) | missing(screener_raw))
(0 real changes made)
r; t=0.00 20:00:09

. replace __ap = 0 if (!missing(consent_agree_raw) & consent_agree_raw != "1") | (!missing(screener_raw) & screener_raw !
> = "1")
(0 real changes made)
r; t=0.00 20:00:09

. generate byte __route_q5_2_5 = __ap
r; t=0.00 20:00:09

. replace qc_applicable_missing = qc_applicable_missing + (__ap == 1 & missing(q5_2_5_raw))
(0 real changes made)
r; t=0.00 20:00:09

. replace qc_required_missing = qc_required_missing + (__ap == 1 & missing(q5_2_5_raw))
(0 real changes made)
r; t=0.00 20:00:09

. replace qc_skip_conflicts = qc_skip_conflicts + (__ap == 0 & !missing(q5_2_5_raw))
(0 real changes made)
r; t=0.00 20:00:09

. drop __ap
r; t=0.00 20:00:09

. generate byte __ap = (consent_agree_raw == "1" & screener_raw == "1")
r; t=0.00 20:00:09

. replace __ap = . if (missing(consent_agree_raw) | missing(screener_raw))
(0 real changes made)
r; t=0.00 20:00:09

. replace __ap = 0 if (!missing(consent_agree_raw) & consent_agree_raw != "1") | (!missing(screener_raw) & screener_raw !
> = "1")
(0 real changes made)
r; t=0.00 20:00:09

. generate byte __route_q5_2_6 = __ap
r; t=0.00 20:00:09

. replace qc_applicable_missing = qc_applicable_missing + (__ap == 1 & missing(q5_2_6_raw))
(0 real changes made)
r; t=0.00 20:00:09

. replace qc_required_missing = qc_required_missing + (__ap == 1 & missing(q5_2_6_raw))
(0 real changes made)
r; t=0.00 20:00:09

. replace qc_skip_conflicts = qc_skip_conflicts + (__ap == 0 & !missing(q5_2_6_raw))
(0 real changes made)
r; t=0.00 20:00:09

. drop __ap
r; t=0.00 20:00:09

. generate byte __ap = (consent_agree_raw == "1" & screener_raw == "1")
r; t=0.00 20:00:09

. replace __ap = . if (missing(consent_agree_raw) | missing(screener_raw))
(0 real changes made)
r; t=0.00 20:00:09

. replace __ap = 0 if (!missing(consent_agree_raw) & consent_agree_raw != "1") | (!missing(screener_raw) & screener_raw !
> = "1")
(0 real changes made)
r; t=0.00 20:00:09

. generate byte __route_q5_3 = __ap
r; t=0.00 20:00:09

. replace qc_applicable_missing = qc_applicable_missing + (__ap == 1 & missing(q5_3_raw))
(0 real changes made)
r; t=0.00 20:00:09

. replace qc_required_missing = qc_required_missing + (__ap == 1 & missing(q5_3_raw))
(0 real changes made)
r; t=0.00 20:00:09

. replace qc_skip_conflicts = qc_skip_conflicts + (__ap == 0 & !missing(q5_3_raw))
(0 real changes made)
r; t=0.00 20:00:09

. drop __ap
r; t=0.00 20:00:09

. generate byte __ap = (consent_agree_raw == "1" & screener_raw == "1")
r; t=0.00 20:00:09

. replace __ap = . if (missing(consent_agree_raw) | missing(screener_raw))
(0 real changes made)
r; t=0.00 20:00:09

. replace __ap = 0 if (!missing(consent_agree_raw) & consent_agree_raw != "1") | (!missing(screener_raw) & screener_raw !
> = "1")
(0 real changes made)
r; t=0.00 20:00:09

. generate byte __route_q5_4 = __ap
r; t=0.00 20:00:09

. replace qc_applicable_missing = qc_applicable_missing + (__ap == 1 & missing(q5_4_raw))
(0 real changes made)
r; t=0.00 20:00:09

. replace qc_required_missing = qc_required_missing + (__ap == 1 & missing(q5_4_raw))
(0 real changes made)
r; t=0.00 20:00:09

. replace qc_skip_conflicts = qc_skip_conflicts + (__ap == 0 & !missing(q5_4_raw))
(0 real changes made)
r; t=0.00 20:00:09

. drop __ap
r; t=0.00 20:00:09

. generate byte __ap = (consent_agree_raw == "1" & screener_raw == "1")
r; t=0.00 20:00:09

. replace __ap = . if (missing(consent_agree_raw) | missing(screener_raw))
(0 real changes made)
r; t=0.00 20:00:09

. replace __ap = 0 if (!missing(consent_agree_raw) & consent_agree_raw != "1") | (!missing(screener_raw) & screener_raw !
> = "1")
(0 real changes made)
r; t=0.00 20:00:09

. generate byte __route_q5_5 = __ap
r; t=0.00 20:00:09

. replace qc_applicable_missing = qc_applicable_missing + (__ap == 1 & missing(q5_5_raw))
(0 real changes made)
r; t=0.00 20:00:09

. replace qc_required_missing = qc_required_missing + (__ap == 1 & missing(q5_5_raw))
(0 real changes made)
r; t=0.00 20:00:09

. replace qc_skip_conflicts = qc_skip_conflicts + (__ap == 0 & !missing(q5_5_raw))
(0 real changes made)
r; t=0.00 20:00:09

. drop __ap
r; t=0.00 20:00:09

. generate byte __ap = (consent_agree_raw == "1" & screener_raw == "1")
r; t=0.00 20:00:09

. replace __ap = . if (missing(consent_agree_raw) | missing(screener_raw))
(0 real changes made)
r; t=0.00 20:00:09

. replace __ap = 0 if (!missing(consent_agree_raw) & consent_agree_raw != "1") | (!missing(screener_raw) & screener_raw !
> = "1")
(0 real changes made)
r; t=0.00 20:00:09

. generate byte __route_q5_6_1 = __ap
r; t=0.00 20:00:09

. replace qc_applicable_missing = qc_applicable_missing + (__ap == 1 & missing(q5_6_1_raw))
(0 real changes made)
r; t=0.00 20:00:09

. replace qc_required_missing = qc_required_missing + (__ap == 1 & missing(q5_6_1_raw))
(0 real changes made)
r; t=0.00 20:00:09

. replace qc_skip_conflicts = qc_skip_conflicts + (__ap == 0 & !missing(q5_6_1_raw))
(0 real changes made)
r; t=0.00 20:00:09

. drop __ap
r; t=0.00 20:00:09

. generate byte __ap = (consent_agree_raw == "1" & screener_raw == "1")
r; t=0.00 20:00:09

. replace __ap = . if (missing(consent_agree_raw) | missing(screener_raw))
(0 real changes made)
r; t=0.00 20:00:09

. replace __ap = 0 if (!missing(consent_agree_raw) & consent_agree_raw != "1") | (!missing(screener_raw) & screener_raw !
> = "1")
(0 real changes made)
r; t=0.00 20:00:09

. generate byte __route_q5_6_2 = __ap
r; t=0.00 20:00:09

. replace qc_applicable_missing = qc_applicable_missing + (__ap == 1 & missing(q5_6_2_raw))
(0 real changes made)
r; t=0.00 20:00:09

. replace qc_required_missing = qc_required_missing + (__ap == 1 & missing(q5_6_2_raw))
(0 real changes made)
r; t=0.00 20:00:09

. replace qc_skip_conflicts = qc_skip_conflicts + (__ap == 0 & !missing(q5_6_2_raw))
(0 real changes made)
r; t=0.00 20:00:09

. drop __ap
r; t=0.00 20:00:09

. generate byte __ap = (consent_agree_raw == "1" & screener_raw == "1")
r; t=0.00 20:00:09

. replace __ap = . if (missing(consent_agree_raw) | missing(screener_raw))
(0 real changes made)
r; t=0.00 20:00:09

. replace __ap = 0 if (!missing(consent_agree_raw) & consent_agree_raw != "1") | (!missing(screener_raw) & screener_raw !
> = "1")
(0 real changes made)
r; t=0.00 20:00:09

. generate byte __route_q5_6_3 = __ap
r; t=0.00 20:00:09

. replace qc_applicable_missing = qc_applicable_missing + (__ap == 1 & missing(q5_6_3_raw))
(0 real changes made)
r; t=0.00 20:00:09

. replace qc_required_missing = qc_required_missing + (__ap == 1 & missing(q5_6_3_raw))
(0 real changes made)
r; t=0.00 20:00:09

. replace qc_skip_conflicts = qc_skip_conflicts + (__ap == 0 & !missing(q5_6_3_raw))
(0 real changes made)
r; t=0.00 20:00:09

. drop __ap
r; t=0.00 20:00:09

. generate byte __ap = (consent_agree_raw == "1" & screener_raw == "1")
r; t=0.00 20:00:09

. replace __ap = . if (missing(consent_agree_raw) | missing(screener_raw))
(0 real changes made)
r; t=0.00 20:00:09

. replace __ap = 0 if (!missing(consent_agree_raw) & consent_agree_raw != "1") | (!missing(screener_raw) & screener_raw !
> = "1")
(0 real changes made)
r; t=0.00 20:00:09

. generate byte __route_q5_6_4 = __ap
r; t=0.00 20:00:09

. replace qc_applicable_missing = qc_applicable_missing + (__ap == 1 & missing(q5_6_4_raw))
(0 real changes made)
r; t=0.00 20:00:09

. replace qc_required_missing = qc_required_missing + (__ap == 1 & missing(q5_6_4_raw))
(0 real changes made)
r; t=0.00 20:00:09

. replace qc_skip_conflicts = qc_skip_conflicts + (__ap == 0 & !missing(q5_6_4_raw))
(0 real changes made)
r; t=0.00 20:00:09

. drop __ap
r; t=0.00 20:00:09

. generate byte __ap = (consent_agree_raw == "1" & screener_raw == "1")
r; t=0.00 20:00:09

. replace __ap = . if (missing(consent_agree_raw) | missing(screener_raw))
(0 real changes made)
r; t=0.00 20:00:09

. replace __ap = 0 if (!missing(consent_agree_raw) & consent_agree_raw != "1") | (!missing(screener_raw) & screener_raw !
> = "1")
(0 real changes made)
r; t=0.00 20:00:09

. generate byte __route_q5_6_5 = __ap
r; t=0.00 20:00:09

. replace qc_applicable_missing = qc_applicable_missing + (__ap == 1 & missing(q5_6_5_raw))
(0 real changes made)
r; t=0.00 20:00:09

. replace qc_required_missing = qc_required_missing + (__ap == 1 & missing(q5_6_5_raw))
(0 real changes made)
r; t=0.00 20:00:09

. replace qc_skip_conflicts = qc_skip_conflicts + (__ap == 0 & !missing(q5_6_5_raw))
(0 real changes made)
r; t=0.00 20:00:09

. drop __ap
r; t=0.00 20:00:09

. generate byte __ap = (consent_agree_raw == "1" & screener_raw == "1")
r; t=0.00 20:00:09

. replace __ap = . if (missing(consent_agree_raw) | missing(screener_raw))
(0 real changes made)
r; t=0.00 20:00:09

. replace __ap = 0 if (!missing(consent_agree_raw) & consent_agree_raw != "1") | (!missing(screener_raw) & screener_raw !
> = "1")
(0 real changes made)
r; t=0.00 20:00:09

. generate byte __route_q5_6_6 = __ap
r; t=0.00 20:00:09

. replace qc_applicable_missing = qc_applicable_missing + (__ap == 1 & missing(q5_6_6_raw))
(0 real changes made)
r; t=0.00 20:00:09

. replace qc_required_missing = qc_required_missing + (__ap == 1 & missing(q5_6_6_raw))
(0 real changes made)
r; t=0.00 20:00:09

. replace qc_skip_conflicts = qc_skip_conflicts + (__ap == 0 & !missing(q5_6_6_raw))
(0 real changes made)
r; t=0.00 20:00:09

. drop __ap
r; t=0.00 20:00:09

. generate byte __ap = (consent_agree_raw == "1" & screener_raw == "1")
r; t=0.00 20:00:09

. replace __ap = . if (missing(consent_agree_raw) | missing(screener_raw))
(0 real changes made)
r; t=0.00 20:00:09

. replace __ap = 0 if (!missing(consent_agree_raw) & consent_agree_raw != "1") | (!missing(screener_raw) & screener_raw !
> = "1")
(0 real changes made)
r; t=0.00 20:00:09

. generate byte __route_q5_6_7 = __ap
r; t=0.00 20:00:09

. replace qc_applicable_missing = qc_applicable_missing + (__ap == 1 & missing(q5_6_7_raw))
(0 real changes made)
r; t=0.00 20:00:09

. replace qc_required_missing = qc_required_missing + (__ap == 1 & missing(q5_6_7_raw))
(0 real changes made)
r; t=0.00 20:00:09

. replace qc_skip_conflicts = qc_skip_conflicts + (__ap == 0 & !missing(q5_6_7_raw))
(0 real changes made)
r; t=0.00 20:00:09

. drop __ap
r; t=0.00 20:00:09

. generate byte __ap = (consent_agree_raw == "1" & screener_raw == "1")
r; t=0.00 20:00:09

. replace __ap = . if (missing(consent_agree_raw) | missing(screener_raw))
(0 real changes made)
r; t=0.00 20:00:09

. replace __ap = 0 if (!missing(consent_agree_raw) & consent_agree_raw != "1") | (!missing(screener_raw) & screener_raw !
> = "1")
(0 real changes made)
r; t=0.00 20:00:09

. generate byte __route_q5_7_1 = __ap
r; t=0.00 20:00:09

. replace qc_applicable_missing = qc_applicable_missing + (__ap == 1 & missing(q5_7_1_raw))
(0 real changes made)
r; t=0.00 20:00:09

. replace qc_required_missing = qc_required_missing + (__ap == 1 & missing(q5_7_1_raw))
(0 real changes made)
r; t=0.00 20:00:09

. replace qc_skip_conflicts = qc_skip_conflicts + (__ap == 0 & !missing(q5_7_1_raw))
(0 real changes made)
r; t=0.00 20:00:09

. drop __ap
r; t=0.00 20:00:09

. generate byte __ap = (consent_agree_raw == "1" & screener_raw == "1")
r; t=0.00 20:00:09

. replace __ap = . if (missing(consent_agree_raw) | missing(screener_raw))
(0 real changes made)
r; t=0.00 20:00:09

. replace __ap = 0 if (!missing(consent_agree_raw) & consent_agree_raw != "1") | (!missing(screener_raw) & screener_raw !
> = "1")
(0 real changes made)
r; t=0.00 20:00:09

. generate byte __route_q5_7_2 = __ap
r; t=0.00 20:00:09

. replace qc_applicable_missing = qc_applicable_missing + (__ap == 1 & missing(q5_7_2_raw))
(0 real changes made)
r; t=0.00 20:00:09

. replace qc_required_missing = qc_required_missing + (__ap == 1 & missing(q5_7_2_raw))
(0 real changes made)
r; t=0.00 20:00:09

. replace qc_skip_conflicts = qc_skip_conflicts + (__ap == 0 & !missing(q5_7_2_raw))
(0 real changes made)
r; t=0.00 20:00:09

. drop __ap
r; t=0.00 20:00:09

. generate byte __ap = (consent_agree_raw == "1" & screener_raw == "1")
r; t=0.00 20:00:09

. replace __ap = . if (missing(consent_agree_raw) | missing(screener_raw))
(0 real changes made)
r; t=0.00 20:00:09

. replace __ap = 0 if (!missing(consent_agree_raw) & consent_agree_raw != "1") | (!missing(screener_raw) & screener_raw !
> = "1")
(0 real changes made)
r; t=0.00 20:00:09

. generate byte __route_q5_7_3 = __ap
r; t=0.00 20:00:09

. replace qc_applicable_missing = qc_applicable_missing + (__ap == 1 & missing(q5_7_3_raw))
(0 real changes made)
r; t=0.00 20:00:09

. replace qc_required_missing = qc_required_missing + (__ap == 1 & missing(q5_7_3_raw))
(0 real changes made)
r; t=0.00 20:00:09

. replace qc_skip_conflicts = qc_skip_conflicts + (__ap == 0 & !missing(q5_7_3_raw))
(0 real changes made)
r; t=0.00 20:00:09

. drop __ap
r; t=0.00 20:00:09

. generate byte __ap = (consent_agree_raw == "1" & screener_raw == "1")
r; t=0.00 20:00:09

. replace __ap = . if (missing(consent_agree_raw) | missing(screener_raw))
(0 real changes made)
r; t=0.00 20:00:09

. replace __ap = 0 if (!missing(consent_agree_raw) & consent_agree_raw != "1") | (!missing(screener_raw) & screener_raw !
> = "1")
(0 real changes made)
r; t=0.00 20:00:09

. generate byte __route_q5_7_4 = __ap
r; t=0.00 20:00:09

. replace qc_applicable_missing = qc_applicable_missing + (__ap == 1 & missing(q5_7_4_raw))
(0 real changes made)
r; t=0.00 20:00:09

. replace qc_required_missing = qc_required_missing + (__ap == 1 & missing(q5_7_4_raw))
(0 real changes made)
r; t=0.00 20:00:09

. replace qc_skip_conflicts = qc_skip_conflicts + (__ap == 0 & !missing(q5_7_4_raw))
(0 real changes made)
r; t=0.00 20:00:09

. drop __ap
r; t=0.00 20:00:09

. 
. drop __route_*
r; t=0.00 20:00:09

. label variable qc_unknown_codes "Count of response codes absent from supplied choices"
r; t=0.00 20:00:09

. label variable qc_required_missing "Count of missing required responses within form routing"
r; t=0.00 20:00:09

. label variable qc_applicable_missing "Count of missing responses within form routing (incl optional)"
r; t=0.00 20:00:09

. label variable qc_skip_conflicts "Count of responses outside supplied form routing"
r; t=0.00 20:00:09

. label variable qc_age "Age outside 18-35 or noninteger/missing"
r; t=0.00 20:00:09

. label variable qc_eligibility "Consent, screener or age eligibility issue"
r; t=0.00 20:00:09

. label variable qc_ward "Ward nonpositive or noninteger"
r; t=0.00 20:00:09

. label variable qc_location_numeric "Local government entered as a number"
r; t=0.00 20:00:09

. label variable qc_gps "GPS outside global bounds or invalid/missing accuracy"
r; t=0.00 20:00:09

. label variable qc_education_routing "Master's second year: Master's institution blank (form excludes)"
r; t=0.01 20:00:09

. label variable qc_duplicate_id "Other records sharing submission ID"
r; t=0.00 20:00:09

. label variable qc_duplicate_uuid "Other records sharing submission UUID"
r; t=0.00 20:00:09

. foreach v in qc_age qc_eligibility qc_ward qc_location_numeric qc_gps qc_education_routing {
  2.     label values `v' qc
  3. }
r; t=0.00 20:00:09

. generate byte qc_review = qc_unknown_codes > 0 | qc_required_missing > 0 | qc_skip_conflicts > 0 | qc_age | qc_eligibil
> ity | qc_ward | qc_location_numeric | qc_gps | qc_education_routing | qc_duplicate_id > 0 | qc_duplicate_uuid > 0
r; t=0.00 20:00:09

. label variable qc_review "At least one substantive data-quality flag; review required"
r; t=0.00 20:00:09

. label values qc_review qc
r; t=0.00 20:00:09

. label data "Youth and Aspirations Perception Survey: cleaned, review flags retained"
r; t=0.00 20:00:09

. notes _dta: All original records retained. Source snapshot preserves all 155 Excel columns.
r; t=0.00 20:00:09

. notes _dta: Full English and Nepali question text stored in variable characteristics; English in notes.
r; t=0.00 20:00:09

. notes _dta: .r refusal; .d explicit don't know; .u unmapped response; . ordinary blank. ms_* distinguishes routing from
>  item missingness.
r; t=0.00 20:00:09

. notes _dta: Numeric substantive choice codes and scale direction retained. String choices mapped explicitly in do-file.
>  Do not interpret category means as scale scores without defining the scale.
r; t=0.00 20:00:09

. notes _dta: Duplicate question numbering in section 3 is retained in question text; original unique form names identify
>  separate items.
r; t=0.00 20:00:09

. notes _dta: User confirmed religion code 41 = Buddhist. Geography receives case/whitespace normalization only. Educatio
> n routing omission flagged, not filled.
r; t=0.00 20:00:09

. notes _dta: User requested that treatment of the 13 older-version provincial-voting responses remain pending. Answers a
> re retained and flagged; no exclusion is implied.
r; t=0.00 20:00:09

. order source_row submission_id submission_uuid interview_date interview_time interviewer province local_government ward
>  age gender education
r; t=0.00 20:00:09

. sort source_row
r; t=0.00 20:00:09

. assert _N == `imported_rows'
r; t=0.00 20:00:09

. isid source_row
r; t=0.01 20:00:09

. isid submission_id
r; t=0.01 20:00:09

. isid submission_uuid
r; t=0.01 20:00:09

. compress
  variable source_row was long now int
  variable qc_unknown_codes was int now byte
  variable qc_required_missing was int now byte
  variable qc_skip_conflicts was int now byte
  variable qc_applicable_missing was int now byte
  variable interview_date was double now int
  variable interview_time was double now long
  variable interviewer was double now byte
  variable province was double now byte
  variable gender was double now byte
  variable education was double now byte
  variable consent_agree was double now byte
  variable screener was double now byte
  variable edu_school was double now byte
  variable edu_plus2 was double now byte
  variable edu_bachelors was double now byte
  variable edu_masters was double now byte
  variable ethnicity was double now byte
  variable religious_belief was double now byte
  variable religion was double now byte
  variable marital_status was double now byte
  variable life_place was double now byte
  variable family_abroad was double now byte
  variable family_returned was double now byte
  variable migration_plan was double now byte
  variable abroad_purpose was double now byte
  variable nepal_plan was double now byte
  variable q2_1 was double now byte
  variable q2_2 was double now byte
  variable q2_3 was double now byte
  variable q2_4 was double now byte
  variable q2_4_1 was double now byte
  variable q2_5 was double now byte
  variable q2_5_1 was double now byte
  variable q2_6 was double now byte
  variable q2_6_1 was double now byte
  variable q2_7 was double now byte
  variable q2_7_1 was double now byte
  variable q2_8_1 was double now byte
  variable q2_8_2 was double now byte
  variable q2_8_3 was double now byte
  variable q2_8_4 was double now byte
  variable q2_8_5 was double now byte
  variable q2_8_6 was double now byte
  variable q2_9 was double now byte
  variable q3_1_1 was double now byte
  variable q3_1_2 was double now byte
  variable q3_1_2_001 was double now byte
  variable q3_1_3 was double now byte
  variable q3_1_3_001 was double now byte
  variable q3_1_4 was double now byte
  variable q3_1_5 was double now byte
  variable q3_1_6 was double now byte
  variable q3_1_7 was double now byte
  variable q3_2 was double now byte
  variable q3_3 was double now byte
  variable q3_4 was double now byte
  variable q3_5 was double now byte
  variable q3_6 was double now byte
  variable q3_7 was double now byte
  variable q3_8 was double now byte
  variable q3_9 was double now byte
  variable q3_10_11 was double now byte
  variable q3_10_11_001 was double now byte
  variable q3_10_12 was double now byte
  variable q3_10_13 was double now byte
  variable q3_10_14 was double now byte
  variable q3_10_15 was double now byte
  variable q3_10_16 was double now byte
  variable q3_10_17 was double now byte
  variable q3_11_1 was double now byte
  variable q3_11_2 was double now byte
  variable q3_11_3 was double now byte
  variable q3_11_4 was double now byte
  variable q4_1 was double now byte
  variable q4_2_1 was double now byte
  variable q4_2_2 was double now byte
  variable q4_2_3 was double now byte
  variable q4_2_4 was double now byte
  variable q4_2_5 was double now byte
  variable q4_2_6 was double now byte
  variable q4_2_7 was double now byte
  variable q4_2_8 was double now byte
  variable q4_3 was double now byte
  variable q4_4 was double now byte
  variable q4_5 was double now byte
  variable q4_6 was double now byte
  variable q4_7 was double now byte
  variable q4_8 was double now byte
  variable q5_1 was double now byte
  variable q5_2_1 was double now byte
  variable q5_2_2 was double now byte
  variable q5_2_3 was double now byte
  variable q5_2_4 was double now byte
  variable q5_2_5 was double now byte
  variable q5_2_6 was double now byte
  variable q5_3 was double now byte
  variable q5_4 was double now byte
  variable q5_5 was double now byte
  variable q5_6_1 was double now byte
  variable q5_6_2 was double now byte
  variable q5_6_3 was double now byte
  variable q5_6_4 was double now byte
  variable q5_6_5 was double now byte
  variable q5_6_6 was double now byte
  variable q5_6_7 was double now byte
  variable q5_7_1 was double now byte
  variable q5_7_2 was double now byte
  variable q5_7_3 was double now byte
  variable q5_7_4 was double now byte
  variable consent_agree_raw was str13 now str1
  variable screener_raw was str8 now str1
  variable interview_date_raw was str14 now str9
  variable interviewer_raw was str16 now str7
  variable gender_raw was str6 now str1
  variable gender_other was str12 now str1
  variable education_raw was str9 now str1
  variable edu_school_raw was str10 now str1
  variable edu_plus2_raw was str9 now str1
  variable edu_bachelors_raw was str13 now str1
  variable edu_masters_raw was str11 now str1
  variable ethnicity_raw was str33 now str1
  variable religious_belief_raw was str16 now str1
  variable religion_raw was str40 now str17
  variable marital_status_raw was str14 now str1
  variable life_place_raw was str10 now str1
  variable family_abroad_raw was str13 now str1
  variable family_returned_raw was str15 now str1
  variable migration_plan_raw was str14 now str1
  variable abroad_purpose_raw was str14 now str1
  variable nepal_plan_raw was str10 now str1
  variable q2_1_raw was str4 now str1
  variable q2_2_raw was str4 now str1
  variable q2_3_raw was str4 now str1
  variable q2_4_raw was str4 now str1
  variable q2_5_raw was str4 now str1
  variable q2_6_raw was str4 now str3
  variable q2_7_raw was str4 now str1
  variable q2_7_1_raw was str6 now str1
  variable q2_8_1_raw was str6 now str1
  variable q2_8_2_raw was str6 now str1
  variable q2_8_3_raw was str6 now str1
  variable q2_8_4_raw was str6 now str1
  variable q2_8_5_raw was str6 now str1
  variable q2_8_6_raw was str6 now str1
  variable q2_9_raw was str4 now str1
  variable q3_1_1_raw was str6 now str3
  variable q3_1_2_raw was str6 now str1
  variable q3_1_2_001_raw was str10 now str3
  variable q3_1_3_raw was str6 now str1
  variable q3_1_3_001_raw was str10 now str3
  variable q3_1_4_raw was str6 now str3
  variable q3_1_5_raw was str6 now str1
  variable q3_1_6_raw was str6 now str1
  variable q3_1_7_raw was str6 now str3
  variable q3_2_raw was str4 now str3
  variable q3_3_raw was str4 now str1
  variable q3_4_raw was str4 now str1
  variable q3_5_raw was str4 now str3
  variable q3_6_raw was str4 now str1
  variable q3_7_raw was str4 now str3
  variable q3_8_raw was str4 now str1
  variable q3_9_raw was str4 now str1
  variable q3_10_11_raw was str8 now str3
  variable q3_10_11_001_raw was str12 now str9
  variable q3_10_12_raw was str8 now str1
  variable q3_10_13_raw was str8 now str3
  variable q3_10_14_raw was str8 now str1
  variable q3_10_15_raw was str8 now str1
  variable q3_10_16_raw was str8 now str3
  variable q3_10_17_raw was str8 now str1
  variable q3_11_1_raw was str7 now str3
  variable q3_11_2_raw was str7 now str1
  variable q3_11_3_raw was str7 now str1
  variable q3_11_4_raw was str7 now str3
  variable q4_1_raw was str4 now str1
  variable q4_2_1_raw was str6 now str3
  variable q4_2_2_raw was str6 now str1
  variable q4_2_3_raw was str6 now str1
  variable q4_2_4_raw was str6 now str1
  variable q4_2_5_raw was str6 now str1
  variable q4_2_6_raw was str6 now str3
  variable q4_2_7_raw was str6 now str1
  variable q4_2_8_raw was str6 now str3
  variable q4_3_raw was str4 now str3
  variable q4_4_raw was str4 now str3
  variable q4_5_raw was str4 now str3
  variable q4_6_raw was str4 now str1
  variable q4_7_raw was str4 now str1
  variable q4_8_raw was str4 now str1
  variable q5_1_raw was str4 now str3
  variable q5_2_1_raw was str6 now str3
  variable q5_2_2_raw was str6 now str3
  variable q5_2_3_raw was str6 now str3
  variable q5_2_4_raw was str6 now str3
  variable q5_2_5_raw was str6 now str3
  variable q5_2_6_raw was str6 now str3
  variable q5_3_raw was str4 now str3
  variable q5_4_raw was str4 now str1
  variable q5_5_raw was str4 now str1
  variable q5_6_1_raw was str6 now str3
  variable q5_6_2_raw was str6 now str3
  variable q5_6_3_raw was str6 now str1
  variable q5_6_4_raw was str6 now str1
  variable q5_6_5_raw was str6 now str1
  variable q5_6_6_raw was str6 now str1
  variable q5_6_7_raw was str6 now str3
  variable q5_7_1_raw was str6 now str3
  variable q5_7_2_raw was str6 now str1
  variable q5_7_3_raw was str6 now str3
  variable q5_7_4_raw was str6 now str1
  variable validation_status was str18 now str1
  variable submission_notes was str6 now str1
  variable submitted_by was str13 now str10
  variable submission_tags was str5 now str1
  (1,165,996 bytes saved)
r; t=0.07 20:00:09

. save "$data_clean/survey_cleaned.dta", replace
file C:/Users/ACER/OneDrive - Samriddhi Foundation/Projects/FNF/1_data/2_clean/survey_cleaned.dta saved
r; t=0.01 20:00:09

. 
. * Record-level audit and geography inventory, generated from the saved data.
. preserve
r; t=0.00 20:00:09

. keep source_row submission_id submission_uuid form_version qc_* ms_* religion_raw education edu_masters_raw local_gover
> nment_raw ward_raw
r; t=0.00 20:00:09

. export delimited using "$output/cleaning_review.csv", replace
file C:/Users/ACER/OneDrive - Samriddhi Foundation/Projects/FNF/6_output/cleaning_review.csv saved
r; t=0.03 20:00:09

. restore
r; t=0.00 20:00:09

. preserve
r; t=0.00 20:00:09

. contract province local_government_raw local_government, freq(responses)
r; t=0.01 20:00:09

. decode province, generate(province_label)
r; t=0.00 20:00:09

. sort province local_government
r; t=0.00 20:00:09

. export delimited using "$output/local_government_review.csv", replace
file C:/Users/ACER/OneDrive - Samriddhi Foundation/Projects/FNF/6_output/local_government_review.csv saved
r; t=0.00 20:00:09

. restore
r; t=0.00 20:00:09

. preserve
r; t=0.00 20:00:09

. describe, replace clear
r; t=0.00 20:00:09

. export delimited using "$output/stata_variable_dictionary.csv", replace
file C:/Users/ACER/OneDrive - Samriddhi Foundation/Projects/FNF/6_output/stata_variable_dictionary.csv saved
r; t=0.00 20:00:09

. restore
r; t=0.00 20:00:09

. describe

Contains data from C:/Users/ACER/OneDrive - Samriddhi Foundation/Projects/FNF/1_data/2_clean/survey_cleaned.dta
 Observations:           884                  Youth and Aspirations Perception Survey: cleaned, review flags retained
    Variables:           271                  17 Sep 2026 20:00
                                              (_dta has notes)
-------------------------------------------------------------------------------------------------------------------------
Variable      Storage   Display    Value
    name         type    format    label      Variable label
-------------------------------------------------------------------------------------------------------------------------
source_row      int     %12.0g                Row in original Excel workbook, including header
submission_id   long    %10.0g              * Submission ID (Kobo)
submission_uuid str36   %36s                * Submission UUID (Kobo)
interview_date  int     %td..                 Interview date (local calendar date)
interview_time  long    %tc..                 Interview local time of day (+05:45), milliseconds
interviewer     byte    %33.0g     vl_xq9zw28
                                            * Interviewer
province        byte    %33.0g     vl_ar01j09
                                            * Province (explicit codes follow supplied choice-list order)
local_governm~t str61   %61s                * Local government: normalized case and whitespace only
ward            byte    %10.0g              * Ward number
age             byte    %10.0g              * 1.1 Age in completed years
gender          byte    %33.0g     vl_gender
                                            * 1.2 Gender
education       byte    %33.0g     vl_education
                                            * 1.3 Current education level and year
consent_agree   byte    %33.0g     vl_yes_no
                                            * Consent to participate
consent_agree~w str1    %9s                 * Original code: consent_agree
screener        byte    %33.0g     vl_screener
                                            * Eligible: age 18-35 and student at sampled institution
screener_raw    str1    %9s                 * Original code: screener
interview_dat~w str9    %9s                 * Interview date
interview_tim~w str18   %18s                * Interview time
interviewer_raw str7    %9s                 * Original code: interviewer
province_raw    str12   %12s                * Original code: province
gender_raw      str1    %9s                 * Original code: gender
gender_other    str1    %9s                 * 1.2 Gender: other, specified
education_raw   str1    %9s                 * Original code: education
edu_school      byte    %33.0g     vl_private_public
                                            * 1.3.1 SLC/SEE school: private or public
edu_school_raw  str1    %9s                 * Original code: edu_school
edu_plus2       byte    %33.0g     vl_private_public
                                            * 1.3.2 Plus-two institution: private or public
edu_plus2_raw   str1    %9s                 * Original code: edu_plus2
edu_bachelors   byte    %33.0g     vl_private_public
                                            * 1.3.3 Bachelor's institution: private or public
edu_bachelors~w str1    %9s                 * Original code: edu_bachelors
edu_masters     byte    %33.0g     vl_private_public
                                            * 1.3.4 Master's or higher institution: private or public
edu_masters_raw str1    %9s                 * Original code: edu_masters
ethnicity       byte    %33.0g     vl_cp3qw00
                                            * 1.4 Caste/ethnicity
ethnicity_raw   str1    %9s                 * Original code: ethnicity
religious_bel~f byte    %33.0g     vl_yes_no_unsure
                                            * 1.5 Considers self a person with religious beliefs
religious_bel~w str1    %9s                 * Original code: religious_belief
religion        byte    %33.0g     vl_hn9bp27
                                            * 1.6 Religion
religion_raw    str17   %17s                * Original code: religion
marital_status  byte    %33.0g     vl_marital
                                            * 1.7 Marital status
marital_statu~w str1    %9s                 * Original code: marital_status
life_place      byte    %33.0g     vl_urban_rural
                                            * 1.8 Urban/rural location of most of life
life_place_raw  str1    %9s                 * Original code: life_place
family_abroad   byte    %33.0g     vl_yes_no_pns
                                            * 1.9 Close family member has lived or lives abroad
family_abroad~w str1    %9s                 * Original code: family_abroad
family_returned byte    %33.0g     vl_yes_no_dk_pns
                                            * 1.9.1 Family member abroad returned permanently
family_return~w str1    %9s                 * Original code: family_returned
migration_plan  byte    %33.0g     vl_migration_plan
                                            * 1.10 Plans to go abroad or stay in Nepal
migration_pla~w str1    %9s                 * Original code: migration_plan
abroad_purpose  byte    %33.0g     vl_abroad_purpose
                                            * 1.10.1a Purpose of going abroad
abroad_purpos~w str1    %9s                 * Original code: abroad_purpose
nepal_plan      byte    %33.0g     vl_nepal_plan
                                            * 1.10.1b Plans while staying in Nepal
nepal_plan_raw  str1    %9s                 * Original code: nepal_plan
q2_1            byte    %33.0g     vl_agree5
                                            * 2.1 Agreement: politics is central to living in Nepal
q2_1_raw        str1    %9s                 * Original code: q2_1
q2_2            byte    %33.0g     vl_newsfreq
                                            * 2.2 Frequency of following political news
q2_2_raw        str1    %9s                 * Original code: q2_2
q2_3            byte    %33.0g     vl_yes_no_pns
                                            * 2.3 Active involvement in politics/political organizations
q2_3_raw        str1    %9s                 * Original code: q2_3
q2_4            byte    %39.0g     vl_vote  * 2.4 Voted in 2022 federal election
q2_4_raw        str1    %9s                 * Original code: q2_4
q2_4_1          byte    %42.0g     vl_nonvote_reason
                                            * 2.4.1 Reason for not voting: federal
q2_4_1_raw      str21   %21s                * Original code: q2_4_1
q2_4_1_other    str79   %79s                * 2.4.1 Other reason for not voting: federal
q2_5            byte    %39.0g     vl_vote  * 2.5 Voted in 2022 provincial election
q2_5_raw        str1    %9s                 * Original code: q2_5
q2_5_1          byte    %42.0g     vl_nonvote_reason
                                            * 2.5.1 Reason for not voting: provincial
q2_5_1_raw      str21   %21s                * Original code: q2_5_1
q2_5_1_other    str79   %79s                * 2.5.1 Other reason for not voting: provincial
q2_6            byte    %39.0g     vl_vote  * 2.6 Voted in 2022 local election
q2_6_raw        str3    %9s                 * Original code: q2_6
q2_6_1          byte    %42.0g     vl_nonvote_reason
                                            * 2.6.1 Reason for not voting: local
q2_6_1_raw      str21   %21s                * Original code: q2_6_1
q2_6_1_other    str79   %79s                * 2.6.1 Other reason for not voting: local
q2_7            byte    %33.0g     vl_future_vote
                                            * 2.7 Likelihood of voting in 2027 local elections
q2_7_raw        str1    %9s                 * Original code: q2_7
q2_7_1          byte    %41.0g     vl_unlikely_reason
                                            * 2.7.1 Reason unlikely to vote in 2027 local elections
q2_7_1_raw      str1    %9s                 * Original code: q2_7_1
q2_8_1          byte    %33.0g     vl_civic_yes_no
                                            * 2.8.1 Past 12 months: Attended campaign/rally
q2_8_1_raw      str1    %9s                 * Original code: q2_8_1
q2_8_2          byte    %33.0g     vl_civic_yes_no
                                            * 2.8.2 Past 12 months: Volunteered for party/campaign
q2_8_2_raw      str1    %9s                 * Original code: q2_8_2
q2_8_3          byte    %33.0g     vl_civic_yes_no
                                            * 2.8.3 Past 12 months: Joined protest/demonstration
q2_8_3_raw      str1    %9s                 * Original code: q2_8_3
q2_8_4          byte    %33.0g     vl_civic_yes_no
                                            * 2.8.4 Past 12 months: Joined public meeting/discussion
q2_8_4_raw      str1    %9s                 * Original code: q2_8_4
q2_8_5          byte    %33.0g     vl_civic_yes_no
                                            * 2.8.5 Past 12 months: Contacted elected representative
q2_8_5_raw      str1    %9s                 * Original code: q2_8_5
q2_8_6          byte    %33.0g     vl_civic_yes_no
                                            * 2.8.6 Past 12 months: Joined ward user committee
q2_8_6_raw      str1    %9s                 * Original code: q2_8_6
q2_9            byte    %33.0g     vl_confidence
                                            * 2.9 Confidence in influencing government decisions
q2_9_raw        str1    %9s                 * Original code: q2_9
q3_1_1          byte    %33.0g     vl_agree5
                                            * Nepal instability cause: Government changes/party conflict
q3_1_1_raw      str3    %9s                 * Original code: q3_1_1
q3_1_2          byte    %33.0g     vl_agree5
                                            * Nepal instability cause: Policy formulation failure
q3_1_2_raw      str1    %9s                 * Original code: q3_1_2
q3_1_2_001      byte    %33.0g     vl_vx7xv18
                                            * Nepal instability cause: Policy implementation failure
q3_1_2_001_raw  str3    %9s                 * Original code: q3_1_2_001
q3_1_3          byte    %33.0g     vl_agree5
                                            * Nepal instability cause: Corruption
q3_1_3_raw      str1    %9s                 * Original code: q3_1_3
q3_1_3_001      byte    %33.0g     vl_fx1wd71
                                            * Nepal instability cause: Lack of accountability
q3_1_3_001_raw  str3    %9s                 * Original code: q3_1_3_001
q3_1_4          byte    %33.0g     vl_agree5
                                            * Nepal instability cause: Protests/violence/civic unrest
q3_1_4_raw      str3    %9s                 * Original code: q3_1_4
q3_1_5          byte    %33.0g     vl_agree5
                                            * Nepal instability cause: Transfers of government officials
q3_1_5_raw      str1    %9s                 * Original code: q3_1_5
q3_1_6          byte    %33.0g     vl_agree5
                                            * Nepal instability cause: Conflict between government tiers
q3_1_6_raw      str1    %9s                 * Original code: q3_1_6
q3_1_7          byte    %33.0g     vl_agree5
                                            * Nepal instability cause: Foreign/external influence
q3_1_7_raw      str3    %9s                 * Original code: q3_1_7
q3_2            byte    %33.0g     vl_stability
                                            * 3.2 Political stability of Nepal today
q3_2_raw        str3    %9s                 * Original code: q3_2
q3_3            byte    %33.0g     vl_comparison
                                            * 3.3 Nepal stability compared with one year ago
q3_3_raw        str1    %9s                 * Original code: q3_3
q3_4            byte    %33.0g     vl_comparison
                                            * 3.4 Nepal stability compared with five years ago
q3_4_raw        str1    %9s                 * Original code: q3_4
q3_5            byte    %33.0g     vl_comparison
                                            * 3.5 Expected Nepal stability in five years
q3_5_raw        str3    %9s                 * Original code: q3_5
q3_6            byte    %33.0g     vl_likelihood
                                            * 3.6 Likelihood government changes within one year
q3_6_raw        str1    %9s                 * Original code: q3_6
q3_7            byte    %33.0g     vl_likelihood
                                            * 3.7 Likelihood government changes before next federal election
q3_7_raw        str3    %9s                 * Original code: q3_7
q3_8            byte    %33.0g     vl_likelihood
                                            * 3.8 Likelihood of major political event within five years
q3_8_raw        str1    %9s                 * Original code: q3_8
q3_9            byte    %33.0g     vl_likelihood
                                            * 3.9 Likelihood of new political force within five years
q3_9_raw        str1    %9s                 * Original code: q3_9
q3_10_11        byte    %33.0g     vl_agree5
                                            * Nepal stability risk: Corruption
q3_10_11_raw    str3    %9s                 * Original code: q3_10_11
q3_10_11_001    byte    %33.0g     vl_sn7om92
                                            * Nepal stability risk: Lack of accountability
q3_10_11_001_~w str9    %9s                 * Original code: q3_10_11_001
q3_10_12        byte    %33.0g     vl_agree5
                                            * Nepal stability risk: Unemployment/economic opportunities
q3_10_12_raw    str1    %9s                 * Original code: q3_10_12
q3_10_13        byte    %33.0g     vl_agree5
                                            * Nepal stability risk: Political exclusion
q3_10_13_raw    str3    %9s                 * Original code: q3_10_13
q3_10_14        byte    %33.0g     vl_agree5
                                            * Nepal stability risk: Rising cost of living
q3_10_14_raw    str1    %9s                 * Original code: q3_10_14
q3_10_15        byte    %33.0g     vl_agree5
                                            * Nepal stability risk: Social media misinformation
q3_10_15_raw    str1    %9s                 * Original code: q3_10_15
q3_10_16        byte    %33.0g     vl_agree5
                                            * Nepal stability risk: Foreign/external influence
q3_10_16_raw    str3    %9s                 * Original code: q3_10_16
q3_10_17        byte    %33.0g     vl_agree5
                                            * Nepal stability risk: Ethnic/religious conflict
q3_10_17_raw    str1    %9s                 * Original code: q3_10_17
q3_11_1         byte    %33.0g     vl_agree5
                                            * Nepal hope: Governance/anti-corruption reforms
q3_11_1_raw     str3    %9s                 * Original code: q3_11_1
q3_11_2         byte    %33.0g     vl_agree5
                                            * Nepal hope: Youth political participation
q3_11_2_raw     str1    %9s                 * Original code: q3_11_2
q3_11_3         byte    %33.0g     vl_agree5
                                            * Nepal hope: Improved democracy
q3_11_3_raw     str1    %9s                 * Original code: q3_11_3
q3_11_4         byte    %33.0g     vl_agree5
                                            * Nepal hope: Economic/employment prospects
q3_11_4_raw     str3    %9s                 * Original code: q3_11_4
q4_1            byte    %33.0g     vl_follow_genz
                                            * 4.1 Attention to September 8 Gen-Z protest and subsequent politics
q4_1_raw        str1    %9s                 * Original code: q4_1
q4_2_1          byte    %33.0g     vl_agree5
                                            * Gen-Z protest cause: Corruption
q4_2_1_raw      str3    %9s                 * Original code: q4_2_1
q4_2_2          byte    %33.0g     vl_agree5
                                            * Gen-Z protest cause: Poor public services
q4_2_2_raw      str1    %9s                 * Original code: q4_2_2
q4_2_3          byte    %33.0g     vl_agree5
                                            * Gen-Z protest cause: Unemployment/economic opportunities
q4_2_3_raw      str1    %9s                 * Original code: q4_2_3
q4_2_4          byte    %33.0g     vl_agree5
                                            * Gen-Z protest cause: Rising cost of living
q4_2_4_raw      str1    %9s                 * Original code: q4_2_4
q4_2_5          byte    %33.0g     vl_agree5
                                            * Gen-Z protest cause: Distrust of leaders/parties/institutions
q4_2_5_raw      str1    %9s                 * Original code: q4_2_5
q4_2_6          byte    %33.0g     vl_agree5
                                            * Gen-Z protest cause: Nepotism/elite capture
q4_2_6_raw      str3    %9s                 * Original code: q4_2_6
q4_2_7          byte    %33.0g     vl_agree5
                                            * Gen-Z protest cause: Social media ban
q4_2_7_raw      str1    %9s                 * Original code: q4_2_7
q4_2_8          byte    %33.0g     vl_agree5
                                            * Gen-Z protest cause: Foreign/external influence
q4_2_8_raw      str3    %9s                 * Original code: q4_2_8
q4_3            byte    %33.0g     vl_agree5
                                            * 4.3 Gen-Z protest: turning point in political history
q4_3_raw        str3    %9s                 * Original code: q4_3
q4_4            byte    %33.0g     vl_agree5
                                            * 4.4 Gen-Z protest: greater youth civic/political participation
q4_4_raw        str3    %9s                 * Original code: q4_4
q4_5            byte    %33.0g     vl_agree5
                                            * 4.5 Gen-Z protest: youth voices included in mainstream politics
q4_5_raw        str3    %9s                 * Original code: q4_5
q4_6            byte    %33.0g     vl_agree5
                                            * 4.6 Gen-Z protest: increased public support for RSP
q4_6_raw        str1    %9s                 * Original code: q4_6
q4_7            byte    %33.0g     vl_agree5
                                            * 4.7 Current government represents youth interests
q4_7_raw        str1    %9s                 * Original code: q4_7
q4_8            byte    %33.0g     vl_agree5
                                            * 4.8 Government will continue to advance youth interests
q4_8_raw        str1    %9s                 * Original code: q4_8
q5_1            byte    %33.0g     vl_south_follow
                                            * 5.1 Attention to protests in other Asian countries
q5_1_raw        str3    %9s                 * Original code: q5_1
q5_2_1          byte    %33.0g     vl_agree6
                                            * South Asia dissent cause: Governance/corruption/public services
q5_2_1_raw      str3    %9s                 * Original code: q5_2_1
q5_2_2          byte    %33.0g     vl_agree6
                                            * South Asia dissent cause: Unemployment/economic opportunities
q5_2_2_raw      str3    %9s                 * Original code: q5_2_2
q5_2_3          byte    %33.0g     vl_agree6
                                            * South Asia dissent cause: Distrust of leaders/parties/institutions
q5_2_3_raw      str3    %9s                 * Original code: q5_2_3
q5_2_4          byte    %33.0g     vl_agree6
                                            * South Asia dissent cause: Political exclusion
q5_2_4_raw      str3    %9s                 * Original code: q5_2_4
q5_2_5          byte    %33.0g     vl_agree6
                                            * South Asia dissent cause: Nepotism/elite capture
q5_2_5_raw      str3    %9s                 * Original code: q5_2_5
q5_2_6          byte    %33.0g     vl_agree6
                                            * South Asia dissent cause: Foreign/external influence
q5_2_6_raw      str3    %9s                 * Original code: q5_2_6
q5_3            byte    %33.0g     vl_agree5
                                            * 5.3 Protests in one country encourage others in South Asia
q5_3_raw        str3    %9s                 * Original code: q5_3
q5_4            byte    %33.0g     vl_south_stability
                                            * 5.4 Political stability of South Asia today
q5_4_raw        str1    %9s                 * Original code: q5_4
q5_5            byte    %33.0g     vl_optimism
                                            * 5.5 Optimism for South Asian stability over next five years
q5_5_raw        str1    %9s                 * Original code: q5_5
q5_6_1          byte    %33.0g     vl_agree5
                                            * South Asia stability risk: Corruption/lack of accountability
q5_6_1_raw      str3    %9s                 * Original code: q5_6_1
q5_6_2          byte    %33.0g     vl_agree5
                                            * South Asia stability risk: Unemployment/economic opportunities
q5_6_2_raw      str3    %9s                 * Original code: q5_6_2
q5_6_3          byte    %33.0g     vl_agree5
                                            * South Asia stability risk: Political exclusion
q5_6_3_raw      str1    %9s                 * Original code: q5_6_3
q5_6_4          byte    %33.0g     vl_agree5
                                            * South Asia stability risk: Rising cost of living
q5_6_4_raw      str1    %9s                 * Original code: q5_6_4
q5_6_5          byte    %33.0g     vl_agree5
                                            * South Asia stability risk: Social media misinformation
q5_6_5_raw      str1    %9s                 * Original code: q5_6_5
q5_6_6          byte    %33.0g     vl_agree5
                                            * South Asia stability risk: Foreign/external influence
q5_6_6_raw      str1    %9s                 * Original code: q5_6_6
q5_6_7          byte    %33.0g     vl_agree5
                                            * South Asia stability risk: Ethnic/religious conflict
q5_6_7_raw      str3    %9s                 * Original code: q5_6_7
q5_7_1          byte    %33.0g     vl_agree5
                                            * South Asia hope: Governance/anti-corruption reforms
q5_7_1_raw      str3    %9s                 * Original code: q5_7_1
q5_7_2          byte    %33.0g     vl_agree5
                                            * South Asia hope: Youth political participation
q5_7_2_raw      str1    %9s                 * Original code: q5_7_2
q5_7_3          byte    %33.0g     vl_agree5
                                            * South Asia hope: Improved democracy
q5_7_3_raw      str3    %9s                 * Original code: q5_7_3
q5_7_4          byte    %33.0g     vl_agree5
                                            * South Asia hope: Economic/employment prospects
q5_7_4_raw      str1    %9s                 * Original code: q5_7_4
gps_raw         str48   %48s                * Original GPS point: latitude longitude altitude accuracy
gps_latitude    double  %10.0g              * GPS latitude (decimal degrees)
gps_longitude   double  %10.0g              * GPS longitude (decimal degrees)
gps_altitude    double  %10.0g              * GPS altitude (metres)
gps_accuracy    double  %10.0g              * GPS horizontal accuracy (metres)
submission_da~w str19   %19s                * Submission date and time: source value, timezone unspecified
validation_st~s str1    %9s                 * Submission validation status
submission_no~s str1    %9s                 * Submission notes
submission_st~s str17   %17s                * Submission status
submitted_by    str10   %10s                * Account submitting the response
form_version    str22   %22s                * Form version identifier
submission_tags str1    %9s                 * Submission tags
root_uuid       str41   %41s                * Root submission UUID
source_index    int     %10.0g              * Original export row index
qc_unknown_co~s byte    %8.0g                 Count of response codes absent from supplied choices
qc_required_m~g byte    %8.0g                 Count of missing required responses within form routing
qc_skip_confl~s byte    %8.0g                 Count of responses outside supplied form routing
qc_applicable~g byte    %8.0g                 Count of missing responses within form routing (incl optional)
ward_raw        str6    %9s                 * Ward: original response, including Nepali digits
local_governm~w str61   %61s                * Local government: original spelling
interview_da~me double  %tc..                 Interview date and time: local (+05:45)
submission_da~e double  %tc..               * Submission datetime as exported; timezone not specified
qc_age          byte    %8.0g      qc         Age outside 18-35 or noninteger/missing
qc_eligibility  byte    %8.0g      qc         Consent, screener or age eligibility issue
qc_ward         byte    %8.0g      qc         Ward nonpositive or noninteger
qc_location_n~c byte    %8.0g      qc         Local government entered as a number
qc_gps          byte    %8.0g      qc         GPS outside global bounds or invalid/missing accuracy
qc_education_~g byte    %8.0g      qc         Master's second year: Master's institution blank (form excludes)
qc_duplicate_id byte    %12.0g                Other records sharing submission ID
qc_duplicat~uid byte    %12.0g                Other records sharing submission UUID
ms_screener     byte    %33.0g     missing_status
                                              Form routing/missingness: screener
ms_gender_other byte    %33.0g     missing_status
                                              Form routing/missingness: gender_other
ms_edu_school   byte    %33.0g     missing_status
                                              Form routing/missingness: edu_school
ms_edu_plus2    byte    %33.0g     missing_status
                                              Form routing/missingness: edu_plus2
ms_edu_bachel~s byte    %33.0g     missing_status
                                              Form routing/missingness: edu_bachelors
ms_edu_masters  byte    %33.0g     missing_status
                                              Form routing/missingness: edu_masters
ms_religion     byte    %33.0g     missing_status
                                              Form routing/missingness: religion
ms_family_ret~d byte    %33.0g     missing_status
                                              Form routing/missingness: family_returned
ms_abroad_pur~e byte    %33.0g     missing_status
                                              Form routing/missingness: abroad_purpose
ms_nepal_plan   byte    %33.0g     missing_status
                                              Form routing/missingness: nepal_plan
ms_q2_4         byte    %33.0g     missing_status
                                              Form routing/missingness: q2_4
ms_q2_4_1       byte    %33.0g     missing_status
                                              Form routing/missingness: q2_4_1
ms_q2_4_1_other byte    %33.0g     missing_status
                                              Form routing/missingness: q2_4_1_other
ms_q2_5         byte    %33.0g     missing_status
                                              Form routing/missingness: q2_5
ms_q2_5_1       byte    %33.0g     missing_status
                                              Form routing/missingness: q2_5_1
ms_q2_5_1_other byte    %33.0g     missing_status
                                              Form routing/missingness: q2_5_1_other
ms_q2_6         byte    %33.0g     missing_status
                                              Form routing/missingness: q2_6
ms_q2_6_1       byte    %33.0g     missing_status
                                              Form routing/missingness: q2_6_1
ms_q2_6_1_other byte    %33.0g     missing_status
                                              Form routing/missingness: q2_6_1_other
ms_q2_7_1       byte    %33.0g     missing_status
                                              Form routing/missingness: q2_7_1
qc_review       byte    %8.0g      qc         At least one substantive data-quality flag; review required
                                            * indicated variables have notes
-------------------------------------------------------------------------------------------------------------------------
Sorted by: source_row
r; t=0.00 20:00:09

. summarize qc_*

    Variable |        Obs        Mean    Std. dev.       Min        Max
-------------+---------------------------------------------------------
qc_unknown~s |        884           0           0          0          0
qc_require~g |        884           0           0          0          0
qc_skip_co~s |        884    .0147059     .120441          0          1
qc_applica~g |        884    .1300905     .349793          0          3
      qc_age |        884           0           0          0          0
-------------+---------------------------------------------------------
qc_eligibi~y |        884           0           0          0          0
     qc_ward |        884           0           0          0          0
qc_locatio~c |        884    .0011312    .0336336          0          1
      qc_gps |        884           0           0          0          0
qc_educati~g |        884    .0395928    .1951108          0          1
-------------+---------------------------------------------------------
qc_dupli~_id |        884           0           0          0          0
qc_dupli~uid |        884           0           0          0          0
   qc_review |        884    .0542986    .2267343          0          1
r; t=0.00 20:00:09

. tabulate form_version, missing

          Form version |
            identifier |      Freq.     Percent        Cum.
-----------------------+-----------------------------------
vbyDnUDjDtHU4iAauqfqE5 |        836       94.57       94.57
vpbFT9pkYfFQQ9Vck8AQdu |         48        5.43      100.00
-----------------------+-----------------------------------
                 Total |        884      100.00
r; t=0.00 20:00:09

. tabulate religion, missing

                     1.6 Religion |      Freq.     Percent        Cum.
----------------------------------+-----------------------------------
                            Hindu |        770       87.10       87.10
                           Muslim |         21        2.38       89.48
                        Christian |         31        3.51       92.99
                         Buddhist |         34        3.85       96.83
                           Others |         11        1.24       98.08
                                . |         15        1.70       99.77
                Prefer not to say |          2        0.23      100.00
----------------------------------+-----------------------------------
                            Total |        884      100.00
r; t=0.00 20:00:09

. tabulate education, missing

  1.3 Current education level and |
                             year |      Freq.     Percent        Cum.
----------------------------------+-----------------------------------
               Bachelors 1st year |        166       18.78       18.78
               Bachelors 2nd year |        182       20.59       39.37
               Bachelors 3rd year |        226       25.57       64.93
               Bachelors 4th year |        188       21.27       86.20
               Bachelors 5th year |         16        1.81       88.01
                 Masters 1st year |         70        7.92       95.93
                 Masters 2nd year |         35        3.96       99.89
                              PHD |          1        0.11      100.00
----------------------------------+-----------------------------------
                            Total |        884      100.00
r; t=0.00 20:00:09

. count if qc_review
  48
r; t=0.00 20:00:09

. display as result "Records requiring review: " r(N)
Records requiring review: 48
r; t=0.00 20:00:09

. display as result "Cleaning completed; original observations retained: " _N
Cleaning completed; original observations retained: 884
r; t=0.00 20:00:09

. log close
      name:  <unnamed>
       log:  C:/Users/ACER/OneDrive - Samriddhi Foundation/Projects/FNF/4_log/survey_cleaning.log
  log type:  text
 closed on:  17 Sep 2026, 20:00:09
-------------------------------------------------------------------------------------------------------------------------
